{
    "nombre": "Aatrox",
    "stats_base": {
        "Vida": 650.0,
        "Vida_por_nivel": 114.0,
        "Regen_Vida": 0.6000000238418579,
        "Regen_Vida_por_nivel": 0.10000000149011612,
        "Daño_Ataque": 60.0,
        "Daño_Ataque_por_nivel": 5.0,
        "Armadura": 38.0,
        "Armadura_por_nivel": 4.800000190734863,
        "Resistencia_Magica_por_nivel": 2.049999952316284,
        "Vel_Movimiento": 345.0,
        "Rango_Ataque": 175.0,
        "Vel_Ataque_base": 0.6510000228881836,
        "Vel_Ataque_ratio": 0.6510000228881836,
        "Vel_Ataque_por_nivel": 2.5,
        "Mana": 0.0,
        "Regen_Mana": 0.0
    },
    "habilidades": {
        "Q": {
            "nombre": "AatroxQAbility/AatroxQ",
            "cooldown": [
                14.0,
                14.0,
                12.0,
                10.0,
                8.0,
                6.0,
                4.0
            ],
            "costo_mana": [],
            "rango": [
                25000.0,
                25000.0,
                25000.0,
                25000.0,
                25000.0,
                25000.0,
                25000.0
            ],
            "daño_base": [
                -5.0,
                10.0,
                25.0,
                40.0,
                55.0,
                70.0,
                85.0
            ],
            "escalado_1": 0.5249999761581421,
            "escalado_2": 0.0,
            "parametros_extra": {
                "QSweetSpotBonus": [
                    0.699999988079071,
                    0.699999988079071,
                    0.699999988079071,
                    0.699999988079071,
                    0.699999988079071,
                    0.699999988079071,
                    0.699999988079071
                ],
                "QKnockupDuration": [
                    0.25,
                    0.25,
                    0.25,
                    0.25,
                    0.25,
                    0.25,
                    0.25
                ],
                "QRampBonus": [
                    0.25,
                    0.25,
                    0.25,
                    0.25,
                    0.25,
                    0.25,
                    0.25
                ],
                "QMonsterBonus": [
                    25.0,
                    25.0,
                    25.0,
                    25.0,
                    25.0,
                    25.0,
                    25.0
                ],
                "QExtensionTime": [
                    4.0,
                    4.0,
                    4.0,
                    4.0,
                    4.0,
                    4.0,
                    4.0
                ]
            }
        },
        "W": {
            "nombre": "AatroxWAbility/AatroxW",
            "cooldown": [
                20.0,
                20.0,
                18.0,
                16.0,
                14.0,
                12.0,
                12.0
            ],
            "costo_mana": [],
            "rango": [
                825.0,
                825.0,
                825.0,
                825.0,
                825.0,
                825.0,
                825.0
            ],
            "daño_base": [
                20.0,
                30.0,
                40.0,
                50.0,
                60.0,
                70.0,
                80.0
            ],
            "escalado_1": 0.4000000059604645,
            "escalado_2": 0.0,
            "parametros_extra": {
                "WSlowPercentage": [
                    -0.25,
                    -0.25,
                    -0.2750000059604645,
                    -0.30000001192092896,
                    -0.32499998807907104,
                    -0.3499999940395355,
                    -0.3499999940395355
                ],
                "WSlowDuration": [
                    1.5,
                    1.5,
                    1.5,
                    1.5,
                    1.5,
                    1.5,
                    1.5
                ]
            }
        },
        "E": {
            "nombre": "AatroxEAbility/AatroxE",
            "cooldown": [
                9.0,
                9.0,
                8.0,
                7.0,
                6.0,
                5.0,
                4.0
            ],
            "costo_mana": [],
            "rango": [
                25000.0,
                25000.0,
                25000.0,
                25000.0,
                25000.0,
                25000.0,
                25000.0
            ],
            "daño_base": [
                30.0,
                26.0,
                22.0,
                18.0,
                14.0,
                10.0,
                6.0
            ],
            "escalado_1": 0.0,
            "escalado_2": 0.0,
            "parametros_extra": {
                "ESpellVamp": [
                    16.0,
                    16.0,
                    16.0,
                    16.0,
                    16.0,
                    16.0,
                    16.0
                ],
                "EBonusAD": [
                    5.0,
                    15.0,
                    25.0,
                    35.0,
                    45.0,
                    55.0,
                    65.0
                ],
                "EResistancePerAD": [
                    5.0,
                    10.0,
                    15.0,
                    20.0,
                    25.0,
                    30.0,
                    35.0
                ],
                "EDashSpeed": [
                    800.0,
                    800.0,
                    800.0,
                    800.0,
                    800.0,
                    800.0,
                    800.0
                ],
                "EMaxRange": [
                    300.0,
                    300.0,
                    300.0,
                    300.0,
                    300.0,
                    300.0,
                    300.0
                ],
                "EDuration": [
                    1.5,
                    1.5,
                    1.5,
                    1.5,
                    1.5,
                    1.5,
                    1.5
                ],
                "EBaseRechargeTime": [
                    30.0,
                    26.0,
                    22.0,
                    18.0,
                    14.0,
                    10.0,
                    6.0
                ],
                "EMinRange": [
                    75.0,
                    75.0,
                    75.0,
                    75.0,
                    75.0,
                    75.0,
                    75.0
                ],
                "ESpellVampEmpowered": [
                    16.0,
                    16.0,
                    16.0,
                    16.0,
                    16.0,
                    16.0,
                    16.0
                ],
                "EVampHPRatio": [
                    0.010999999940395355,
                    0.010999999940395355,
                    0.010999999940395355,
                    0.010999999940395355,
                    0.010999999940395355,
                    0.010999999940395355,
                    0.010999999940395355
                ]
            }
        },
        "R": {
            "nombre": "AatroxRAbility/AatroxR",
            "cooldown": [
                120.0,
                120.0,
                100.0,
                80.0,
                80.0,
                80.0,
                80.0
            ],
            "costo_mana": [],
            "rango": [
                25000.0,
                25000.0,
                25000.0,
                25000.0,
                25000.0,
                25000.0,
                25000.0
            ],
            "daño_base": [],
            "escalado_1": 1.0,
            "escalado_2": 0.0,