{
    "nombre": "Ahri",
    "stats_base": {
        "Vida": 590.0,
        "Vida_por_nivel": 104.0,
        "Regen_Vida": 0.5,
        "Regen_Vida_por_nivel": 0.11999999731779099,
        "Daño_Ataque": 53.0,
        "Daño_Ataque_por_nivel": 3.0,
        "Armadura": 21.0,
        "Armadura_por_nivel": 4.199999809265137,
        "Resistencia_Magica_por_nivel": 1.2999999523162842,
        "Vel_Movimiento": 330.0,
        "Rango_Ataque": 550.0,
        "Vel_Ataque_base": 0.6679999828338623,
        "Vel_Ataque_ratio": 0.625,
        "Vel_Ataque_por_nivel": 2.200000047683716,
        "Mana": 418.0,
        "Mana_por_nivel": 25.0,
        "Regen_Mana": 1.600000023841858,
        "Regen_Mana_por_nivel": 0.1599999964237213
    },
    "habilidades": {
        "Q": {
            "nombre": "AhriQAbility/AhriQ",
            "cooldown": [
                7.0,
                7.0,
                7.0,
                7.0,
                7.0,
                7.0,
                7.0
            ],
            "costo_mana": [
                55.0,
                65.0,
                75.0,
                85.0,
                95.0,
                95.0
            ],
            "rango": [
                25000.0,
                25000.0,
                25000.0,
                25000.0,
                25000.0,
                25000.0,
                25000.0
            ],
            "daño_base": [
                10.0,
                35.0,
                60.0,
                85.0,
                110.0,
                135.0,
                160.0
            ],
            "escalado_1": 0.0,
            "escalado_2": 0.0
        },
        "W": {
            "nombre": "AhriWAbility/AhriW",
            "cooldown": [
                9.0,
                9.0,
                8.0,
                7.0,
                6.0,
                5.0,
                4.0
            ],
            "costo_mana": [
                30.0,
                30.0,
                30.0,
                30.0,
                30.0,
                30.0
            ],
            "rango": [
                600.0,
                600.0,
                600.0,
                600.0,
                600.0,
                600.0,
                600.0
            ],
            "daño_base": [
                2.0,
                2.0,
                2.0,
                2.0,
                2.0,
                2.0,
                2.0
            ],
            "escalado_1": 0.4000000059604645,
            "escalado_2": 0.4000000059604645,
            "parametros_extra": {
                "MovementSpeed": [
                    0.4000000059604645,
                    0.4000000059604645,
                    0.4000000059604645,
                    0.4000000059604645,
                    0.4000000059604645,
                    0.4000000059604645,
                    0.4000000059604645
                ],
                "MovementSpeedDuration": [
                    2.0,
                    2.0,
                    2.0,
                    2.0,
                    2.0,
                    2.0,
                    2.0
                ],
                "AcquisitionRange": [
                    550.0,
                    550.0,
                    550.0,
                    550.0,
                    550.0,
                    550.0,
                    550.0
                ],
                "BonusAcquisitionRange": [
                    725.0,
                    725.0,
                    725.0,
                    725.0,
                    725.0,
                    725.0,
                    725.0
                ],
                "InitialDelay": [
                    0.25,
                    0.25,
                    0.25,
                    0.25,
                    0.25,
                    0.25,
                    0.25
                ],
                "SecondaryDelay": [
                    0.4000000059604645,
                    0.4000000059604645,
                    0.4000000059604645,
                    0.4000000059604645,
                    0.4000000059604645,
                    0.4000000059604645,
                    0.4000000059604645
                ],
                "FlameDuration": [
                    2.5,
                    2.5,
                    2.5,
                    2.5,
                    2.5,
                    2.5,
                    2.5
                ],
                "OrbitRadius": [
                    150.0,
                    150.0,
                    150.0,
                    150.0,
                    150.0,
                    150.0,
                    150.0
                ]
            }
        },
        "E": {
            "nombre": "AhriEAbility/AhriE",
            "cooldown": [
                12.0,
                12.0,
                12.0,
                12.0,
                12.0,
                12.0,
                12.0
            ],
            "costo_mana": [
                60.0,
                60.0,
                60.0,
                60.0,
                60.0,
                60.0
            ],
            "rango": [
                10000.0,
                10000.0,
                10000.0,
                10000.0,
                10000.0,
                10000.0,
                10000.0
            ],
            "daño_base": [
                40.0,
                80.0,
                120.0,
                160.0,
                200.0,
                240.0,
                280.0
            ],
            "escalado_1": 0.8500000238418579,
            "escalado_2": 0.8500000238418579,
            "parametros_extra": {
                "SlowPercent": [
                    -0.6499999761581421,
                    -0.6499999761581421,
                    -0.6499999761581421,
                    -0.6499999761581421,
                    -0.6499999761581421,
                    -0.6499999761581421,
                    -0.6499999761581421
                ],
                "CharmDuration": [
                    1.0499999523162842,
                    1.2000000476837158,
                    1.350000023841858,
                    1.5,
                    1.649999976158142,
                    1.7999999523162842,
                    1.9500000476837158
                ]
            }
        },
        "R": {
            "nombre": "AhriRAbility/AhriR",
            "cooldown": [
                140.0,
                140.0,
                120.0,
                100.0,
                100.0,
                100.0,
                100.0
            ],
            "costo_mana": [
                100.0,
                100.0,
                100.0,
                100.0,
                100.0,
                100.0
            ],
            "rango": [
                25000.0,
                25000.0,
                25000.0,
                25000.0,
                25000.0,
                25000.0,
                25000.0
            ],
            "daño_base": [
                25.0,
                75.0,
                125.0,
                175.0,
                225.0,
                275.0,
                325.0
            ],
            "escalado_1": 0.0,
            "escalado_2": 0.0,
            "parametros_extra": {
                "RMaxTargetsPerCast": [
                    3.0,
                    3.0,
                    3.0,
                    3.0,
                    3.0,
                    3.0,
                    3.0
                ],
                "RMaxCasts": [
                    3.0,
                    3.0,
                    3.0,
                    3.0,
                    3.0,
                    3.0,
                    3.0
                ],