{
    "nombre": "Akali",
    "stats_base": {
        "Vida": 600.0,
        "Vida_por_nivel": 119.0,
        "Regen_Vida": 1.7999999523162842,
        "Regen_Vida_por_nivel": 0.18000000715255737,
        "Daño_Ataque": 62.0,
        "Daño_Ataque_por_nivel": 3.299999952316284,
        "Armadura": 23.0,
        "Armadura_por_nivel": 4.699999809265137,
        "Resistencia_Magica_por_nivel": 2.049999952316284,
        "Vel_Movimiento": 345.0,
        "Rango_Ataque": 125.0,
        "Vel_Ataque_base": 0.625,
        "Vel_Ataque_ratio": 0.625,
        "Vel_Ataque_por_nivel": 3.200000047683716,
        "Mana": 200.0,
        "Regen_Mana": 10.0
    },
    "habilidades": {
        "Q": {
            "nombre": "AkaliQAbility/AkaliQ",
            "cooldown": [
                1.5,
                1.5,
                1.5,
                1.5,
                1.5,
                1.5,
                1.5
            ],
            "costo_mana": [
                110.0,
                100.0,
                90.0,
                80.0,
                70.0,
                60.0
            ],
            "rango": [
                550.0,
                550.0,
                550.0,
                550.0,
                550.0,
                550.0,
                550.0
            ],
            "daño_base": [
                20.0,
                45.0,
                70.0,
                95.0,
                120.0,
                145.0,
                170.0
            ],
            "escalado_1": 0.6499999761581421,
            "escalado_2": 0.6000000238418579,
            "parametros_extra": {
                "SlowDuration": [
                    0.5,
                    0.5,
                    0.5,
                    0.5,
                    0.5,
                    0.5,
                    0.5
                ],
                "SlowPercentage": [
                    0.5,
                    0.5,
                    0.5,
                    0.5,
                    0.5,
                    0.5,
                    0.5
                ]
            }
        },
        "W": {
            "nombre": "AkaliWAbility/AkaliW",
            "cooldown": [
                20.0,
                20.0,
                19.0,
                18.0,
                17.0,
                16.0,
                16.0
            ],
            "costo_mana": [],
            "rango": [
                350.0,
                350.0,
                350.0,
                350.0,
                350.0,
                350.0,
                350.0
            ],
            "daño_base": [
                140.0,
                140.0,
                140.0,
                140.0,
                140.0,
                140.0,
                140.0
            ],
            "escalado_1": 1.2000000476837158,
            "escalado_2": 0.0,
            "parametros_extra": {
                "MovementSpeed": [
                    25.0,
                    30.0,
                    35.0,
                    40.0,
                    45.0,
                    50.0,
                    55.0
                ],
                "EnergyRestore": [
                    100.0,
                    100.0,
                    100.0,
                    100.0,
                    100.0,
                    100.0,
                    100.0
                ],
                "BaseDuration": [
                    4.5,
                    5.0,
                    5.5,
                    6.0,
                    6.5,
                    7.0,
                    7.5
                ],
                "MaxDuration": [
                    6.5,
                    7.0,
                    7.5,
                    8.0,
                    8.5,
                    9.0,
                    9.5
                ],
                "CloudRadius": [
                    140.0,
                    140.0,
                    140.0,
                    140.0,
                    140.0,
                    140.0,
                    140.0
                ],
                "MovementSpeedDuration": [
                    2.0,
                    2.0,
                    2.0,
                    2.0,
                    2.0,
                    2.0,
                    2.0
                ],
                "CherryBonusHaste": [
                    30.0,
                    30.0,
                    30.0,
                    30.0,
                    30.0,
                    30.0,
                    30.0
                ]
            }
        },
        "E": {
            "nombre": "AkaliEAbility/AkaliE",
            "cooldown": [
                16.0,
                16.0,
                14.5,
                13.0,
                11.5,
                10.0,
                8.5
            ],
            "costo_mana": [
                30.0,
                30.0,
                30.0,
                30.0,
                30.0,
                30.0
            ],
            "rango": [
                825.0,
                825.0,
                825.0,
                825.0,
                825.0,
                825.0,
                825.0
            ],
            "daño_base": [
                0.0,
                70.0,
                140.0,
                210.0,
                280.0,
                350.0,
                420.0
            ],
            "escalado_1": 0.699999988079071,
            "escalado_2": 1.0,
            "parametros_extra": {
                "SelfKnockbackRange": [
                    400.0,
                    400.0,
                    400.0,
                    400.0,
                    400.0,
                    400.0,
                    400.0
                ],
                "E1PercentageOfTotal": [
                    0.30000001192092896,
                    0.30000001192092896,
                    0.30000001192092896,
                    0.30000001192092896,
                    0.30000001192092896,
                    0.30000001192092896,
                    0.30000001192092896
                ],
                "E2PercentageOfTotal": [
                    0.699999988079071,
                    0.699999988079071,
                    0.699999988079071,
                    0.699999988079071,
                    0.699999988079071,
                    0.699999988079071,
                    0.699999988079071
                ]
            }
        },
        "R": {
            "nombre": "AkaliRAbility/AkaliR",
            "cooldown": [
                120.0,
                120.0,
                90.0,
                60.0,
                60.0,
                60.0,
                60.0
            ],
            "costo_mana": [],
            "rango": [
                675.0,
                675.0,
                675.0,
                675.0,
                675.0,
                675.0,
                675.0
            ],
            "daño_base": [
                0.0,
                110.0,
                220.0,
                330.0,
                440.0,
                550.0,
                660.0
            ],
            "escalado_1": 0.5,
            "escalado_2": 0.30000001192092896,
            "parametros_extra": {
                "MaxExecuteThreshold": [
                    0.30000001192092896,
                    0.30000001192092896,
                    0.30000001192092896,
                    0.30000001192092896,
                    0.30000001192092896,
                    0.30000001192092896,
                    0.30000001192092896
                ],
                "CooldownBetweenCasts": [
                    2.5,
                    2.5,
                    2.5,
                    2.5,
                    2.5,
                    2.5,
                    2.5
                ],