{
    "nombre": "Akshan",
    "stats_base": {
        "Vida": 610.0,
        "Vida_por_nivel": 107.0,
        "Regen_Vida": 0.75,
        "Regen_Vida_por_nivel": 0.12999999523162842,
        "Daño_Ataque": 52.0,
        "Daño_Ataque_por_nivel": 3.0,
        "Armadura": 26.0,
        "Armadura_por_nivel": 4.699999809265137,
        "Resistencia_Magica_por_nivel": 1.2999999523162842,
        "Vel_Movimiento": 330.0,
        "Rango_Ataque": 500.0,
        "Vel_Ataque_base": 0.6380000114440918,
        "Vel_Ataque_ratio": 0.4000000059604645,
        "Vel_Ataque_por_nivel": 4.0,
        "Mana": 350.0,
        "Mana_por_nivel": 40.0,
        "Regen_Mana": 1.6399999856948853,
        "Regen_Mana_por_nivel": 0.14000000059604645
    },
    "habilidades": {
        "Q": {
            "nombre": "AkshanQAbility/AkshanQ",
            "cooldown": [
                9.0,
                9.0,
                8.0,
                7.0,
                6.0,
                5.0,
                5.0
            ],
            "costo_mana": [
                60.0,
                65.0,
                70.0,
                75.0,
                80.0,
                80.0
            ],
            "rango": [
                750.0,
                750.0,
                750.0,
                750.0,
                750.0,
                750.0,
                750.0
            ],
            "daño_base": [
                15.0,
                45.0,
                75.0,
                105.0,
                135.0,
                165.0,
                195.0
            ],
            "escalado_1": 0.699999988079071,
            "escalado_2": 0.0005000000237487257,
            "parametros_extra": {
                "HasteDuration": [
                    1.0,
                    1.0,
                    1.0,
                    1.0,
                    1.0,
                    1.0,
                    1.0
                ],
                "HasteValue": [
                    0.20000000298023224,
                    0.20000000298023224,
                    0.20000000298023224,
                    0.20000000298023224,
                    0.20000000298023224,
                    0.20000000298023224,
                    0.20000000298023224
                ],
                "ExtensionDistance": [
                    500.0,
                    500.0,
                    500.0,
                    500.0,
                    500.0,
                    500.0,
                    500.0
                ],
                "RevealDuration": [
                    1.0,
                    1.0,
                    1.0,
                    1.0,
                    1.0,
                    1.0,
                    1.0
                ]
            }
        },
        "W": {
            "nombre": "AkshanWAbility/AkshanW",
            "cooldown": [
                10.0,
                18.0,
                14.0,
                10.0,
                6.0,
                2.0,
                10.0
            ],
            "costo_mana": [
                40.0,
                30.0,
                20.0,
                10.0,
                0.0,
                30.0
            ],
            "rango": [
                5000.0,
                5000.0,
                5000.0,
                5000.0,
                5000.0,
                5000.0,
                5000.0
            ],
            "daño_base": [
                3.0,
                3.0,
                3.0,
                3.0,
                3.0,
                3.0,
                3.0
            ],
            "escalado_1": 0.0,
            "escalado_2": 0.0,
            "parametros_extra": {
                "VengeanceDuration": [
                    60.0,
                    60.0,
                    60.0,
                    60.0,
                    60.0,
                    60.0,
                    60.0
                ],
                "MSValue": [
                    70.0,
                    80.0,
                    90.0,
                    100.0,
                    110.0,
                    120.0,
                    130.0
                ],
                "ShredValue": [
                    12.5,
                    15.0,
                    17.5,
                    20.0,
                    22.5,
                    25.0,
                    27.5
                ],
                "DeathTimer": [
                    1.0,
                    1.0,
                    1.0,
                    1.0,
                    1.0,
                    1.0,
                    1.0
                ],
                "PassiveSecondAutoRatio": [
                    0.4000000059604645,
                    0.46000000834465027,
                    0.5199999809265137,
                    0.5799999833106995,
                    0.6399999856948853,
                    0.699999988079071,
                    0.7599999904632568
                ],
                "WallGracePeriod": [
                    2.0,
                    2.0,
                    2.0,
                    2.0,
                    2.0,
                    2.0,
                    2.0
                ],
                "MissingManaRegen": [
                    0.11999999731779099,
                    0.11999999731779099,
                    0.11999999731779099,
                    0.11999999731779099,
                    0.11999999731779099,
                    0.11999999731779099,
                    0.11999999731779099
                ],
                "GoldReward": [
                    100.0,
                    100.0,
                    100.0,
                    100.0,
                    100.0,
                    100.0,
                    100.0
                ],
                "VFXTrailSpeed": [
                    3.0,
                    3.0,
                    3.0,
                    3.0,
                    3.0,
                    3.0,
                    3.0
                ],
                "PassiveWallRange": [
                    175.0,
                    175.0,
                    175.0,
                    175.0,
                    175.0,
                    175.0,
                    175.0
                ],
                "StealthDetectionRange": [
                    800.0,
                    800.0,
                    800.0,
                    800.0,
                    800.0,
                    800.0,
                    800.0
                ],
                "GameModeInteger": [
                    1.0,
                    1.0,
                    1.0,
                    1.0,
                    1.0,
                    1.0,
                    1.0
                ],
                "ReviveHealthPercent": [
                    1.0,
                    1.0,
                    1.0,
                    1.0,
                    1.0,
                    1.0,
                    1.0
                ]
            }
        },
        "E": {
            "nombre": "AkshanEAbility/AkshanE",
            "cooldown": [
                8.0,
                18.0,
                16.5,
                15.0,
                13.5,
                12.0,
                8.0
            ],
            "costo_mana": [
                70.0,
                70.0,
                70.0,
                70.0,
                70.0,
                70.0
            ],
            "rango": [
                800.0,
                800.0,
                800.0,
                800.0,
                800.0,
                800.0,
                800.0
            ],
            "daño_base": [
                0.0,
                8.0,
                16.0,
                24.0,
                32.0,
                40.0,
                48.0
            ],
            "escalado_1": 0.25,
            "escalado_2": 0.0,