{
    "nombre": "Alistar",
    "stats_base": {
        "Vida": 685.0,
        "Vida_por_nivel": 120.0,
        "Regen_Vida": 1.7000000476837158,
        "Regen_Vida_por_nivel": 0.17000000178813934,
        "Daño_Ataque": 62.0,
        "Daño_Ataque_por_nivel": 3.75,
        "Armadura": 40.0,
        "Armadura_por_nivel": 4.699999809265137,
        "Resistencia_Magica_por_nivel": 2.049999952316284,
        "Vel_Movimiento": 330.0,
        "Rango_Ataque": 125.0,
        "Vel_Ataque_base": 0.625,
        "Vel_Ataque_ratio": 0.625,
        "Vel_Ataque_por_nivel": 2.125,
        "Mana": 350.0,
        "Mana_por_nivel": 40.0,
        "Regen_Mana": 1.7000000476837158,
        "Regen_Mana_por_nivel": 0.1599999964237213
    },
    "habilidades": {
        "Q": {
            "nombre": "PulverizeAbility/Pulverize",
            "cooldown": [
                15.0,
                14.0,
                13.0,
                12.0,
                11.0,
                10.0,
                9.0
            ],
            "costo_mana": [
                50.0,
                55.0,
                60.0,
                65.0,
                70.0,
                75.0
            ],
            "rango": [
                330.0,
                330.0,
                330.0,
                330.0,
                330.0,
                330.0,
                330.0
            ],
            "daño_base": [
                20.0,
                60.0,
                100.0,
                140.0,
                180.0,
                220.0,
                260.0
            ],
            "escalado_1": 0.800000011920929,
            "escalado_2": 0.800000011920929,
            "parametros_extra": {
                "AoERadius": [
                    375.0,
                    375.0,
                    375.0,
                    375.0,
                    375.0,
                    375.0,
                    375.0
                ],
                "KnockupDuration": [
                    1.0,
                    1.0,
                    1.0,
                    1.0,
                    1.0,
                    1.0,
                    1.0
                ]
            }
        },
        "W": {
            "nombre": "HeadbuttAbility/Headbutt",
            "cooldown": [
                15.0,
                14.0,
                13.0,
                12.0,
                11.0,
                10.0,
                10.0
            ],
            "costo_mana": [
                50.0,
                55.0,
                60.0,
                65.0,
                70.0,
                75.0
            ],
            "rango": [
                650.0,
                650.0,
                650.0,
                650.0,
                650.0,
                650.0,
                650.0
            ],
            "daño_base": [
                0.0,
                55.0,
                110.0,
                165.0,
                220.0,
                275.0,
                330.0
            ],
            "escalado_1": 1.0,
            "escalado_2": 1.0,
            "parametros_extra": {
                "KnockBackDistance": [
                    700.0,
                    700.0,
                    700.0,
                    700.0,
                    700.0,
                    700.0,
                    700.0
                ],
                "StunDuration": [
                    0.75,
                    0.75,
                    0.75,
                    0.75,
                    0.75,
                    0.75,
                    0.75
                ],
                "KnockUpDuration": [
                    0.75,
                    0.75,
                    0.75,
                    0.75,
                    0.75,
                    0.75,
                    0.75
                ]
            }
        },
        "E": {
            "nombre": "AlistarEAbility/AlistarE",
            "cooldown": [
                12.5,
                12.0,
                11.5,
                11.0,
                10.5,
                10.0,
                9.5
            ],
            "costo_mana": [
                50.0,
                55.0,
                60.0,
                65.0,
                70.0,
                75.0
            ],
            "rango": [
                350.0,
                350.0,
                350.0,
                350.0,
                350.0,
                350.0,
                350.0
            ],
            "daño_base": [
                80.0,
                80.0,
                110.0,
                140.0,
                170.0,
                200.0,
                230.0
            ],
            "escalado_1": 0.699999988079071,
            "escalado_2": 0.699999988079071,
            "parametros_extra": {
                "BonusAARange": [
                    50.0,
                    50.0,
                    50.0,
                    50.0,
                    50.0,
                    50.0,
                    50.0
                ],
                "Duration": [
                    5.0,
                    5.0,
                    5.0,
                    5.0,
                    5.0,
                    5.0,
                    5.0
                ],
                "Radius": [
                    350.0,
                    350.0,
                    350.0,
                    350.0,
                    350.0,
                    350.0,
                    350.0
                ],
                "MaxStacks": [
                    5.0,
                    5.0,
                    5.0,
                    5.0,
                    5.0,
                    5.0,
                    5.0
                ],
                "StunDuration": [
                    1.0,
                    1.0,
                    1.0,
                    1.0,
                    1.0,
                    1.0,
                    1.0
                ],
                "FullChargeDuration": [
                    5.0,
                    5.0,
                    5.0,
                    5.0,
                    5.0,
                    5.0,
                    5.0
                ]
            }
        },
        "R": {
            "nombre": "FerociousHowlAbility/FerociousHowl",
            "cooldown": [
                120.0,
                120.0,
                100.0,
                80.0,
                120.0,
                120.0,
                120.0
            ],
            "costo_mana": [
                100.0,
                100.0,
                100.0,
                0.0,
                0.0,
                0.0
            ],
            "rango": [
                1.0,
                1.0,
                1.0,
                1.0,
                1.0,
                1.0,
                1.0
            ],
            "daño_base": [
                45.0,
                55.0,
                65.0,
                75.0,
                85.0,
                95.0,
                105.0
            ],
            "escalado_1": 0.0,
            "escalado_2": 0.0,
            "parametros_extra": {
                "RDuration": [
                    7.0,
                    7.0,
                    7.0,
                    7.0,
                    7.0,
                    7.0,
                    7.0
                ]
            }
        }
    },
    "pasiva": {
        "nombre": "FerociousHowlAbility",
        "descripcion": ""
    }
}