{
    "nombre": "Ambessa",
    "stats_base": {
        "Vida": 630.0,
        "Vida_por_nivel": 110.0,
        "Regen_Vida": 1.7000000476837158,
        "Regen_Vida_por_nivel": 0.15000000596046448,
        "Daño_Ataque": 63.0,
        "Daño_Ataque_por_nivel": 3.0,
        "Armadura": 35.0,
        "Armadura_por_nivel": 4.900000095367432,
        "Resistencia_Magica_por_nivel": 2.049999952316284,
        "Vel_Movimiento": 335.0,
        "Rango_Ataque": 125.0,
        "Vel_Ataque_base": 0.625,
        "Vel_Ataque_ratio": 0.625,
        "Vel_Ataque_por_nivel": 2.5,
        "Mana": 200.0,
        "Regen_Mana": 10.0
    },
    "habilidades": {
        "Q": {
            "nombre": "AmbessaQAbility/AmbessaQ",
            "cooldown": [
                14.0,
                14.0,
                13.0,
                12.0,
                11.0,
                10.0,
                10.0
            ],
            "costo_mana": [
                70.0,
                70.0,
                70.0,
                70.0,
                70.0,
                70.0
            ],
            "rango": [
                650.0,
                650.0,
                650.0,
                650.0,
                650.0,
                650.0,
                650.0
            ],
            "daño_base": [
                20.0,
                40.0,
                60.0,
                80.0,
                100.0,
                120.0,
                140.0
            ],
            "escalado_1": 0.0,
            "escalado_2": 0.0,
            "parametros_extra": {
                "Swap_Duration": [
                    4.0,
                    4.0,
                    4.0,
                    4.0,
                    4.0,
                    4.0,
                    4.0
                ],
                "Swap_Static_Cooldown": [
                    0.5,
                    0.5,
                    0.5,
                    0.5,
                    0.5,
                    0.5,
                    0.5
                ]
            }
        },
        "W": {
            "nombre": "AmbessaWAbility/AmbessaW",
            "cooldown": [
                18.0,
                18.0,
                17.0,
                16.0,
                15.0,
                14.0,
                14.0
            ],
            "costo_mana": [
                70.0,
                70.0,
                70.0,
                70.0,
                70.0,
                70.0
            ],
            "rango": [
                325.0,
                325.0,
                325.0,
                325.0,
                325.0,
                325.0,
                325.0
            ],
            "daño_base": [
                25.0,
                50.0,
                75.0,
                100.0,
                125.0,
                150.0,
                175.0
            ],
            "escalado_1": 0.5,
            "escalado_2": 0.0,
            "parametros_extra": {
                "Dash_Delay": [
                    0.22499999403953552,
                    0.22499999403953552,
                    0.22499999403953552,
                    0.22499999403953552,
                    0.22499999403953552,
                    0.22499999403953552,
                    0.22499999403953552
                ],
                "Buff_Duration": [
                    0.5,
                    0.5,
                    0.5,
                    0.5,
                    0.5,
                    0.5,
                    0.5
                ],
                "Shield_Duration": [
                    1.5,
                    1.5,
                    1.5,
                    1.5,
                    1.5,
                    1.5,
                    1.5
                ]
            }
        },
        "E": {
            "nombre": "AmbessaEAbility/AmbessaE",
            "cooldown": [
                13.0,
                13.0,
                12.0,
                11.0,
                10.0,
                9.0,
                9.0
            ],
            "costo_mana": [
                70.0,
                70.0,
                70.0,
                70.0,
                70.0,
                70.0
            ],
            "rango": [
                325.0,
                325.0,
                325.0,
                325.0,
                325.0,
                325.0,
                325.0
            ],
            "daño_base": [
                20.0,
                40.0,
                60.0,
                80.0,
                100.0,
                120.0,
                140.0
            ],
            "escalado_1": 0.5,
            "escalado_2": 0.0,
            "parametros_extra": {
                "Slow_Duration": [
                    1.0,
                    1.0,
                    1.0,
                    1.0,
                    1.0,
                    1.0,
                    1.0
                ],
                "Slow_Amount": [
                    0.9900000095367432,
                    0.9900000095367432,
                    0.9900000095367432,
                    0.9900000095367432,
                    0.9900000095367432,
                    0.9900000095367432,
                    0.9900000095367432
                ]
            }
        },
        "R": {
            "nombre": "AmbessaRAbility/AmbessaR",
            "cooldown": [
                130.0,
                130.0,
                115.0,
                100.0,
                100.0,
                100.0,
                100.0
            ],
            "costo_mana": [],
            "rango": [
                1250.0,
                1250.0,
                1250.0,
                1250.0,
                1250.0,
                1250.0,
                1250.0
            ],
            "daño_base": [
                50.0,
                150.0,
                250.0,
                350.0,
                450.0,
                550.0,
                650.0
            ],
            "escalado_1": 0.800000011920929,
            "escalado_2": 0.0,
            "parametros_extra": {
                "Suppress_Duration": [
                    0.75,
                    0.75,
                    0.75,
                    0.75,
                    0.75,
                    0.75,
                    0.75
                ],
                "Stun_Duration": [
                    0.4000000059604645,
                    0.4000000059604645,
                    0.4000000059604645,
                    0.4000000059604645,
                    0.4000000059604645,
                    0.4000000059604645,
                    0.4000000059604645
                ],
                "Armor_Penetration": [
                    0.0,
                    0.10000000149011612,
                    0.20000000298023224,
                    0.30000001192092896,
                    0.4000000059604645,
                    0.5,
                    0.6000000238418579
                ],
                "Omnivamp": [
                    0.07500000298023224,
                    0.10000000149011612,
                    0.125,
                    0.15000000596046448,
                    0.17499999701976776,
                    0.20000000298023224,
                    0.22499999403953552
                ],
                "Omnivamp_LifeStealScaling": [
                    0.5,
                    0.5,
                    0.5,
                    0.5,
                    0.5,
                    0.5,
                    0.5
                ],
                "Omnivamp_MinionMod": [
                    0.25,
                    0.25,
                    0.25,
                    0.25,
                    0.25,
                    0.25,
                    0.25
                ],