{
    "nombre": "Amumu",
    "stats_base": {
        "Vida": 685.0,
        "Vida_por_nivel": 94.0,
        "Regen_Vida": 1.7999999523162842,
        "Regen_Vida_por_nivel": 0.17000000178813934,
        "Daño_Ataque": 57.0,
        "Daño_Ataque_por_nivel": 3.799999952316284,
        "Armadura": 33.0,
        "Armadura_por_nivel": 4.0,
        "Resistencia_Magica_por_nivel": 2.049999952316284,
        "Vel_Movimiento": 335.0,
        "Rango_Ataque": 125.0,
        "Vel_Ataque_base": 0.7360000014305115,
        "Vel_Ataque_ratio": 0.6380000114440918,
        "Vel_Ataque_por_nivel": 2.180000066757202,
        "Mana": 285.0,
        "Mana_por_nivel": 40.0,
        "Regen_Mana": 1.4800000190734863,
        "Regen_Mana_por_nivel": 0.10999999940395355
    },
    "habilidades": {
        "Q": {
            "nombre": "BandageTossAbility/BandageToss",
            "cooldown": [
                3.0,
                3.0,
                3.0,
                3.0,
                3.0,
                3.0,
                3.0
            ],
            "costo_mana": [
                50.0,
                50.0,
                50.0,
                50.0,
                50.0,
                50.0
            ],
            "rango": [
                1100.0,
                1100.0,
                1100.0,
                1100.0,
                1100.0,
                1100.0,
                1100.0
            ],
            "daño_base": [
                45.0,
                70.0,
                95.0,
                120.0,
                145.0,
                170.0,
                195.0
            ],
            "escalado_1": 0.8500000238418579,
            "escalado_2": 0.0
        },
        "W": {
            "nombre": "AuraofDespairAbility/AuraofDespair",
            "cooldown": [
                1.0,
                1.0,
                1.0,
                1.0,
                1.0,
                1.0,
                1.0
            ],
            "costo_mana": [
                8.0,
                8.0,
                8.0,
                8.0,
                8.0,
                8.0
            ],
            "rango": [
                300.0,
                300.0,
                300.0,
                300.0,
                300.0,
                300.0,
                300.0
            ],
            "daño_base": [
                10.0,
                10.0,
                10.0,
                10.0,
                10.0,
                10.0,
                10.0
            ],
            "escalado_1": 0.004999999888241291,
            "escalado_2": 0.004999999888241291
        },
        "E": {
            "nombre": "TantrumAbility/Tantrum",
            "cooldown": [
                10.0,
                9.0,
                8.0,
                7.0,
                6.0,
                5.0,
                4.0
            ],
            "costo_mana": [
                35.0,
                35.0,
                35.0,
                35.0,
                35.0,
                35.0
            ],
            "rango": [
                350.0,
                350.0,
                350.0,
                350.0,
                350.0,
                350.0,
                350.0
            ],
            "daño_base": [
                0.0,
                5.0,
                7.0,
                9.0,
                11.0,
                13.0,
                15.0
            ],
            "escalado_1": 0.5,
            "escalado_2": 0.0
        },
        "R": {
            "nombre": "CurseoftheSadMummyAbility/CurseoftheSadMummy",
            "cooldown": [
                150.0,
                150.0,
                125.0,
                100.0,
                100.0,
                100.0,
                100.0
            ],
            "costo_mana": [
                100.0,
                150.0,
                200.0,
                80.0,
                80.0,
                0.0
            ],
            "rango": [
                550.0,
                550.0,
                550.0,
                550.0,
                550.0,
                550.0,
                550.0
            ],
            "daño_base": [
                100.0,
                200.0,
                300.0,
                400.0,
                500.0,
                600.0,
                700.0
            ],
            "escalado_1": 0.0,
            "escalado_2": 0.0,
            "parametros_extra": {
                "RDuration": [
                    1.5,
                    1.5,
                    1.5,
                    1.5,
                    1.5,
                    1.5,
                    1.5
                ],
                "RCoefficient": [
                    0.800000011920929,
                    0.800000011920929,
                    0.800000011920929,
                    0.800000011920929,
                    0.800000011920929,
                    0.800000011920929,
                    0.800000011920929
                ]
            }
        }
    },
    "pasiva": {
        "nombre": "AmumuPAbility",
        "descripcion": ""
    }
}