{
    "nombre": "Anivia",
    "stats_base": {
        "Vida": 550.0,
        "Vida_por_nivel": 92.0,
        "Regen_Vida": 1.100000023841858,
        "Regen_Vida_por_nivel": 0.10999999940395355,
        "Daño_Ataque": 51.0,
        "Daño_Ataque_por_nivel": 3.200000047683716,
        "Armadura": 21.0,
        "Armadura_por_nivel": 4.5,
        "Resistencia_Magica_por_nivel": 1.2999999523162842,
        "Vel_Movimiento": 325.0,
        "Rango_Ataque": 600.0,
        "Vel_Ataque_base": 0.6579999923706055,
        "Vel_Ataque_ratio": 0.625,
        "Vel_Ataque_por_nivel": 1.6799999475479126,
        "Mana": 495.0,
        "Mana_por_nivel": 45.0,
        "Regen_Mana": 1.600000023841858,
        "Regen_Mana_por_nivel": 0.1599999964237213
    },
    "habilidades": {
        "Q": {
            "nombre": "FlashFrostAbility/FlashFrost",
            "cooldown": [
                11.0,
                11.0,
                10.0,
                9.0,
                8.0,
                7.0,
                7.0
            ],
            "costo_mana": [
                80.0,
                85.0,
                90.0,
                95.0,
                100.0,
                100.0
            ],
            "rango": [
                25000.0,
                25000.0,
                25000.0,
                25000.0,
                25000.0,
                25000.0,
                25000.0
            ],
            "daño_base": [
                30.0,
                50.0,
                70.0,
                90.0,
                110.0,
                130.0,
                150.0
            ],
            "escalado_1": 0.0,
            "escalado_2": 0.0,
            "parametros_extra": {
                "StunDuration": [
                    1.0,
                    1.100000023841858,
                    1.2000000476837158,
                    1.2999999523162842,
                    1.399999976158142,
                    1.5,
                    1.600000023841858
                ],
                "SlowDuration": [
                    3.0,
                    3.0,
                    3.0,
                    3.0,
                    3.0,
                    3.0,
                    3.0
                ]
            }
        },
        "W": {
            "nombre": "CrystallizeAbility/Crystallize",
            "cooldown": [
                17.0,
                17.0,
                17.0,
                17.0,
                17.0,
                17.0,
                17.0
            ],
            "costo_mana": [
                70.0,
                70.0,
                70.0,
                70.0,
                70.0,
                70.0
            ],
            "rango": [
                1000.0,
                1000.0,
                1000.0,
                1000.0,
                1000.0,
                1000.0,
                1000.0
            ],
            "daño_base": [
                5.0,
                5.0,
                5.0,
                5.0,
                5.0,
                5.0,
                5.0
            ],
            "escalado_1": 0.0,
            "escalado_2": 0.0,
            "parametros_extra": {
                "WallDuration": [
                    5.0,
                    5.0,
                    5.0,
                    5.0,
                    5.0,
                    5.0,
                    5.0
                ],
                "WallWidth": [
                    300.0,
                    400.0,
                    500.0,
                    600.0,
                    700.0,
                    800.0,
                    900.0
                ],
                "WallChunks": [
                    3.0,
                    4.0,
                    5.0,
                    6.0,
                    7.0,
                    8.0,
                    9.0
                ],
                "ChampPushDistance": [
                    120.0,
                    120.0,
                    120.0,
                    120.0,
                    120.0,
                    120.0,
                    120.0
                ],
                "NonChampPushDistance": [
                    250.0,
                    250.0,
                    250.0,
                    250.0,
                    250.0,
                    250.0,
                    250.0
                ]
            }
        },
        "E": {
            "nombre": "FrostbiteAbility/Frostbite",
            "cooldown": [
                4.0,
                4.0,
                4.0,
                4.0,
                4.0,
                4.0,
                4.0
            ],
            "costo_mana": [
                50.0,
                50.0,
                50.0,
                50.0,
                50.0,
                50.0
            ],
            "rango": [
                600.0,
                600.0,
                600.0,
                600.0,
                600.0,
                600.0,
                600.0
            ],
            "daño_base": [
                30.0,
                55.0,
                80.0,
                105.0,
                130.0,
                155.0,
                180.0
            ],
            "escalado_1": 0.0,
            "escalado_2": 0.0
        },
        "R": {
            "nombre": "GlacialStormAbility/GlacialStorm",
            "cooldown": [
                4.0,
                4.0,
                3.0,
                2.0,
                2.0,
                2.0,
                2.0
            ],
            "costo_mana": [
                60.0,
                60.0,
                60.0,
                60.0,
                60.0,
                60.0
            ],
            "rango": [
                750.0,
                750.0,
                750.0,
                750.0,
                750.0,
                750.0,
                750.0
            ],
            "daño_base": [
                15.0,
                30.0,
                45.0,
                60.0,
                75.0,
                90.0,
                105.0
            ],
            "escalado_1": 0.0,
            "escalado_2": 0.0,
            "parametros_extra": {
                "BonusMultiplier": [
                    300.0,
                    300.0,
                    300.0,
                    300.0,
                    300.0,
                    300.0,
                    300.0
                ],
                "ManaCostPerSecond": [
                    25.0,
                    35.0,
                    45.0,
                    55.0,
                    65.0,
                    75.0,
                    85.0
                ],
                "TickRate": [
                    0.5,
                    0.5,
                    0.5,
                    0.5,
                    0.5,
                    0.5,
                    0.5
                ],
                "SlowAmount": [
                    20.0,
                    20.0,
                    30.0,
                    40.0,
                    50.0,
                    60.0,
                    70.0
                ],
                "ChillDuration": [
                    1.0,
                    1.0,
                    1.0,
                    1.0,
                    1.0,
                    1.0,
                    1.0
                ],
                "GrowthTime": [
                    1.5,
                    1.5,
                    1.5,
                    1.5,
                    1.5,
                    1.5,
                    1.5
                ],
                "AdditionalSlowPercentAtMax": [
                    0.5,
                    0.5,
                    0.5,
                    0.5,
                    0.5,
                    0.5,
                    0.5
                ],