{
    "nombre": "Annie",
    "stats_base": {
        "Vida": 560.0,
        "Vida_por_nivel": 96.0,
        "Regen_Vida": 1.100000023841858,
        "Regen_Vida_por_nivel": 0.10999999940395355,
        "Daño_Ataque": 50.0,
        "Daño_Ataque_por_nivel": 2.6500000953674316,
        "Armadura": 23.0,
        "Armadura_por_nivel": 4.0,
        "Resistencia_Magica_por_nivel": 1.2999999523162842,
        "Vel_Movimiento": 335.0,
        "Rango_Ataque": 625.0,
        "Vel_Ataque_base": 0.6100000143051147,
        "Vel_Ataque_ratio": 0.625,
        "Vel_Ataque_por_nivel": 1.3600000143051147,
        "Mana": 418.0,
        "Mana_por_nivel": 25.0,
        "Regen_Mana": 1.600000023841858,
        "Regen_Mana_por_nivel": 0.1599999964237213
    },
    "habilidades": {
        "Q": {
            "nombre": "AnnieQAbility/AnnieQ",
            "cooldown": [
                4.0,
                4.0,
                4.0,
                4.0,
                4.0,
                4.0,
                4.0
            ],
            "costo_mana": [
                60.0,
                65.0,
                70.0,
                75.0,
                80.0,
                85.0
            ],
            "rango": [
                625.0,
                625.0,
                625.0,
                625.0,
                625.0,
                625.0,
                625.0
            ],
            "daño_base": [
                35.0,
                80.0,
                125.0,
                170.0,
                215.0,
                260.0,
                305.0
            ],
            "escalado_1": 0.800000011920929,
            "escalado_2": 0.800000011920929
        },
        "W": {
            "nombre": "AnnieWAbility/AnnieW",
            "cooldown": [
                7.0,
                7.0,
                7.0,
                7.0,
                7.0,
                7.0,
                7.0
            ],
            "costo_mana": [
                70.0,
                75.0,
                80.0,
                85.0,
                90.0,
                95.0
            ],
            "rango": [
                600.0,
                600.0,
                600.0,
                600.0,
                600.0,
                600.0,
                600.0
            ],
            "daño_base": [
                30.0,
                70.0,
                110.0,
                150.0,
                190.0,
                230.0,
                270.0
            ],
            "escalado_1": 0.8500000238418579,
            "escalado_2": 0.800000011920929
        },
        "E": {
            "nombre": "AnnieEAbility/AnnieE",
            "cooldown": [],
            "costo_mana": [
                60.0,
                65.0,
                70.0,
                75.0,
                80.0,
                85.0
            ],
            "rango": [
                800.0,
                800.0,
                800.0,
                800.0,
                800.0,
                800.0,
                800.0
            ],
            "daño_base": [
                9.0,
                13.0,
                17.0,
                21.0,
                25.0,
                29.0,
                33.0
            ],
            "escalado_1": 0.20000000298023224,
            "escalado_2": 0.0,
            "parametros_extra": {
                "ShieldDuration": [
                    3.0,
                    3.0,
                    3.0,
                    3.0,
                    3.0,
                    3.0,
                    3.0
                ],
                "MovementSpeed": [
                    0.10000000149011612,
                    0.15000000596046448,
                    0.20000000298023224,
                    0.25,
                    0.30000001192092896,
                    0.3499999940395355,
                    0.4000000059604645
                ],
                "MovementSpeedDuration": [
                    1.5,
                    1.5,
                    1.5,
                    1.5,
                    1.5,
                    1.5,
                    1.5
                ],
                "ShieldAmount": [
                    25.0,
                    60.0,
                    95.0,
                    130.0,
                    165.0,
                    200.0,
                    235.0
                ],
                "CastRangeGenerosity": [
                    225.0,
                    225.0,
                    225.0,
                    225.0,
                    225.0,
                    225.0,
                    225.0
                ]
            }
        },
        "R": {
            "nombre": "AnnieRAbility/AnnieR",
            "cooldown": [
                130.0,
                130.0,
                115.0,
                100.0,
                100.0,
                100.0,
                100.0
            ],
            "costo_mana": [
                100.0,
                100.0,
                100.0,
                0.0,
                0.0,
                0.0
            ],
            "rango": [
                600.0,
                600.0,
                600.0,
                600.0,
                600.0,
                600.0,
                600.0
            ],
            "daño_base": [
                25.0,
                150.0,
                275.0,
                400.0,
                525.0,
                650.0,
                775.0
            ],
            "escalado_1": 0.10000000149011612,
            "escalado_2": 0.10000000149011612,
            "parametros_extra": {
                "TibbersAttackSpeedDecay": [
                    -0.10000000149011612,
                    -0.10000000149011612,
                    -0.10000000149011612,
                    -0.10000000149011612,
                    -0.10000000149011612,
                    -0.10000000149011612,
                    -0.10000000149011612
                ],
                "MovespeedBurst": [
                    1.0,
                    1.0,
                    1.0,
                    1.0,
                    1.0,
                    1.0,
                    1.0
                ],
                "EnrageDuration": [
                    3.0,
                    3.0,
                    3.0,
                    3.0,
                    3.0,
                    3.0,
                    3.0
                ],
                "AvengerEnrageDuration": [
                    10.0,
                    10.0,
                    10.0,
                    10.0,
                    10.0,
                    10.0,
                    10.0
                ],
                "TibbersLifetime": [
                    45.0,
                    45.0,
                    45.0,
                    45.0,
                    45.0,
                    45.0,
                    45.0
                ],
                "TibbersBonusMS": [
                    -25.0,
                    0.0,
                    25.0,
                    50.0,
                    75.0,
                    100.0,
                    125.0
                ],
                "TibbersModeSpecificHPMod": [
                    1.0,
                    1.0,
                    1.0,
                    1.0,
                    1.0,
                    1.0,
                    1.0
                ],
                "RPercentPenBuff": [
                    0.05000000074505806,
                    0.10000000149011612,
                    0.15000000596046448,
                    0.20000000298023224,
                    0.25,
                    0.30000001192092896,
                    0.3499999940395355
                ]
            }
        }
    },
    "pasiva": {
        "nombre": "AnniePassiveAbility",
        "descripcion": "game_buff_tooltip_Pyromania_Marker"
    }
}