{
    "nombre": "Aphelios",
    "stats_base": {
        "Vida": 600.0,
        "Vida_por_nivel": 102.0,
        "Regen_Vida": 0.6499999761581421,
        "Regen_Vida_por_nivel": 0.10999999940395355,
        "Daño_Ataque": 55.0,
        "Daño_Ataque_por_nivel": 2.299999952316284,
        "Armadura": 26.0,
        "Armadura_por_nivel": 4.199999809265137,
        "Resistencia_Magica_por_nivel": 1.2999999523162842,
        "Vel_Movimiento": 325.0,
        "Rango_Ataque": 550.0,
        "Vel_Ataque_base": 0.6650000214576721,
        "Vel_Ataque_ratio": 0.6579999923706055,
        "Vel_Ataque_por_nivel": 2.0999999046325684,
        "Mana": 348.0,
        "Mana_por_nivel": 42.0,
        "Regen_Mana": 1.2999999523162842,
        "Regen_Mana_por_nivel": 0.07999999821186066
    },
    "habilidades": {
        "Q": {
            "nombre": "ApheliosQ_ClientTooltipWrapper",
            "cooldown": [
                9.0,
                9.0,
                9.0,
                9.0,
                9.0,
                9.0,
                9.0
            ],
            "costo_mana": [
                60.0,
                60.0,
                60.0,
                60.0,
                60.0,
                60.0
            ],
            "rango": [
                1450.0,
                1450.0,
                1450.0,
                1450.0,
                1450.0,
                1450.0,
                1450.0
            ],
            "daño_base": [],
            "escalado_1": 0.0,
            "escalado_2": 0.0
        },
        "W": {
            "nombre": "ApheliosWAbility/ApheliosW",
            "cooldown": [
                0.800000011920929,
                0.800000011920929,
                0.800000011920929,
                0.800000011920929,
                0.800000011920929,
                0.800000011920929,
                0.800000011920929
            ],
            "costo_mana": [],
            "rango": [
                250.0,
                250.0,
                250.0,
                250.0,
                250.0,
                250.0,
                250.0
            ],
            "daño_base": [],
            "escalado_1": 1.0,
            "escalado_2": 0.0
        },
        "E": {
            "nombre": "ApheliosE_ClientTooltipWrapper",
            "cooldown": [
                0.0,
                0.0,
                0.0,
                0.0,
                0.0,
                0.0,
                0.0
            ],
            "costo_mana": [],
            "rango": [
                1000.0,
                1000.0,
                1000.0,
                1000.0,
                1000.0,
                1000.0,
                1000.0
            ],
            "daño_base": [],
            "escalado_1": 1.0,
            "escalado_2": 0.0
        },
        "R": {
            "nombre": "ApheliosRAbility/ApheliosR",
            "cooldown": [
                120.0,
                120.0,
                110.0,
                100.0,
                100.0,
                100.0,
                100.0
            ],
            "costo_mana": [
                100.0,
                100.0,
                100.0,
                100.0,
                100.0,
                100.0
            ],
            "rango": [
                1300.0,
                1300.0,
                1300.0,
                1300.0,
                1300.0,
                1300.0,
                1300.0
            ],
            "daño_base": [
                75.0,
                125.0,
                175.0,
                225.0,
                275.0,
                325.0,
                375.0
            ],
            "escalado_1": 0.44999998807907104,
            "escalado_2": 0.0,
            "parametros_extra": {
                "SeverumRHealBonus": [
                    150.0,
                    250.0,
                    350.0,
                    450.0,
                    550.0,
                    650.0,
                    750.0
                ],
                "CrescendumRBonusMinis": [
                    0.0,
                    5.0,
                    5.0,
                    5.0,
                    5.0,
                    5.0,
                    5.0
                ],
                "GravitumRBonusSlowBase": [
                    0.9900000095367432,
                    0.9900000095367432,
                    0.9900000095367432,
                    0.9900000095367432,
                    0.9900000095367432,
                    0.9900000095367432,
                    0.9900000095367432
                ],
                "GravitumRRootDuration": [
                    1.350000023841858,
                    1.350000023841858,
                    1.350000023841858,
                    1.350000023841858,
                    1.350000023841858,
                    1.350000023841858,
                    1.350000023841858
                ]
            }
        }
    },
    "pasiva": {
        "nombre": "ApheliosSeverumQAbility",
        "descripcion": "buff_desc_ApheliosSeverumQ"
    }
}