{
    "nombre": "Ashe",
    "stats_base": {
        "Vida": 610.0,
        "Vida_por_nivel": 101.0,
        "Regen_Vida": 0.699999988079071,
        "Regen_Vida_por_nivel": 0.10999999940395355,
        "Daño_Ataque": 59.0,
        "Daño_Ataque_por_nivel": 3.5,
        "Armadura": 26.0,
        "Armadura_por_nivel": 4.599999904632568,
        "Resistencia_Magica_por_nivel": 1.2999999523162842,
        "Vel_Movimiento": 325.0,
        "Rango_Ataque": 600.0,
        "Vel_Ataque_base": 0.6579999923706055,
        "Vel_Ataque_ratio": 0.6579999923706055,
        "Vel_Ataque_por_nivel": 3.0,
        "Mana": 280.0,
        "Mana_por_nivel": 35.0,
        "Regen_Mana": 1.399999976158142,
        "Regen_Mana_por_nivel": 0.12999999523162842
    },
    "habilidades": {
        "Q": {
            "nombre": "AsheQAbility/AsheQ",
            "cooldown": [
                0.0,
                0.0,
                0.0,
                0.0,
                0.0,
                0.0,
                0.0
            ],
            "costo_mana": [
                30.0,
                30.0,
                30.0,
                30.0,
                30.0,
                30.0
            ],
            "rango": [],
            "daño_base": [
                4.0,
                4.0,
                4.0,
                4.0,
                4.0,
                4.0,
                4.0
            ],
            "escalado_1": 0.25,
            "escalado_2": 1.25
        },
        "W": {
            "nombre": "VolleyAbility/Volley",
            "cooldown": [
                18.0,
                18.0,
                14.5,
                11.0,
                7.5,
                4.0,
                4.0
            ],
            "costo_mana": [
                75.0,
                70.0,
                65.0,
                60.0,
                55.0,
                50.0
            ],
            "rango": [
                600.0,
                600.0,
                600.0,
                600.0,
                600.0,
                600.0,
                600.0
            ],
            "daño_base": [
                3.0,
                5.0,
                7.0,
                9.0,
                11.0,
                13.0,
                15.0
            ],
            "escalado_1": 1.0,
            "escalado_2": 0.0,
            "parametros_extra": {
                "NumberOfArrowsTooltip": [
                    6.0,
                    7.0,
                    8.0,
                    9.0,
                    10.0,
                    11.0,
                    12.0
                ]
            }
        },
        "E": {
            "nombre": "AsheSpiritOfTheHawkAbility/AsheSpiritOfTheHawk",
            "cooldown": [
                5.0,
                5.0,
                5.0,
                5.0,
                5.0,
                5.0,
                5.0
            ],
            "costo_mana": [],
            "rango": [
                25000.0,
                25000.0,
                25000.0,
                25000.0,
                25000.0,
                25000.0,
                25000.0
            ],
            "daño_base": [
                3.0,
                3.0,
                3.0,
                3.0,
                3.0,
                3.0,
                3.0
            ],
            "escalado_1": 0.75,
            "escalado_2": 0.0,
            "parametros_extra": {
                "BaseCooldown": [
                    100.0,
                    90.0,
                    80.0,
                    70.0,
                    60.0,
                    50.0,
                    40.0
                ]
            }
        },
        "R": {
            "nombre": "EnchantedCrystalArrowAbility/EnchantedCrystalArrow",
            "cooldown": [
                100.0,
                100.0,
                80.0,
                60.0,
                60.0,
                60.0,
                60.0
            ],
            "costo_mana": [
                100.0,
                100.0,
                100.0,
                0.0,
                0.0,
                0.0
            ],
            "rango": [
                25000.0,
                25000.0,
                25000.0,
                25000.0,
                25000.0,
                25000.0,
                25000.0
            ],
            "daño_base": [
                0.0,
                200.0,
                400.0,
                600.0,
                800.0,
                1000.0,
                1200.0
            ],
            "escalado_1": 1.2000000476837158,
            "escalado_2": 1.2000000476837158,
            "parametros_extra": {
                "MinStunDuration": [
                    1.0,
                    1.0,
                    1.0,
                    1.0,
                    1.0,
                    1.0,
                    1.0
                ],
                "MaxStunDuration": [
                    3.5,
                    3.5,
                    3.5,
                    3.5,
                    3.5,
                    3.5,
                    3.5
                ],
                "SlowRadius": [
                    400.0,
                    400.0,
                    400.0,
                    400.0,
                    400.0,
                    400.0,
                    400.0
                ],
                "AoECoefficient": [
                    1.0,
                    1.0,
                    1.0,
                    1.0,
                    1.0,
                    1.0,
                    1.0
                ]
            }
        }
    },
    "pasiva": {
        "nombre": "AshePassiveAbility",
        "descripcion": "game_buff_tooltip_AshePassive"
    }
}