{
    "nombre": "AurelionSol",
    "stats_base": {
        "Vida": 600.0,
        "Vida_por_nivel": 90.0,
        "Regen_Vida": 1.100000023841858,
        "Regen_Vida_por_nivel": 0.10999999940395355,
        "Daño_Ataque": 58.0,
        "Daño_Ataque_por_nivel": 3.200000047683716,
        "Armadura": 22.0,
        "Armadura_por_nivel": 4.0,
        "Resistencia_Magica_por_nivel": 1.2999999523162842,
        "Vel_Movimiento": 340.0,
        "Rango_Ataque": 550.0,
        "Vel_Ataque_base": 0.625,
        "Vel_Ataque_ratio": 0.625,
        "Vel_Ataque_por_nivel": 1.5,
        "Mana": 530.0,
        "Mana_por_nivel": 40.0,
        "Regen_Mana": 1.600000023841858,
        "Regen_Mana_por_nivel": 0.15000000596046448
    },
    "habilidades": {
        "Q": {
            "nombre": "AurelionSolQAbility/AurelionSolQ",
            "cooldown": [
                3.0,
                3.0,
                3.0,
                3.0,
                3.0,
                3.0,
                3.0
            ],
            "costo_mana": [
                35.0,
                40.0,
                45.0,
                50.0,
                55.0,
                60.0
            ],
            "rango": [
                750.0,
                750.0,
                750.0,
                750.0,
                750.0,
                750.0,
                750.0
            ],
            "daño_base": [
                30.0,
                45.0,
                60.0,
                75.0,
                90.0,
                105.0,
                120.0
            ],
            "escalado_1": 1.25,
            "escalado_2": 0.30000001192092896,
            "parametros_extra": {
                "AngularDegreesPerSec": [
                    180.0,
                    180.0,
                    180.0,
                    180.0,
                    180.0,
                    180.0,
                    180.0
                ],
                "BeamWidth": [
                    140.0,
                    140.0,
                    140.0,
                    140.0,
                    140.0,
                    140.0,
                    140.0
                ],
                "MaxChannelDuration": [
                    3.25,
                    3.25,
                    3.25,
                    3.25,
                    3.25,
                    9999.0,
                    9999.0
                ],
                "BurstAfter": [
                    1.0,
                    1.0,
                    1.0,
                    1.0,
                    1.0,
                    1.0,
                    1.0
                ],
                "ManaCostPerSecond": [
                    30.0,
                    35.0,
                    40.0,
                    45.0,
                    50.0,
                    55.0,
                    60.0
                ],
                "APPerSecond": [
                    0.550000011920929,
                    0.550000011920929,
                    0.550000011920929,
                    0.550000011920929,
                    0.550000011920929,
                    0.550000011920929,
                    0.550000011920929
                ],
                "BeamSegments": [
                    6.0,
                    6.0,
                    6.0,
                    6.0,
                    6.0,
                    6.0,
                    6.0
                ],
                "WProcCooldown": [
                    1.0,
                    1.0,
                    1.0,
                    1.0,
                    1.0,
                    1.0,
                    1.0
                ],
                "QMassStolen": [
                    2.0,
                    2.0,
                    2.0,
                    2.0,
                    2.0,
                    2.0,
                    2.0
                ],
                "DistancePerMass": [
                    0.375,
                    0.375,
                    0.375,
                    0.375,
                    0.375,
                    0.375,
                    0.375
                ],
                "AOEModifier": [
                    0.5,
                    0.5,
                    0.5,
                    0.5,
                    0.5,
                    0.5,
                    0.5
                ]
            }
        },
        "W": {
            "nombre": "AurelionSolWAbility/AurelionSolW",
            "cooldown": [
                23.5,
                22.0,
                20.5,
                19.0,
                17.5,
                16.0,
                14.5
            ],
            "costo_mana": [
                50.0,
                55.0,
                60.0,
                65.0,
                70.0,
                70.0
            ],
            "rango": [
                1500.0,
                1500.0,
                1500.0,
                1500.0,
                1500.0,
                1500.0,
                1500.0
            ],
            "daño_base": [
                0.07000000029802322,
                0.07999999821186066,
                0.09000000357627869,
                0.10000000149011612,
                0.10999999940395355,
                0.11999999731779099,
                0.12999999523162842
            ],
            "escalado_1": 0.5,
            "escalado_2": 1.5,
            "parametros_extra": {
                "BaseMS": [
                    340.0,
                    340.0,
                    340.0,
                    340.0,
                    340.0,
                    340.0,
                    340.0
                ],
                "BaseCruiseMS": [
                    340.0,
                    340.0,
                    340.0,
                    340.0,
                    340.0,
                    340.0,
                    340.0
                ],
                "DistancePerMass": [
                    7.5,
                    7.5,
                    7.5,
                    7.5,
                    7.5,
                    7.5,
                    7.5
                ],
                "ResetWindow": [
                    3.0,
                    3.0,
                    3.0,
                    3.0,
                    3.0,
                    3.0,
                    3.0
                ],
                "TakedownCooldownMultiplier": [
                    0.10000000149011612,
                    0.10000000149011612,
                    0.10000000149011612,
                    0.10000000149011612,
                    0.10000000149011612,
                    0.10000000149011612,
                    0.10000000149011612
                ],
                "TooltipTakedownCooldownMultiplier": [
                    90.0,
                    90.0,
                    90.0,
                    90.0,
                    90.0,
                    90.0,
                    90.0
                ],
                "FakeCastTime": [
                    0.375,
                    0.375,
                    0.375,
                    0.375,
                    0.375,
                    0.375,
                    0.375
                ],
                "OverrideECastRange": [
                    1100.0,
                    1100.0,
                    1100.0,
                    1100.0,
                    1100.0,
                    1100.0,
                    1100.0
                ],
                "CD": [
                    22.0,
                    22.0,
                    20.5,
                    19.0,
                    17.5,
                    16.0,
                    16.0
                ]
            }
        },
        "E": {
            "nombre": "AurelionSolEAbility/AurelionSolE",
            "cooldown": [
                12.0,
                12.0,
                12.0,
                12.0,
                12.0,
                12.0,
                12.0
            ],