{
    "nombre": "Aurora",
    "stats_base": {
        "Vida": 607.0,
        "Vida_por_nivel": 110.0,
        "Regen_Vida": 1.2000000476837158,
        "Regen_Vida_por_nivel": 0.10999999940395355,
        "Daño_Ataque": 53.0,
        "Daño_Ataque_por_nivel": 3.0,
        "Armadura": 23.0,
        "Armadura_por_nivel": 4.5,
        "Resistencia_Magica_por_nivel": 1.2999999523162842,
        "Vel_Movimiento": 335.0,
        "Rango_Ataque": 550.0,
        "Vel_Ataque_base": 0.6679999828338623,
        "Vel_Ataque_ratio": 0.6679999828338623,
        "Vel_Ataque_por_nivel": 2.0,
        "Mana": 475.0,
        "Mana_por_nivel": 30.0,
        "Regen_Mana": 1.600000023841858,
        "Regen_Mana_por_nivel": 0.1599999964237213
    },
    "habilidades": {
        "Q": {
            "nombre": "AuroraQAbility/AuroraQ",
            "cooldown": [
                9.0,
                9.0,
                8.5,
                8.0,
                7.5,
                7.0,
                6.5
            ],
            "costo_mana": [
                60.0,
                60.0,
                60.0,
                60.0,
                60.0,
                60.0
            ],
            "rango": [
                900.0,
                900.0,
                900.0,
                900.0,
                900.0,
                900.0,
                900.0
            ],
            "daño_base": [
                20.0,
                45.0,
                70.0,
                95.0,
                120.0,
                145.0,
                170.0
            ],
            "escalado_1": 0.0,
            "escalado_2": 0.0,
            "parametros_extra": {
                "MarkDuration": [
                    3.5,
                    3.5,
                    3.5,
                    3.5,
                    3.5,
                    3.5,
                    3.5
                ],
                "MissingHealthPercentMod": [
                    0.5,
                    0.5,
                    0.5,
                    0.5,
                    0.5,
                    0.5,
                    0.5
                ],
                "Q2MinionMod": [
                    0.4000000059604645,
                    0.4000000059604645,
                    0.4000000059604645,
                    0.4000000059604645,
                    0.4000000059604645,
                    0.4000000059604645,
                    0.4000000059604645
                ]
            }
        },
        "W": {
            "nombre": "AuroraWAbility/AuroraW",
            "cooldown": [
                22.0,
                22.0,
                21.0,
                20.0,
                19.0,
                18.0,
                17.0
            ],
            "costo_mana": [
                80.0,
                80.0,
                80.0,
                80.0,
                80.0,
                80.0
            ],
            "rango": [],
            "daño_base": [],
            "escalado_1": 0.30000001192092896,
            "escalado_2": 0.0,
            "parametros_extra": {
                "InvisDuration": [
                    0.8500000238418579,
                    1.0,
                    1.149999976158142,
                    1.2999999523162842,
                    1.4500000476837158,
                    1.600000023841858,
                    1.75
                ],
                "DashBonusSpeed": [
                    350.0,
                    350.0,
                    350.0,
                    350.0,
                    350.0,
                    350.0,
                    350.0
                ],
                "JumpDistance": [
                    300.0,
                    300.0,
                    300.0,
                    300.0,
                    300.0,
                    300.0,
                    300.0
                ],
                "WallCheatDistance": [
                    450.0,
                    450.0,
                    450.0,
                    450.0,
                    450.0,
                    450.0,
                    450.0
                ],
                "MoveSpeedBonus": [
                    15.0,
                    20.0,
                    25.0,
                    30.0,
                    35.0,
                    40.0,
                    45.0
                ]
            }
        },
        "E": {
            "nombre": "AuroraEAbility/AuroraE",
            "cooldown": [
                15.0,
                15.0,
                14.0,
                13.0,
                12.0,
                11.0,
                10.0
            ],
            "costo_mana": [
                80.0,
                80.0,
                80.0,
                80.0,
                80.0,
                80.0
            ],
            "rango": [
                825.0,
                825.0,
                825.0,
                825.0,
                825.0,
                825.0,
                825.0
            ],
            "daño_base": [
                30.0,
                70.0,
                110.0,
                150.0,
                190.0,
                230.0,
                270.0
            ],
            "escalado_1": 0.0,
            "escalado_2": 0.0,
            "parametros_extra": {
                "SlowPercent": [
                    -0.800000011920929,
                    -0.800000011920929,
                    -0.800000011920929,
                    -0.800000011920929,
                    -0.800000011920929,
                    -0.800000011920929,
                    -0.800000011920929
                ],
                "SelfKnockBackDistance": [
                    250.0,
                    250.0,
                    250.0,
                    250.0,
                    250.0,
                    250.0,
                    250.0
                ],
                "AoELength": [
                    825.0,
                    825.0,
                    825.0,
                    825.0,
                    825.0,
                    825.0,
                    825.0
                ],
                "AoEWidth": [
                    175.0,
                    175.0,
                    175.0,
                    175.0,
                    175.0,
                    175.0,
                    175.0
                ],
                "SlowDecay": [
                    0.8500000238418579,
                    0.8500000238418579,
                    0.8500000238418579,
                    0.8500000238418579,
                    0.8500000238418579,
                    0.8500000238418579,
                    0.8500000238418579
                ],
                "SlowDuration": [
                    1.0,
                    1.0,
                    1.0,
                    1.0,
                    1.0,
                    1.0,
                    1.0
                ]
            }
        },
        "R": {
            "nombre": "AuroraRAbility/AuroraR",
            "cooldown": [
                140.0,
                140.0,
                120.0,
                100.0,
                13.0,
                10.0,
                10.0
            ],
            "costo_mana": [
                100.0,
                100.0,
                100.0,
                100.0,
                100.0,
                100.0
            ],
            "rango": [
                700.0,
                700.0,
                700.0,
                700.0,
                700.0,
                700.0,
                700.0
            ],
            "daño_base": [
                75.0,
                175.0,
                275.0,
                375.0,
                475.0,
                575.0,
                675.0
            ],
            "escalado_1": 0.0,
            "escalado_2": 0.0,