{
    "nombre": "Azir",
    "stats_base": {
        "Vida": 575.0,
        "Vida_por_nivel": 108.0,
        "Regen_Vida": 1.399999976158142,
        "Regen_Vida_por_nivel": 0.15000000596046448,
        "Daño_Ataque": 56.0,
        "Daño_Ataque_por_nivel": 3.5,
        "Armadura": 25.0,
        "Armadura_por_nivel": 5.0,
        "Resistencia_Magica_por_nivel": 1.2999999523162842,
        "Vel_Movimiento": 330.0,
        "Rango_Ataque": 525.0,
        "Vel_Ataque_base": 0.625,
        "Vel_Ataque_ratio": 0.6940000057220459,
        "Vel_Ataque_por_nivel": 5.0,
        "Mana": 320.0,
        "Mana_por_nivel": 40.0,
        "Regen_Mana": 1.600000023841858,
        "Regen_Mana_por_nivel": 0.1599999964237213
    },
    "habilidades": {
        "Q": {
            "nombre": "AzirQWrapperAbility/AzirQWrapper",
            "cooldown": [
                14.0,
                14.0,
                12.0,
                10.0,
                8.0,
                6.0,
                6.0
            ],
            "costo_mana": [
                70.0,
                80.0,
                90.0,
                100.0,
                110.0,
                110.0
            ],
            "rango": [
                720.0,
                720.0,
                720.0,
                720.0,
                720.0,
                720.0,
                720.0
            ],
            "daño_base": [
                40.0,
                60.0,
                80.0,
                100.0,
                120.0,
                140.0,
                160.0
            ],
            "escalado_1": 0.3499999940395355,
            "escalado_2": 0.30000001192092896,
            "parametros_extra": {
                "SlowAmount": [
                    -0.25,
                    -0.25,
                    -0.25,
                    -0.25,
                    -0.25,
                    -0.25,
                    -0.25
                ],
                "SpearLength": [
                    325.0,
                    325.0,
                    325.0,
                    325.0,
                    325.0,
                    325.0,
                    325.0
                ]
            }
        },
        "W": {
            "nombre": "AzirWAbility/AzirW",
            "cooldown": [
                1.5,
                1.5,
                1.5,
                1.5,
                1.5,
                1.5,
                1.5
            ],
            "costo_mana": [
                40.0,
                35.0,
                30.0,
                25.0,
                20.0,
                20.0
            ],
            "rango": [
                2500.0,
                2500.0,
                2500.0,
                2500.0,
                2500.0,
                2500.0,
                2500.0
            ],
            "daño_base": [
                10.0,
                10.0,
                10.0,
                10.0,
                10.0,
                10.0,
                10.0
            ],
            "escalado_1": 0.2750000059604645,
            "escalado_2": 0.4000000059604645,
            "parametros_extra": {
                "OnHitMultiplier": [
                    0.5,
                    0.5,
                    0.5,
                    0.5,
                    0.5,
                    0.5,
                    0.5
                ]
            }
        },
        "E": {
            "nombre": "AzirEWrapperAbility/AzirEWrapper",
            "cooldown": [
                22.0,
                22.0,
                20.5,
                19.0,
                17.5,
                16.0,
                16.0
            ],
            "costo_mana": [
                60.0,
                60.0,
                60.0,
                60.0,
                60.0,
                60.0
            ],
            "rango": [
                3000.0,
                3000.0,
                3000.0,
                3000.0,
                3000.0,
                3000.0,
                3000.0
            ],
            "daño_base": [
                1700.0,
                1700.0,
                1700.0,
                1700.0,
                1700.0,
                1700.0,
                1700.0
            ],
            "escalado_1": 0.6000000238418579,
            "escalado_2": 0.6000000238418579,
            "parametros_extra": {
                "BaseShield": [
                    30.0,
                    70.0,
                    110.0,
                    150.0,
                    190.0,
                    230.0,
                    270.0
                ]
            }
        },
        "R": {
            "nombre": "AzirRAbility/AzirR",
            "cooldown": [
                120.0,
                120.0,
                105.0,
                90.0,
                90.0,
                90.0,
                90.0
            ],
            "costo_mana": [
                100.0,
                100.0,
                100.0,
                0.0,
                0.0,
                0.0
            ],
            "rango": [
                25000.0,
                25000.0,
                25000.0,
                25000.0,
                25000.0,
                25000.0,
                25000.0
            ],
            "daño_base": [
                200.0,
                200.0,
                400.0,
                600.0,
                0.0,
                0.0,
                0.0
            ],
            "escalado_1": 0.75,
            "escalado_2": 0.0,
            "parametros_extra": {
                "WallDuration": [
                    5.0,
                    5.0,
                    5.0,
                    5.0,
                    5.0,
                    5.0,
                    5.0
                ],
                "NumberOfSoldiers": [
                    5.0,
                    6.0,
                    7.0,
                    8.0,
                    9.0,
                    10.0,
                    11.0
                ]
            }
        }
    },
    "pasiva": {
        "nombre": "AzirPassiveAbility",
        "descripcion": "game_buff_tooltip_AzirPassive"
    }
}