{
    "nombre": "Bard",
    "stats_base": {
        "Vida": 630.0,
        "Vida_por_nivel": 103.0,
        "Regen_Vida": 1.100000023841858,
        "Regen_Vida_por_nivel": 0.10999999940395355,
        "Daño_Ataque": 52.0,
        "Daño_Ataque_por_nivel": 3.0,
        "Armadura": 34.0,
        "Armadura_por_nivel": 5.0,
        "Resistencia_Magica_por_nivel": 1.2999999523162842,
        "Vel_Movimiento": 335.0,
        "Rango_Ataque": 500.0,
        "Vel_Ataque_base": 0.6579999923706055,
        "Vel_Ataque_ratio": 0.6579999923706055,
        "Vel_Ataque_por_nivel": 2.0,
        "Mana": 350.0,
        "Mana_por_nivel": 50.0,
        "Regen_Mana": 1.2000000476837158,
        "Regen_Mana_por_nivel": 0.09000000357627869
    },
    "habilidades": {
        "Q": {
            "nombre": "BardQAbility/BardQ",
            "cooldown": [
                12.0,
                11.0,
                10.0,
                9.0,
                8.0,
                7.0,
                7.0
            ],
            "costo_mana": [
                60.0,
                60.0,
                60.0,
                60.0,
                60.0,
                60.0
            ],
            "rango": [
                25000.0,
                25000.0,
                25000.0,
                25000.0,
                25000.0,
                25000.0,
                25000.0
            ],
            "daño_base": [
                40.0,
                80.0,
                120.0,
                160.0,
                200.0,
                240.0,
                280.0
            ],
            "escalado_1": 0.6499999761581421,
            "escalado_2": 0.800000011920929,
            "parametros_extra": {
                "SlowAmountPercentage": [
                    60.0,
                    60.0,
                    60.0,
                    60.0,
                    60.0,
                    60.0,
                    60.0
                ],
                "SlowDuration": [
                    0.800000011920929,
                    1.0,
                    1.2000000476837158,
                    1.399999976158142,
                    1.600000023841858,
                    1.7999999523162842,
                    2.0
                ],
                "StunDuration": [
                    0.800000011920929,
                    1.0,
                    1.2000000476837158,
                    1.399999976158142,
                    1.600000023841858,
                    1.7999999523162842,
                    2.0
                ]
            }
        },
        "W": {
            "nombre": "BardWAbility/BardW",
            "cooldown": [
                0.0,
                0.0,
                0.0,
                0.0,
                0.0,
                0.0,
                0.0
            ],
            "costo_mana": [
                70.0,
                70.0,
                70.0,
                70.0,
                70.0,
                70.0
            ],
            "rango": [
                25000.0,
                25000.0,
                25000.0,
                25000.0,
                25000.0,
                25000.0,
                25000.0
            ],
            "daño_base": [
                0.17499999701976776,
                0.20000000298023224,
                0.22499999403953552,
                0.25,
                0.2750000059604645,
                0.30000001192092896,
                0.32499998807907104
            ],
            "escalado_1": 0.4000000059604645,
            "escalado_2": 0.4000000059604645,
            "parametros_extra": {
                "ChargeupTime": [
                    5.0,
                    5.0,
                    5.0,
                    5.0,
                    5.0,
                    5.0,
                    5.0
                ],
                "MaxPacks": [
                    3.0,
                    3.0,
                    3.0,
                    3.0,
                    3.0,
                    3.0,
                    3.0
                ],
                "HealingMult": [
                    1.0,
                    1.0,
                    1.0,
                    1.0,
                    1.0,
                    1.0,
                    1.0
                ],
                "Ammo_Limit": [
                    2.0,
                    2.0,
                    2.0,
                    2.0,
                    2.0,
                    2.0,
                    2.0
                ],
                "Ammo_Cooldown": [
                    18.0,
                    18.0,
                    18.0,
                    18.0,
                    18.0,
                    18.0,
                    18.0
                ],
                "MoveSpeed_Duration": [
                    1.5,
                    1.5,
                    1.5,
                    1.5,
                    1.5,
                    1.5,
                    1.5
                ],
                "MoveSpeed_Base": [
                    0.17499999701976776,
                    0.20000000298023224,
                    0.22499999403953552,
                    0.25,
                    0.2750000059604645,
                    0.30000001192092896,
                    0.32499998807907104
                ],
                "MoveSpeed_Ratio": [
                    0.0006000000284984708,
                    0.0006000000284984708,
                    0.0006000000284984708,
                    0.0006000000284984708,
                    0.0006000000284984708,
                    0.0006000000284984708,
                    0.0006000000284984708
                ],
                "MinimumHeal": [
                    0.0,
                    25.0,
                    50.0,
                    75.0,
                    100.0,
                    125.0,
                    150.0
                ],
                "MaximumHeal": [
                    12.5,
                    50.0,
                    87.5,
                    125.0,
                    162.5,
                    200.0,
                    237.5
                ]
            }
        },
        "E": {
            "nombre": "BardEAbility/BardE",
            "cooldown": [
                22.0,
                22.0,
                20.5,
                19.0,
                17.5,
                16.0,
                16.0
            ],
            "costo_mana": [
                30.0,
                30.0,
                30.0,
                30.0,
                30.0,
                30.0
            ],
            "rango": [
                900.0,
                900.0,
                900.0,
                900.0,
                900.0,
                900.0,
                900.0
            ],
            "daño_base": [
                10.0,
                10.0,
                10.0,
                10.0,
                10.0,
                10.0,
                10.0
            ],
            "escalado_1": 0.4000000059604645,
            "escalado_2": 0.0,
            "parametros_extra": {
                "FriendlyMovementBonusPercentage": [
                    33.0,
                    33.0,
                    33.0,
                    33.0,
                    33.0,
                    33.0,
                    33.0
                ]
            }
        },
        "R": {
            "nombre": "BardRAbility/BardR",
            "cooldown": [
                10.0,
                110.0,
                95.0,
                80.0,
                10.0,
                10.0,
                10.0
            ],
            "costo_mana": [
                100.0,
                100.0,
                100.0,
                0.0,
                0.0,
                0.0
            ],