{
    "nombre": "Belveth",
    "stats_base": {
        "Vida": 610.0,
        "Vida_por_nivel": 105.0,
        "Regen_Vida": 1.2000000476837158,
        "Regen_Vida_por_nivel": 0.11999999731779099,
        "Daño_Ataque": 60.0,
        "Daño_Ataque_por_nivel": 1.5,
        "Armadura": 32.0,
        "Armadura_por_nivel": 4.699999809265137,
        "Resistencia_Magica_por_nivel": 2.049999952316284,
        "Vel_Movimiento": 340.0,
        "Rango_Ataque": 150.0,
        "Vel_Ataque_base": 0.8500000238418579,
        "Vel_Ataque_ratio": 0.8500000238418579,
        "Mana": 60.0,
        "Regen_Mana": 0.0
    },
    "habilidades": {
        "Q": {
            "nombre": "BelvethQAbility/BelvethQ",
            "cooldown": [
                1.0,
                1.0,
                1.0,
                1.0,
                1.0,
                1.0,
                1.0
            ],
            "costo_mana": [],
            "rango": [
                450.0,
                450.0,
                450.0,
                450.0,
                450.0,
                450.0,
                450.0
            ],
            "daño_base": [
                -5.0,
                0.0,
                5.0,
                10.0,
                15.0,
                20.0,
                25.0
            ],
            "escalado_1": 1.0,
            "escalado_2": 0.0,
            "parametros_extra": {
                "PerSideCooldown": [
                    16.0,
                    16.0,
                    15.0,
                    14.0,
                    13.0,
                    12.0,
                    11.0
                ],
                "PerSideCDAttackSpeedMultiplier": [
                    0.25,
                    0.25,
                    0.25,
                    0.25,
                    0.25,
                    0.25,
                    0.25
                ],
                "BaseDashSpeed": [
                    750.0,
                    800.0,
                    850.0,
                    900.0,
                    950.0,
                    1000.0,
                    1050.0
                ],
                "DashDistance": [
                    400.0,
                    400.0,
                    400.0,
                    400.0,
                    400.0,
                    400.0,
                    400.0
                ],
                "MaxDistanceOverWalls": [
                    625.0,
                    625.0,
                    625.0,
                    625.0,
                    625.0,
                    625.0,
                    625.0
                ],
                "RiftDashSpeed": [
                    1500.0,
                    1500.0,
                    1500.0,
                    1500.0,
                    1500.0,
                    1500.0,
                    1500.0
                ],
                "CDReduction": [
                    0.5,
                    0.5,
                    0.5,
                    0.5,
                    0.5,
                    0.5,
                    0.5
                ],
                "AttackSpeed": [
                    0.4000000059604645,
                    0.4000000059604645,
                    0.4000000059604645,
                    0.4000000059604645,
                    0.4000000059604645,
                    0.4000000059604645,
                    0.4000000059604645
                ],
                "NumberOfAttacks": [
                    2.0,
                    2.0,
                    2.0,
                    2.0,
                    2.0,
                    2.0,
                    2.0
                ],
                "SpeedDuration": [
                    4.0,
                    4.0,
                    4.0,
                    4.0,
                    4.0,
                    4.0,
                    4.0
                ],
                "AttackSpeedDuration": [
                    2.0,
                    2.0,
                    2.0,
                    2.0,
                    2.0,
                    2.0,
                    2.0
                ],
                "BaseHealthSteal": [
                    0.0,
                    0.009999999776482582,
                    0.019999999552965164,
                    0.029999999329447746,
                    0.03999999910593033,
                    0.05000000074505806,
                    0.05999999865889549
                ],
                "MonsterMod": [
                    45.0,
                    55.0,
                    65.0,
                    75.0,
                    85.0,
                    95.0,
                    105.0
                ],
                "MinonMod": [
                    0.5,
                    0.6000000238418579,
                    0.699999988079071,
                    0.800000011920929,
                    0.8999999761581421,
                    1.0,
                    1.100000023841858
                ]
            }
        },
        "W": {
            "nombre": "BelvethWAbility/BelvethW",
            "cooldown": [
                12.0,
                12.0,
                11.0,
                10.0,
                9.0,
                8.0,
                8.0
            ],
            "costo_mana": [],
            "rango": [
                715.0,
                715.0,
                715.0,
                715.0,
                715.0,
                715.0,
                715.0
            ],
            "daño_base": [
                30.0,
                70.0,
                110.0,
                150.0,
                190.0,
                230.0,
                270.0
            ],
            "escalado_1": 0.0,
            "escalado_2": 0.0,
            "parametros_extra": {
                "Duration": [
                    0.75,
                    0.75,
                    0.75,
                    0.75,
                    0.75,
                    0.75,
                    0.75
                ],
                "SlowPercent": [
                    0.5,
                    0.5,
                    0.5,
                    0.5,
                    0.5,
                    0.5,
                    0.5
                ],
                "SlowDuration": [
                    1.0,
                    1.25,
                    1.5,
                    1.75,
                    2.0,
                    2.25,
                    2.5
                ]
            }
        },
        "E": {
            "nombre": "BelvethEAbility/BelvethE",
            "cooldown": [
                20.0,
                20.0,
                19.0,
                18.0,
                17.0,
                16.0,
                16.0
            ],
            "costo_mana": [],
            "rango": [
                500.0,
                500.0,
                500.0,
                500.0,
                500.0,
                500.0,
                500.0
            ],
            "daño_base": [
                5.0,
                6.0,
                7.0,
                8.0,
                9.0,
                10.0,
                11.0
            ],
            "escalado_1": 0.0,
            "escalado_2": 0.0,
            "parametros_extra": {
                "TotalDuration": [
                    1.5,
                    1.5,
                    1.5,
                    1.5,
                    1.5,
                    1.5,
                    1.5
                ],
                "AttackSpeedMult": [
                    8.0,
                    8.0,
                    8.0,
                    8.0,
                    8.0,
                    8.0,
                    8.0
                ],