{
    "nombre": "Blitzcrank",
    "stats_base": {
        "Vida": 600.0,
        "Vida_por_nivel": 109.0,
        "Regen_Vida": 1.5,
        "Regen_Vida_por_nivel": 0.15000000596046448,
        "Daño_Ataque": 62.0,
        "Daño_Ataque_por_nivel": 3.5,
        "Armadura": 37.0,
        "Armadura_por_nivel": 4.699999809265137,
        "Resistencia_Magica_por_nivel": 2.049999952316284,
        "Vel_Movimiento": 325.0,
        "Rango_Ataque": 125.0,
        "Vel_Ataque_base": 0.625,
        "Vel_Ataque_ratio": 0.625,
        "Vel_Ataque_por_nivel": 1.1299999952316284,
        "Mana": 267.0,
        "Mana_por_nivel": 40.0,
        "Regen_Mana": 1.7000000476837158,
        "Regen_Mana_por_nivel": 0.1599999964237213
    },
    "habilidades": {
        "Q": {
            "nombre": "RocketGrabAbility/RocketGrab",
            "cooldown": [
                21.0,
                20.0,
                19.0,
                18.0,
                17.0,
                16.0,
                16.0
            ],
            "costo_mana": [
                100.0,
                100.0,
                100.0,
                100.0,
                100.0,
                100.0
            ],
            "rango": [
                10000.0,
                10000.0,
                10000.0,
                10000.0,
                10000.0,
                10000.0,
                10000.0
            ],
            "daño_base": [
                40.0,
                90.0,
                140.0,
                190.0,
                240.0,
                290.0,
                340.0
            ],
            "escalado_1": 1.0,
            "escalado_2": 1.2000000476837158,
            "parametros_extra": {
                "LolipopLength": [
                    70.0,
                    70.0,
                    70.0,
                    70.0,
                    70.0,
                    70.0,
                    70.0
                ]
            }
        },
        "W": {
            "nombre": "OverdriveAbility/Overdrive",
            "cooldown": [
                15.0,
                15.0,
                15.0,
                15.0,
                15.0,
                15.0,
                15.0
            ],
            "costo_mana": [
                75.0,
                75.0,
                75.0,
                75.0,
                75.0,
                75.0
            ],
            "rango": [
                1.0,
                1.0,
                1.0,
                1.0,
                1.0,
                1.0,
                1.0
            ],
            "daño_base": [
                0.009999999776482582,
                0.009999999776482582,
                0.009999999776482582,
                0.009999999776482582,
                0.009999999776482582,
                0.009999999776482582,
                0.009999999776482582
            ],
            "escalado_1": 0.0,
            "escalado_2": 0.0,
            "parametros_extra": {
                "MoveSpeedMod": [
                    0.550000011920929,
                    0.6000000238418579,
                    0.6499999761581421,
                    0.699999988079071,
                    0.75,
                    0.800000011920929,
                    0.8500000238418579
                ],
                "AttackSpeedMod": [
                    0.20000000298023224,
                    0.30000001192092896,
                    0.4000000059604645,
                    0.5,
                    0.6000000238418579,
                    0.699999988079071,
                    0.800000011920929
                ],
                "Duration": [
                    5.0,
                    5.0,
                    5.0,
                    5.0,
                    5.0,
                    5.0,
                    5.0
                ],
                "MoveSpeedModReduction": [
                    0.30000001192092896,
                    0.30000001192092896,
                    0.30000001192092896,
                    0.30000001192092896,
                    0.30000001192092896,
                    0.30000001192092896,
                    0.30000001192092896
                ],
                "SlowDuration": [
                    1.5,
                    1.5,
                    1.5,
                    1.5,
                    1.5,
                    1.5,
                    1.5
                ],
                "MoveSpeedModMin": [
                    0.10000000149011612,
                    0.10000000149011612,
                    0.10000000149011612,
                    0.10000000149011612,
                    0.10000000149011612,
                    0.10000000149011612,
                    0.10000000149011612
                ],
                "MoveSpeedModMinTime": [
                    2.5,
                    2.5,
                    2.5,
                    2.5,
                    2.5,
                    2.5,
                    2.5
                ]
            }
        },
        "E": {
            "nombre": "PowerFistAbility/PowerFist",
            "cooldown": [
                7.0,
                7.0,
                6.5,
                6.0,
                5.5,
                5.0,
                5.0
            ],
            "costo_mana": [
                25.0,
                25.0,
                25.0,
                25.0,
                25.0,
                25.0
            ],
            "rango": [
                300.0,
                300.0,
                300.0,
                300.0,
                300.0,
                300.0,
                300.0
            ],
            "daño_base": [],
            "escalado_1": 0.800000011920929,
            "escalado_2": 0.0,
            "parametros_extra": {
                "CCDuration": [
                    1.0,
                    1.0,
                    1.0,
                    1.0,
                    1.0,
                    1.0,
                    1.0
                ]
            }
        },
        "R": {
            "nombre": "StaticFieldAbility/StaticField",
            "cooldown": [
                0.0,
                60.0,
                40.0,
                20.0,
                0.0,
                0.0,
                0.0
            ],
            "costo_mana": [
                100.0,
                100.0,
                100.0,
                150.0,
                150.0,
                0.0
            ],
            "rango": [
                600.0,
                600.0,
                600.0,
                600.0,
                600.0,
                600.0,
                600.0
            ],
            "daño_base": [
                0.0,
                50.0,
                100.0,
                150.0,
                200.0,
                250.0,
                300.0
            ],
            "escalado_1": 0.20000000298023224,
            "escalado_2": 0.20000000298023224,
            "parametros_extra": {
                "ZapCountdown": [
                    1.0,
                    1.0,
                    1.0,
                    1.0,
                    1.0,
                    1.0,
                    1.0
                ],
                "ActiveRange": [
                    600.0,
                    600.0,
                    600.0,
                    600.0,
                    600.0,
                    600.0,
                    600.0
                ],
                "SilenceDuration": [
                    0.5,
                    0.5,
                    0.5,
                    0.5,
                    0.5,
                    0.5,
                    0.5
                ],