{
    "nombre": "Brand",
    "stats_base": {
        "Vida": 570.0,
        "Vida_por_nivel": 105.0,
        "Regen_Vida": 1.100000023841858,
        "Regen_Vida_por_nivel": 0.10999999940395355,
        "Daño_Ataque": 57.0,
        "Daño_Ataque_por_nivel": 3.0,
        "Armadura": 27.0,
        "Armadura_por_nivel": 4.199999809265137,
        "Resistencia_Magica_por_nivel": 1.2999999523162842,
        "Vel_Movimiento": 340.0,
        "Rango_Ataque": 550.0,
        "Vel_Ataque_base": 0.6809999942779541,
        "Vel_Ataque_ratio": 0.625,
        "Vel_Ataque_por_nivel": 2.0,
        "Mana": 469.0,
        "Mana_por_nivel": 21.0,
        "Regen_Mana": 1.7999999523162842,
        "Regen_Mana_por_nivel": 0.11999999731779099
    },
    "habilidades": {
        "Q": {
            "nombre": "BrandQAbility/BrandQ",
            "cooldown": [
                8.5,
                8.0,
                7.5,
                7.0,
                6.5,
                6.0,
                6.0
            ],
            "costo_mana": [
                70.0,
                70.0,
                70.0,
                70.0,
                70.0,
                70.0
            ],
            "rango": [
                25000.0,
                25000.0,
                25000.0,
                25000.0,
                25000.0,
                25000.0,
                25000.0
            ],
            "daño_base": [
                70.0,
                70.0,
                100.0,
                130.0,
                160.0,
                190.0,
                190.0
            ],
            "escalado_1": 0.6499999761581421,
            "escalado_2": 0.0,
            "parametros_extra": {
                "StunDuration": [
                    1.75,
                    1.75,
                    1.75,
                    1.75,
                    1.75,
                    1.75,
                    1.75
                ]
            }
        },
        "W": {
            "nombre": "BrandWAbility/BrandW",
            "cooldown": [
                10.5,
                10.0,
                9.5,
                9.0,
                8.5,
                8.0,
                8.0
            ],
            "costo_mana": [
                60.0,
                70.0,
                80.0,
                90.0,
                100.0,
                110.0
            ],
            "rango": [
                900.0,
                900.0,
                900.0,
                900.0,
                900.0,
                900.0,
                900.0
            ],
            "daño_base": [
                30.0,
                75.0,
                120.0,
                165.0,
                210.0,
                255.0,
                300.0
            ],
            "escalado_1": 0.6000000238418579,
            "escalado_2": 0.75
        },
        "E": {
            "nombre": "BrandEAbility/BrandE",
            "cooldown": [
                13.0,
                13.0,
                12.0,
                11.0,
                10.0,
                9.0,
                9.0
            ],
            "costo_mana": [
                70.0,
                75.0,
                80.0,
                85.0,
                90.0,
                95.0
            ],
            "rango": [
                675.0,
                675.0,
                675.0,
                675.0,
                675.0,
                675.0,
                675.0
            ],
            "daño_base": [
                30.0,
                55.0,
                80.0,
                105.0,
                130.0,
                155.0,
                180.0
            ],
            "escalado_1": 0.6000000238418579,
            "escalado_2": 0.6000000238418579
        },
        "R": {
            "nombre": "BrandRAbility/BrandR",
            "cooldown": [
                100.0,
                100.0,
                90.0,
                80.0,
                80.0,
                80.0,
                80.0
            ],
            "costo_mana": [
                100.0,
                100.0,
                100.0,
                0.0,
                0.0,
                0.0
            ],
            "rango": [
                750.0,
                750.0,
                750.0,
                750.0,
                750.0,
                750.0,
                750.0
            ],
            "daño_base": [
                25.0,
                100.0,
                175.0,
                250.0,
                325.0,
                400.0,
                475.0
            ],
            "escalado_1": 0.30000001192092896,
            "escalado_2": 0.30000001192092896,
            "parametros_extra": {
                "SlowAmount": [
                    15.0,
                    30.0,
                    45.0,
                    60.0,
                    75.0,
                    90.0,
                    105.0
                ],
                "SlowDuration": [
                    0.25,
                    0.25,
                    0.25,
                    0.25,
                    0.25,
                    0.25,
                    0.25
                ]
            }
        }
    },
    "pasiva": {
        "nombre": "BrandPassiveAbility",
        "descripcion": "game_buff_tooltip_BrandPassive"
    }
}