{
    "nombre": "Braum",
    "stats_base": {
        "Vida": 610.0,
        "Vida_por_nivel": 112.0,
        "Regen_Vida": 1.7000000476837158,
        "Regen_Vida_por_nivel": 0.20000000298023224,
        "Daño_Ataque": 55.0,
        "Daño_Ataque_por_nivel": 3.200000047683716,
        "Armadura": 35.0,
        "Armadura_por_nivel": 5.0,
        "Resistencia_Magica_por_nivel": 2.049999952316284,
        "Vel_Movimiento": 335.0,
        "Rango_Ataque": 125.0,
        "Vel_Ataque_base": 0.6439999938011169,
        "Vel_Ataque_ratio": 0.6439999938011169,
        "Vel_Ataque_por_nivel": 3.5,
        "Mana": 311.0,
        "Mana_por_nivel": 45.0,
        "Regen_Mana": 1.399999976158142,
        "Regen_Mana_por_nivel": 0.1599999964237213
    },
    "habilidades": {
        "Q": {
            "nombre": "BraumQAbility/BraumQ",
            "cooldown": [
                8.5,
                8.0,
                7.5,
                7.0,
                6.5,
                6.0,
                5.5
            ],
            "costo_mana": [
                45.0,
                50.0,
                55.0,
                60.0,
                65.0,
                70.0
            ],
            "rango": [
                200000.0,
                200000.0,
                200000.0,
                200000.0,
                200000.0,
                200000.0,
                200000.0
            ],
            "daño_base": [
                30.0,
                75.0,
                120.0,
                165.0,
                210.0,
                255.0,
                300.0
            ],
            "escalado_1": 0.02500000037252903,
            "escalado_2": 0.0,
            "parametros_extra": {
                "InitialSlow": [
                    70.0,
                    70.0,
                    70.0,
                    70.0,
                    70.0,
                    70.0,
                    70.0
                ],
                "MinSlow": [
                    30.0,
                    30.0,
                    30.0,
                    30.0,
                    30.0,
                    30.0,
                    30.0
                ],
                "SlowDuration": [
                    2.0,
                    2.0,
                    2.0,
                    2.0,
                    2.0,
                    2.0,
                    2.0
                ],
                "MissileRange": [
                    1050.0,
                    1050.0,
                    1050.0,
                    1050.0,
                    1050.0,
                    1050.0,
                    1050.0
                ],
                "DebuffDuration": [
                    4.0,
                    4.0,
                    4.0,
                    4.0,
                    4.0,
                    4.0,
                    4.0
                ]
            }
        },
        "W": {
            "nombre": "BraumWAbility/BraumW",
            "cooldown": [
                13.0,
                12.0,
                11.0,
                10.0,
                9.0,
                8.0,
                7.0
            ],
            "costo_mana": [
                40.0,
                40.0,
                40.0,
                40.0,
                40.0,
                40.0
            ],
            "rango": [
                650.0,
                650.0,
                650.0,
                650.0,
                650.0,
                650.0,
                650.0
            ],
            "daño_base": [
                3.0,
                3.0,
                3.0,
                3.0,
                3.0,
                3.0,
                3.0
            ],
            "escalado_1": 0.20000000298023224,
            "escalado_2": 0.0,
            "parametros_extra": {
                "AllyArmorPercent": [
                    0.11999999731779099,
                    0.11999999731779099,
                    0.11999999731779099,
                    0.11999999731779099,
                    0.11999999731779099,
                    0.11999999731779099,
                    0.11999999731779099
                ],
                "BraumArmorPercent": [
                    0.36000001430511475,
                    0.36000001430511475,
                    0.36000001430511475,
                    0.36000001430511475,
                    0.36000001430511475,
                    0.36000001430511475,
                    0.36000001430511475
                ],
                "BaseResists": [
                    15.0,
                    20.0,
                    25.0,
                    30.0,
                    35.0,
                    40.0,
                    45.0
                ],
                "Duration": [
                    3.0,
                    3.0,
                    3.0,
                    3.0,
                    3.0,
                    3.0,
                    3.0
                ],
                "BonusDashSpeed": [
                    750.0,
                    750.0,
                    750.0,
                    750.0,
                    750.0,
                    750.0,
                    750.0
                ]
            }
        },
        "E": {
            "nombre": "BraumEAbility/BraumE",
            "cooldown": [
                18.0,
                16.0,
                14.0,
                12.0,
                10.0,
                8.0,
                8.0
            ],
            "costo_mana": [
                30.0,
                35.0,
                40.0,
                45.0,
                50.0,
                55.0
            ],
            "rango": [
                25000.0,
                25000.0,
                25000.0,
                25000.0,
                25000.0,
                25000.0,
                25000.0
            ],
            "daño_base": [],
            "escalado_1": 0.6000000238418579,
            "escalado_2": 0.30000001192092896,
            "parametros_extra": {
                "RangedReflect": [
                    0.15000000596046448,
                    0.15000000596046448,
                    0.15000000596046448,
                    0.15000000596046448,
                    0.15000000596046448,
                    0.15000000596046448,
                    0.15000000596046448
                ],
                "ShieldHoldDuration": [
                    2.75,
                    3.0,
                    3.25,
                    3.5,
                    3.75,
                    4.0,
                    4.25
                ],
                "ShieldFacingDRAmount": [
                    30.0,
                    35.0,
                    40.0,
                    45.0,
                    50.0,
                    55.0,
                    60.0
                ],
                "MoveSpeedPercent": [
                    10.0,
                    10.0,
                    10.0,
                    10.0,
                    10.0,
                    10.0,
                    10.0
                ]
            }
        },
        "R": {
            "nombre": "BraumRWrapperAbility/BraumRWrapper",
            "cooldown": [
                130.0,
                130.0,
                115.0,
                100.0,
                85.0,
                85.0,
                85.0
            ],
            "costo_mana": [
                100.0,
                100.0,
                100.0,
                100.0,
                100.0,
                100.0
            ],
            "rango": [
                25000.0,
                25000.0,
                25000.0,
                25000.0,
                25000.0,
                25000.0,
                25000.0
            ],
            "daño_base": [
                50.0,
                150.0,
                250.0,
                350.0,
                450.0,
                550.0,
                650.0
            ],