{
    "nombre": "Briar",
    "stats_base": {
        "Vida": 625.0,
        "Vida_por_nivel": 95.0,
        "Regen_Vida": 0.0,
        "Daño_Ataque": 60.0,
        "Daño_Ataque_por_nivel": 2.5,
        "Armadura": 30.0,
        "Armadura_por_nivel": 4.5,
        "Resistencia_Magica_por_nivel": 2.049999952316284,
        "Vel_Movimiento": 340.0,
        "Rango_Ataque": 125.0,
        "Vel_Ataque_base": 0.6439999938011169,
        "Vel_Ataque_ratio": 0.6690000295639038,
        "Vel_Ataque_por_nivel": 2.0,
        "Mana": 0.0,
        "Regen_Mana": 0.0
    },
    "habilidades": {
        "Q": {
            "nombre": "BriarQAbility/BriarQ",
            "cooldown": [
                13.0,
                13.0,
                12.0,
                11.0,
                10.0,
                9.0,
                8.0
            ],
            "costo_mana": [],
            "rango": [
                475.0,
                475.0,
                475.0,
                475.0,
                475.0,
                475.0,
                475.0
            ],
            "daño_base": [
                35.0,
                60.0,
                85.0,
                110.0,
                135.0,
                160.0,
                185.0
            ],
            "escalado_1": 0.0,
            "escalado_2": 0.0,
            "parametros_extra": {
                "DashSpeedBase": [
                    600.0,
                    600.0,
                    600.0,
                    600.0,
                    600.0,
                    600.0,
                    600.0
                ],
                "ExtraDashSpeedBasedOnDistance": [
                    300.0,
                    300.0,
                    300.0,
                    300.0,
                    300.0,
                    300.0,
                    300.0
                ],
                "StunDuration": [
                    0.8500000238418579,
                    0.8500000238418579,
                    0.8500000238418579,
                    0.8500000238418579,
                    0.8500000238418579,
                    0.8500000238418579,
                    0.8500000238418579
                ],
                "ShredPercent": [
                    0.07500000298023224,
                    0.10000000149011612,
                    0.125,
                    0.15000000596046448,
                    0.17499999701976776,
                    0.20000000298023224,
                    0.22499999403953552
                ],
                "ShredDuration": [
                    5.0,
                    5.0,
                    5.0,
                    5.0,
                    5.0,
                    5.0,
                    5.0
                ]
            }
        },
        "W": {
            "nombre": "BriarWAbility/BriarW",
            "cooldown": [
                14.0,
                14.0,
                13.0,
                12.0,
                11.0,
                10.0,
                10.0
            ],
            "costo_mana": [],
            "rango": [
                350.0,
                350.0,
                350.0,
                350.0,
                350.0,
                350.0,
                350.0
            ],
            "daño_base": [
                -10.0,
                5.0,
                20.0,
                35.0,
                50.0,
                65.0,
                80.0
            ],
            "escalado_1": 0.0,
            "escalado_2": 0.0,
            "parametros_extra": {
                "TauntRange": [
                    1000.0,
                    1000.0,
                    1000.0,
                    1000.0,
                    1000.0,
                    1000.0,
                    1000.0
                ],
                "MinDashDistance": [
                    75.0,
                    75.0,
                    75.0,
                    75.0,
                    75.0,
                    75.0,
                    75.0
                ],
                "MaxDashDistance": [
                    300.0,
                    300.0,
                    300.0,
                    300.0,
                    300.0,
                    300.0,
                    300.0
                ],
                "MaxRangeOverWalls": [
                    650.0,
                    650.0,
                    650.0,
                    650.0,
                    650.0,
                    650.0,
                    650.0
                ],
                "DashSpeed": [
                    1200.0,
                    1200.0,
                    1200.0,
                    1200.0,
                    1200.0,
                    1200.0,
                    1200.0
                ],
                "BerserkDuration": [
                    5.0,
                    5.0,
                    5.0,
                    5.0,
                    5.0,
                    5.0,
                    5.0
                ],
                "BerserkAS": [
                    0.44999998807907104,
                    0.550000011920929,
                    0.6499999761581421,
                    0.75,
                    0.8500000238418579,
                    0.949999988079071,
                    1.0499999523162842
                ],
                "BerserkMS": [
                    0.15000000596046448,
                    0.23999999463558197,
                    0.33000001311302185,
                    0.41999998688697815,
                    0.5099999904632568,
                    0.6000000238418579,
                    0.6899999976158142
                ],
                "AttackPercentMissingHealth": [
                    9.0,
                    9.0,
                    9.0,
                    9.0,
                    9.0,
                    9.0,
                    9.0
                ],
                "AttackHealPercent": [
                    0.20000000298023224,
                    0.24000000953674316,
                    0.2800000011920929,
                    0.3199999928474426,
                    0.36000001430511475,
                    0.4000000059604645,
                    0.4399999976158142
                ],
                "AoEAttackRadius": [
                    275.0,
                    275.0,
                    275.0,
                    275.0,
                    275.0,
                    275.0,
                    275.0
                ],
                "MonsterAndMinionPercentMod": [
                    0.10000000149011612,
                    0.10000000149011612,
                    0.10000000149011612,
                    0.10000000149011612,
                    0.10000000149011612,
                    0.10000000149011612,
                    0.10000000149011612
                ]
            }
        },
        "E": {
            "nombre": "BriarEAbility/BriarE",
            "cooldown": [
                16.0,
                16.0,
                16.0,
                16.0,
                16.0,
                16.0,
                16.0
            ],
            "costo_mana": [],
            "rango": [],
            "daño_base": [
                45.0,
                80.0,
                115.0,
                150.0,
                185.0,
                220.0,
                255.0
            ],
            "escalado_1": 0.0,
            "escalado_2": 0.0,
            "parametros_extra": {
                "MinMissileRange": [
                    400.0,
                    400.0,
                    400.0,
                    400.0,
                    400.0,
                    400.0,
                    400.0
                ],
                "MaxMissileRange": [
                    600.0,
                    600.0,
                    600.0,
                    600.0,
                    600.0,
                    600.0,
                    600.0
                ],