{
    "nombre": "Caitlyn",
    "stats_base": {
        "Vida": 580.0,
        "Vida_por_nivel": 107.0,
        "Regen_Vida": 0.699999988079071,
        "Regen_Vida_por_nivel": 0.10999999940395355,
        "Daño_Ataque": 62.0,
        "Daño_Ataque_por_nivel": 3.799999952316284,
        "Armadura": 27.0,
        "Armadura_por_nivel": 4.699999809265137,
        "Resistencia_Magica_por_nivel": 1.2999999523162842,
        "Vel_Movimiento": 325.0,
        "Rango_Ataque": 650.0,
        "Vel_Ataque_base": 0.6809999942779541,
        "Vel_Ataque_ratio": 0.625,
        "Vel_Ataque_por_nivel": 4.0,
        "Mana": 315.0,
        "Mana_por_nivel": 40.0,
        "Regen_Mana": 1.4800000190734863,
        "Regen_Mana_por_nivel": 0.14000000059604645
    },
    "habilidades": {
        "Q": {
            "nombre": "CaitlynQAbility/CaitlynQ",
            "cooldown": [
                11.0,
                10.0,
                9.0,
                8.0,
                7.0,
                6.0,
                6.0
            ],
            "costo_mana": [
                55.0,
                60.0,
                65.0,
                70.0,
                75.0,
                80.0
            ],
            "rango": [
                1300.0,
                1300.0,
                1300.0,
                1300.0,
                1300.0,
                1300.0,
                1300.0
            ],
            "daño_base": [
                10.0,
                50.0,
                90.0,
                130.0,
                170.0,
                210.0,
                250.0
            ],
            "escalado_1": 1.0499999523162842,
            "escalado_2": 0.0,
            "parametros_extra": {
                "SecondaryMult": [
                    0.6000000238418579,
                    0.6000000238418579,
                    0.6000000238418579,
                    0.6000000238418579,
                    0.6000000238418579,
                    0.6000000238418579,
                    0.6000000238418579
                ]
            }
        },
        "W": {
            "nombre": "CaitlynWAbility/CaitlynW",
            "cooldown": [
                0.5,
                0.5,
                0.5,
                0.5,
                0.5,
                0.5,
                0.5
            ],
            "costo_mana": [
                20.0,
                20.0,
                20.0,
                20.0,
                20.0,
                20.0
            ],
            "rango": [
                800.0,
                800.0,
                800.0,
                800.0,
                800.0,
                800.0,
                800.0
            ],
            "daño_base": [
                2.0,
                2.0,
                2.0,
                2.0,
                2.0,
                2.0,
                2.0
            ],
            "escalado_1": 0.30000001192092896,
            "escalado_2": 0.0,
            "parametros_extra": {
                "TrapDuration": [
                    25.0,
                    30.0,
                    35.0,
                    40.0,
                    45.0,
                    50.0,
                    55.0
                ],
                "MaximumTraps": [
                    3.0,
                    3.0,
                    3.0,
                    4.0,
                    4.0,
                    5.0,
                    5.0
                ],
                "RootDuration": [
                    1.5,
                    1.5,
                    1.5,
                    1.5,
                    1.5,
                    1.5,
                    1.5
                ],
                "MaximumCharges": [
                    3.0,
                    3.0,
                    3.0,
                    4.0,
                    4.0,
                    5.0,
                    5.0
                ]
            }
        },
        "E": {
            "nombre": "CaitlynEAbility/CaitlynE",
            "cooldown": [
                18.0,
                16.0,
                14.0,
                12.0,
                10.0,
                8.0,
                6.0
            ],
            "costo_mana": [
                75.0,
                75.0,
                75.0,
                75.0,
                75.0,
                75.0
            ],
            "rango": [
                10000.0,
                10000.0,
                10000.0,
                10000.0,
                10000.0,
                10000.0,
                10000.0
            ],
            "daño_base": [
                40.0,
                80.0,
                130.0,
                180.0,
                230.0,
                280.0,
                310.0
            ],
            "escalado_1": 0.800000011920929,
            "escalado_2": 0.0
        },
        "R": {
            "nombre": "CaitlynRAbility/CaitlynR",
            "cooldown": [
                90.0,
                90.0,
                90.0,
                90.0,
                90.0,
                90.0,
                90.0
            ],
            "costo_mana": [
                100.0,
                100.0,
                100.0,
                0.0,
                0.0,
                0.0
            ],
            "rango": [
                3500.0,
                3500.0,
                3500.0,
                3500.0,
                3500.0,
                3500.0,
                3500.0
            ],
            "daño_base": [
                125.0,
                300.0,
                475.0,
                650.0,
                825.0,
                1000.0,
                1175.0
            ],
            "escalado_1": 1.0,
            "escalado_2": 0.0,
            "parametros_extra": {
                "CriticalStrikeModifier": [
                    0.30000001192092896,
                    0.30000001192092896,
                    0.30000001192092896,
                    0.30000001192092896,
                    0.30000001192092896,
                    0.30000001192092896,
                    0.30000001192092896
                ]
            }
        }
    },
    "pasiva": {
        "nombre": "CaitlynPassiveAbility",
        "descripcion": ""
    }
}