{
    "nombre": "Camille",
    "stats_base": {
        "Vida": 650.0,
        "Vida_por_nivel": 99.0,
        "Regen_Vida": 1.7000000476837158,
        "Regen_Vida_por_nivel": 0.1599999964237213,
        "Daño_Ataque": 68.0,
        "Daño_Ataque_por_nivel": 3.799999952316284,
        "Armadura": 35.0,
        "Armadura_por_nivel": 4.5,
        "Resistencia_Magica_por_nivel": 2.049999952316284,
        "Vel_Movimiento": 340.0,
        "Rango_Ataque": 125.0,
        "Vel_Ataque_base": 0.6439999938011169,
        "Vel_Ataque_ratio": 0.6439999938011169,
        "Vel_Ataque_por_nivel": 2.5,
        "Mana": 339.0,
        "Mana_por_nivel": 52.0,
        "Regen_Mana": 1.6299999952316284,
        "Regen_Mana_por_nivel": 0.15000000596046448
    },
    "habilidades": {
        "Q": {
            "nombre": "CamilleQAbility/CamilleQ",
            "cooldown": [
                9.0,
                9.0,
                8.0,
                7.0,
                6.0,
                5.0,
                5.0
            ],
            "costo_mana": [
                25.0,
                25.0,
                25.0,
                25.0,
                25.0,
                25.0
            ],
            "rango": [
                325.0,
                325.0,
                325.0,
                325.0,
                325.0,
                325.0,
                325.0
            ],
            "daño_base": [],
            "escalado_1": 0.15000000596046448,
            "escalado_2": 0.0,
            "parametros_extra": {
                "QRampUpTime": [
                    1.5,
                    1.5,
                    1.5,
                    1.5,
                    1.5,
                    1.5,
                    1.5
                ],
                "BonusAARange": [
                    50.0,
                    50.0,
                    50.0,
                    50.0,
                    50.0,
                    50.0,
                    50.0
                ],
                "MSBonus": [
                    0.20000000298023224,
                    0.25,
                    0.30000001192092896,
                    0.3499999940395355,
                    0.4000000059604645,
                    0.44999998807907104,
                    0.5
                ],
                "MSDuration": [
                    1.0,
                    1.0,
                    1.0,
                    1.0,
                    1.0,
                    1.0,
                    1.0
                ],
                "QEmpoweredAmp": [
                    2.0,
                    2.0,
                    2.0,
                    2.0,
                    2.0,
                    2.0,
                    2.0
                ],
                "Q2Duration": [
                    2.0,
                    2.0,
                    2.0,
                    2.0,
                    2.0,
                    2.0,
                    2.0
                ],
                "QTotalRecastTime": [
                    3.5,
                    3.5,
                    3.5,
                    3.5,
                    3.5,
                    3.5,
                    3.5
                ]
            }
        },
        "W": {
            "nombre": "CamilleWAbility/CamilleW",
            "cooldown": [
                15.0,
                15.0,
                14.0,
                13.0,
                12.0,
                11.0,
                11.0
            ],
            "costo_mana": [
                50.0,
                55.0,
                60.0,
                65.0,
                70.0,
                75.0
            ],
            "rango": [
                25000.0,
                25000.0,
                25000.0,
                25000.0,
                25000.0,
                25000.0,
                25000.0
            ],
            "daño_base": [
                35.0,
                60.0,
                85.0,
                110.0,
                135.0,
                160.0,
                185.0
            ],
            "escalado_1": 0.6000000238418579,
            "escalado_2": 0.0,
            "parametros_extra": {
                "SlowDuration": [
                    2.0,
                    2.0,
                    2.0,
                    2.0,
                    2.0,
                    2.0,
                    2.0
                ],
                "ChargeDuration": [
                    0.75,
                    0.75,
                    0.75,
                    0.75,
                    0.75,
                    0.75,
                    0.75
                ],
                "SlowPercentage": [
                    80.0,
                    80.0,
                    80.0,
                    80.0,
                    80.0,
                    80.0,
                    80.0
                ],
                "ADRequiredTooltipOnly": [
                    0.0002500000118743628,
                    0.0002500000118743628,
                    0.0002500000118743628,
                    0.0002500000118743628,
                    0.0002500000118743628,
                    0.0002500000118743628,
                    0.0002500000118743628
                ],
                "OuterConeHealingRatio": [
                    100.0,
                    100.0,
                    100.0,
                    100.0,
                    100.0,
                    100.0,
                    100.0
                ],
                "BlastLength": [
                    650.0,
                    650.0,
                    650.0,
                    650.0,
                    650.0,
                    650.0,
                    650.0
                ],
                "ConeAngle": [
                    35.0,
                    35.0,
                    35.0,
                    35.0,
                    35.0,
                    35.0,
                    35.0
                ]
            }
        },
        "E": {
            "nombre": "CamilleEAbility/CamilleE",
            "cooldown": [
                16.0,
                16.0,
                15.0,
                14.0,
                13.0,
                12.0,
                12.0
            ],
            "costo_mana": [
                70.0,
                70.0,
                70.0,
                70.0,
                70.0,
                70.0
            ],
            "rango": [
                25000.0,
                25000.0,
                25000.0,
                25000.0,
                25000.0,
                25000.0,
                25000.0
            ],
            "daño_base": [
                30.0,
                60.0,
                90.0,
                120.0,
                150.0,
                180.0,
                210.0
            ],
            "escalado_1": 0.75,
            "escalado_2": 0.0,
            "parametros_extra": {
                "EMinionMonsterGhostDuration": [
                    3.0,
                    3.0,
                    3.0,
                    3.0,
                    3.0,
                    3.0,
                    3.0
                ],
                "KnockupDuration": [
                    0.75,
                    0.75,
                    0.75,
                    0.75,
                    0.75,
                    0.75,
                    0.75
                ],
                "ASBuff": [
                    0.3499999940395355,
                    0.4000000059604645,
                    0.44999998807907104,
                    0.5,
                    0.550000011920929,
                    0.6000000238418579,
                    0.6499999761581421
                ],
                "DashSpeed": [
                    1050.0,
                    1050.0,
                    1050.0,
                    1050.0,
                    1050.0,
                    1050.0,
                    1050.0
                ],