{
    "nombre": "Chogath",
    "stats_base": {
        "Vida": 644.0,
        "Vida_por_nivel": 94.0,
        "Regen_Vida": 1.7999999523162842,
        "Regen_Vida_por_nivel": 0.17000000178813934,
        "Daño_Ataque": 69.0,
        "Daño_Ataque_por_nivel": 4.199999809265137,
        "Armadura": 38.0,
        "Armadura_por_nivel": 4.5,
        "Resistencia_Magica_por_nivel": 2.049999952316284,
        "Vel_Movimiento": 345.0,
        "Rango_Ataque": 125.0,
        "Vel_Ataque_base": 0.6579999923706055,
        "Vel_Ataque_ratio": 0.625,
        "Vel_Ataque_por_nivel": 1.440000057220459,
        "Mana": 270.0,
        "Mana_por_nivel": 60.0,
        "Regen_Mana": 1.440000057220459,
        "Regen_Mana_por_nivel": 0.09000000357627869
    },
    "habilidades": {
        "Q": {
            "nombre": "RuptureAbility/Rupture",
            "cooldown": [
                6.0,
                6.0,
                6.0,
                6.0,
                6.0,
                6.0,
                6.0
            ],
            "costo_mana": [
                50.0,
                50.0,
                50.0,
                50.0,
                50.0,
                50.0
            ],
            "rango": [
                950.0,
                950.0,
                950.0,
                950.0,
                950.0,
                950.0,
                950.0
            ],
            "daño_base": [
                25.0,
                80.0,
                135.0,
                190.0,
                245.0,
                300.0,
                355.0
            ],
            "escalado_1": 1.0,
            "escalado_2": 0.0,
            "parametros_extra": {
                "SlowAmountPercentage": [
                    60.0,
                    60.0,
                    60.0,
                    60.0,
                    60.0,
                    60.0,
                    60.0
                ]
            }
        },
        "W": {
            "nombre": "FeralScreamAbility/FeralScream",
            "cooldown": [
                11.0,
                11.0,
                10.5,
                10.0,
                9.5,
                9.0,
                9.0
            ],
            "costo_mana": [
                70.0,
                75.0,
                80.0,
                85.0,
                90.0,
                95.0
            ],
            "rango": [
                300.0,
                300.0,
                300.0,
                300.0,
                300.0,
                300.0,
                300.0
            ],
            "daño_base": [
                80.0,
                80.0,
                130.0,
                180.0,
                230.0,
                280.0,
                280.0
            ],
            "escalado_1": 0.699999988079071,
            "escalado_2": 0.0
        },
        "E": {
            "nombre": "VorpalSpikesAbility/VorpalSpikes",
            "cooldown": [
                8.0,
                8.0,
                7.0,
                6.0,
                5.0,
                4.0,
                4.0
            ],
            "costo_mana": [
                30.0,
                30.0,
                30.0,
                30.0,
                30.0,
                30.0
            ],
            "rango": [
                40.0,
                40.0,
                40.0,
                40.0,
                40.0,
                40.0,
                40.0
            ],
            "daño_base": [
                0.0,
                20.0,
                40.0,
                60.0,
                80.0,
                100.0,
                120.0
            ],
            "escalado_1": 0.30000001192092896,
            "escalado_2": 0.30000001192092896,
            "parametros_extra": {
                "FeastStackMultiplier": [
                    0.5,
                    0.5,
                    0.5,
                    0.5,
                    0.5,
                    0.5,
                    0.5
                ],
                "SlowAmountPercentage": [
                    25.0,
                    30.0,
                    35.0,
                    40.0,
                    45.0,
                    50.0,
                    55.0
                ],
                "SlowDuration": [
                    1.5,
                    1.5,
                    1.5,
                    1.5,
                    1.5,
                    1.5,
                    1.5
                ],
                "AttackRangeIncrease": [
                    50.0,
                    50.0,
                    50.0,
                    50.0,
                    50.0,
                    50.0,
                    50.0
                ],
                "MaximumAttacks": [
                    3.0,
                    3.0,
                    3.0,
                    3.0,
                    3.0,
                    3.0,
                    3.0
                ],
                "BuffDuration": [
                    6.0,
                    6.0,
                    6.0,
                    6.0,
                    6.0,
                    6.0,
                    6.0
                ],
                "ModifiedMonsterCap": [
                    50.0,
                    80.0,
                    110.0,
                    140.0,
                    170.0,
                    200.0,
                    230.0
                ]
            }
        },
        "R": {
            "nombre": "FeastAbility/Feast",
            "cooldown": [
                70.0,
                80.0,
                70.0,
                60.0,
                10.0,
                10.0,
                70.0
            ],
            "costo_mana": [
                100.0,
                100.0,
                100.0,
                60.0,
                60.0,
                0.0
            ],
            "rango": [
                175.0,
                175.0,
                175.0,
                175.0,
                175.0,
                175.0,
                175.0
            ],
            "daño_base": [
                1200.0,
                1200.0,
                1200.0,
                1200.0,
                1200.0,
                1200.0,
                1200.0
            ],
            "escalado_1": 0.0,
            "escalado_2": 0.0,
            "parametros_extra": {
                "RHealthPerStack": [
                    40.0,
                    80.0,
                    120.0,
                    160.0,
                    200.0,
                    240.0,
                    280.0
                ],
                "RMinionMaxStacks": [
                    6.0,
                    6.0,
                    6.0,
                    6.0,
                    6.0,
                    6.0,
                    6.0
                ],
                "RStoneplateRatio": [
                    1.0,
                    1.0,
                    1.0,
                    1.0,
                    1.0,
                    1.0,
                    1.0
                ],
                "CastRangePerStack": [
                    2.5,
                    2.5,
                    2.5,
                    2.5,
                    2.5,
                    2.5,
                    2.5
                ],
                "MaxBonusCastRange": [
                    25.0,
                    25.0,
                    25.0,
                    25.0,
                    25.0,
                    25.0,
                    25.0
                ],
                "AttackRangePerStack": [
                    3.200000047683716,
                    4.699999809265137,
                    6.199999809265137,
                    7.699999809265137,
                    9.199999809265137,
                    10.699999809265137,
                    12.199999809265137
                ],