{
    "nombre": "Corki",
    "stats_base": {
        "Vida": 610.0,
        "Vida_por_nivel": 100.0,
        "Regen_Vida": 1.100000023841858,
        "Regen_Vida_por_nivel": 0.10999999940395355,
        "Daño_Ataque": 52.0,
        "Daño_Ataque_por_nivel": 2.0,
        "Armadura": 27.0,
        "Armadura_por_nivel": 4.5,
        "Resistencia_Magica_por_nivel": 1.2999999523162842,
        "Vel_Movimiento": 325.0,
        "Rango_Ataque": 550.0,
        "Vel_Ataque_base": 0.6439999938011169,
        "Vel_Ataque_ratio": 0.6439999938011169,
        "Vel_Ataque_por_nivel": 2.799999952316284,
        "Mana": 350.0,
        "Mana_por_nivel": 40.0,
        "Regen_Mana": 1.4800000190734863,
        "Regen_Mana_por_nivel": 0.14000000059604645
    },
    "habilidades": {
        "Q": {
            "nombre": "PhosphorusBombAbility/PhosphorusBomb",
            "cooldown": [
                8.0,
                9.0,
                8.5,
                8.0,
                7.5,
                7.0,
                7.0
            ],
            "costo_mana": [
                60.0,
                65.0,
                70.0,
                75.0,
                80.0,
                80.0
            ],
            "rango": [
                825.0,
                825.0,
                825.0,
                825.0,
                825.0,
                825.0,
                825.0
            ],
            "daño_base": [
                15.0,
                60.0,
                105.0,
                150.0,
                195.0,
                240.0,
                285.0
            ],
            "escalado_1": 1.25,
            "escalado_2": 1.0,
            "parametros_extra": {
                "RevealDuration": [
                    6.0,
                    6.0,
                    6.0,
                    6.0,
                    6.0,
                    6.0,
                    6.0
                ]
            }
        },
        "W": {
            "nombre": "CarpetBombAbility/CarpetBomb",
            "cooldown": [
                20.0,
                20.0,
                18.0,
                16.0,
                14.0,
                12.0,
                12.0
            ],
            "costo_mana": [
                80.0,
                85.0,
                90.0,
                95.0,
                100.0,
                100.0
            ],
            "rango": [
                10000.0,
                10000.0,
                10000.0,
                10000.0,
                10000.0,
                10000.0,
                10000.0
            ],
            "daño_base": [
                75.0,
                150.0,
                225.0,
                300.0,
                375.0,
                450.0,
                525.0
            ],
            "escalado_1": 2.0,
            "escalado_2": 1.5,
            "parametros_extra": {
                "TrailDuration": [
                    2.5,
                    2.5,
                    2.5,
                    2.5,
                    2.5,
                    2.5,
                    2.5
                ],
                "TicksPerSecond": [
                    2.0,
                    2.0,
                    2.0,
                    2.0,
                    2.0,
                    2.0,
                    2.0
                ],
                "MaximumTicks": [
                    5.0,
                    5.0,
                    5.0,
                    5.0,
                    5.0,
                    5.0,
                    5.0
                ],
                "DashSpeedBase": [
                    650.0,
                    650.0,
                    650.0,
                    650.0,
                    650.0,
                    650.0,
                    650.0
                ],
                "DashSpeedRatio": [
                    1.0,
                    1.0,
                    1.0,
                    1.0,
                    1.0,
                    1.0,
                    1.0
                ],
                "MinimumRange": [
                    300.0,
                    300.0,
                    300.0,
                    300.0,
                    300.0,
                    300.0,
                    300.0
                ],
                "MaximumRange": [
                    600.0,
                    600.0,
                    600.0,
                    600.0,
                    600.0,
                    600.0,
                    600.0
                ]
            }
        },
        "E": {
            "nombre": "GGunAbility/GGun",
            "cooldown": [
                12.0,
                12.0,
                12.0,
                12.0,
                12.0,
                12.0,
                12.0
            ],
            "costo_mana": [
                50.0,
                55.0,
                60.0,
                65.0,
                70.0,
                70.0
            ],
            "rango": [
                600.0,
                600.0,
                600.0,
                600.0,
                600.0,
                600.0,
                600.0
            ],
            "daño_base": [
                30.0,
                80.0,
                130.0,
                180.0,
                230.0,
                280.0,
                330.0
            ],
            "escalado_1": 2.4000000953674316,
            "escalado_2": 0.0,
            "parametros_extra": {
                "SprayDuration": [
                    4.0,
                    4.0,
                    4.0,
                    4.0,
                    4.0,
                    4.0,
                    4.0
                ],
                "TicksPerSecond": [
                    4.0,
                    4.0,
                    4.0,
                    4.0,
                    4.0,
                    4.0,
                    4.0
                ],
                "ShredMax": [
                    -10.0,
                    -12.0,
                    -14.0,
                    -16.0,
                    -18.0,
                    -20.0,
                    -22.0
                ],
                "ShredCap": [
                    4.0,
                    4.0,
                    4.0,
                    4.0,
                    4.0,
                    4.0,
                    4.0
                ],
                "ShredDuration": [
                    2.0,
                    2.0,
                    2.0,
                    2.0,
                    2.0,
                    2.0,
                    2.0
                ]
            }
        },
        "R": {
            "nombre": "MissileBarrageAbility/MissileBarrage",
            "cooldown": [
                2.0,
                2.0,
                2.0,
                2.0,
                2.0,
                2.0,
                2.0
            ],
            "costo_mana": [
                35.0,
                35.0,
                35.0,
                35.0,
                35.0,
                35.0
            ],
            "rango": [
                25000.0,
                25000.0,
                25000.0,
                25000.0,
                25000.0,
                25000.0,
                25000.0
            ],
            "daño_base": [
                10.0,
                90.0,
                170.0,
                250.0,
                330.0,
                410.0,
                490.0
            ],
            "escalado_1": 0.8500000238418579,
            "escalado_2": 0.0,
            "parametros_extra": {
                "RBaseMissileRadius": [
                    200.0,
                    200.0,
                    200.0,
                    200.0,
                    200.0,
                    200.0,
                    200.0
                ],