{
    "nombre": "Darius",
    "stats_base": {
        "Vida": 652.0,
        "Vida_por_nivel": 114.0,
        "Regen_Vida": 2.0,
        "Regen_Vida_por_nivel": 0.1899999976158142,
        "Daño_Ataque": 64.0,
        "Daño_Ataque_por_nivel": 5.0,
        "Armadura": 37.0,
        "Armadura_por_nivel": 5.199999809265137,
        "Resistencia_Magica_por_nivel": 2.049999952316284,
        "Vel_Movimiento": 340.0,
        "Rango_Ataque": 175.0,
        "Vel_Ataque_base": 0.625,
        "Vel_Ataque_ratio": 0.625,
        "Vel_Ataque_por_nivel": 1.0,
        "Mana": 263.0,
        "Mana_por_nivel": 58.0,
        "Regen_Mana": 1.3200000524520874,
        "Regen_Mana_por_nivel": 0.07000000029802322
    },
    "habilidades": {
        "Q": {
            "nombre": "DariusCleaveAbility/DariusCleave",
            "cooldown": [
                10.0,
                9.0,
                8.0,
                7.0,
                6.0,
                5.0,
                5.0
            ],
            "costo_mana": [
                25.0,
                30.0,
                35.0,
                40.0,
                45.0,
                50.0
            ],
            "rango": [
                270.0,
                270.0,
                270.0,
                270.0,
                270.0,
                270.0,
                270.0
            ],
            "daño_base": [
                90.0,
                100.0,
                110.0,
                120.0,
                130.0,
                140.0,
                150.0
            ],
            "escalado_1": 90.0,
            "escalado_2": 0.0,
            "parametros_extra": {
                "MissingHealthHeal": [
                    17.0,
                    17.0,
                    17.0,
                    17.0,
                    17.0,
                    17.0,
                    17.0
                ]
            }
        },
        "W": {
            "nombre": "DariusNoxianTacticsONHAbility/DariusNoxianTacticsONH",
            "cooldown": [
                5.0,
                5.0,
                5.0,
                5.0,
                5.0,
                5.0,
                5.0
            ],
            "costo_mana": [
                40.0,
                40.0,
                40.0,
                40.0,
                40.0,
                40.0
            ],
            "rango": [
                300.0,
                300.0,
                300.0,
                300.0,
                300.0,
                300.0,
                300.0
            ],
            "daño_base": [],
            "escalado_1": 0.0,
            "escalado_2": 1.0
        },
        "E": {
            "nombre": "DariusAxeGrabConeAbility/DariusAxeGrabCone",
            "cooldown": [
                26.0,
                26.0,
                23.5,
                21.0,
                18.5,
                16.0,
                16.0
            ],
            "costo_mana": [
                70.0,
                60.0,
                50.0,
                40.0,
                30.0,
                20.0
            ],
            "rango": [
                550.0,
                550.0,
                550.0,
                550.0,
                550.0,
                550.0,
                550.0
            ],
            "daño_base": [
                20.0,
                20.0,
                25.0,
                30.0,
                35.0,
                40.0,
                45.0
            ],
            "escalado_1": 0.6000000238418579,
            "escalado_2": 0.0
        },
        "R": {
            "nombre": "DariusExecuteAbility/DariusExecute",
            "cooldown": [
                120.0,
                120.0,
                100.0,
                80.0,
                6.0,
                6.0,
                6.0
            ],
            "costo_mana": [
                100.0,
                100.0,
                0.0,
                0.0,
                0.0,
                0.0
            ],
            "rango": [
                475.0,
                475.0,
                475.0,
                475.0,
                475.0,
                475.0,
                375.0
            ],
            "daño_base": [
                0.0,
                125.0,
                250.0,
                375.0,
                500.0,
                625.0,
                750.0
            ],
            "escalado_1": 1.2000000476837158,
            "escalado_2": 0.0,
            "parametros_extra": {
                "RRecastDuration": [
                    20.0,
                    20.0,
                    20.0,
                    20.0,
                    20.0,
                    20.0,
                    20.0
                ]
            }
        }
    },
    "pasiva": {
        "nombre": "DariusHemoMarkerAbility",
        "descripcion": "Spell_DariusHemoMarker_Summary"
    }
}