{
    "nombre": "Diana",
    "stats_base": {
        "Vida": 640.0,
        "Vida_por_nivel": 109.0,
        "Regen_Vida": 1.2999999523162842,
        "Regen_Vida_por_nivel": 0.17000000178813934,
        "Daño_Ataque": 57.0,
        "Daño_Ataque_por_nivel": 3.0,
        "Armadura": 31.0,
        "Armadura_por_nivel": 4.299999713897705,
        "Resistencia_Magica_por_nivel": 2.049999952316284,
        "Vel_Movimiento": 345.0,
        "Rango_Ataque": 150.0,
        "Vel_Ataque_base": 0.625,
        "Vel_Ataque_ratio": 0.6940000057220459,
        "Vel_Ataque_por_nivel": 2.0,
        "Mana": 375.0,
        "Mana_por_nivel": 25.0,
        "Regen_Mana": 1.600000023841858,
        "Regen_Mana_por_nivel": 0.1599999964237213
    },
    "habilidades": {
        "Q": {
            "nombre": "DianaQAbility/DianaQ",
            "cooldown": [
                8.0,
                8.0,
                7.5,
                7.0,
                6.5,
                6.0,
                6.0
            ],
            "costo_mana": [
                50.0,
                50.0,
                50.0,
                50.0,
                50.0,
                50.0
            ],
            "rango": [
                25000.0,
                25000.0,
                25000.0,
                25000.0,
                25000.0,
                25000.0,
                25000.0
            ],
            "daño_base": [
                35.0,
                70.0,
                105.0,
                140.0,
                175.0,
                210.0,
                245.0
            ],
            "escalado_1": 0.699999988079071,
            "escalado_2": 0.699999988079071,
            "parametros_extra": {
                "MoonlightDuration": [
                    3.0,
                    3.0,
                    3.0,
                    3.0,
                    3.0,
                    3.0,
                    3.0
                ]
            }
        },
        "W": {
            "nombre": "DianaOrbsAbility/DianaOrbs",
            "cooldown": [
                15.0,
                15.0,
                13.5,
                12.0,
                10.5,
                9.0,
                7.5
            ],
            "costo_mana": [
                40.0,
                45.0,
                50.0,
                55.0,
                60.0,
                65.0
            ],
            "rango": [
                750.0,
                750.0,
                750.0,
                750.0,
                750.0,
                750.0,
                750.0
            ],
            "daño_base": [
                5.0,
                5.0,
                5.0,
                5.0,
                5.0,
                5.0,
                5.0
            ],
            "escalado_1": 0.20000000298023224,
            "escalado_2": 0.30000001192092896,
            "parametros_extra": {
                "ShieldBase": [
                    30.0,
                    45.0,
                    60.0,
                    75.0,
                    90.0,
                    105.0,
                    120.0
                ],
                "ShieldDuration": [
                    5.0,
                    5.0,
                    5.0,
                    5.0,
                    5.0,
                    5.0,
                    5.0
                ],
                "ShieldBHPRatio": [
                    0.09000000357627869,
                    0.09000000357627869,
                    0.09000000357627869,
                    0.09000000357627869,
                    0.09000000357627869,
                    0.09000000357627869,
                    0.09000000357627869
                ]
            }
        },
        "E": {
            "nombre": "DianaTeleportAbility/DianaTeleport",
            "cooldown": [
                22.0,
                22.0,
                20.0,
                18.0,
                16.0,
                14.0,
                10.0
            ],
            "costo_mana": [
                40.0,
                45.0,
                50.0,
                55.0,
                60.0,
                60.0
            ],
            "rango": [
                825.0,
                825.0,
                825.0,
                825.0,
                825.0,
                825.0,
                825.0
            ],
            "daño_base": [
                0.0,
                4.0,
                4.0,
                4.0,
                0.0,
                0.0,
                0.0
            ],
            "escalado_1": 0.6000000238418579,
            "escalado_2": 0.6000000238418579,
            "parametros_extra": {
                "CDResetTime": [
                    0.25,
                    0.25,
                    0.25,
                    0.25,
                    0.25,
                    0.25,
                    0.25
                ]
            }
        },
        "R": {
            "nombre": "DianaRAbility/DianaR",
            "cooldown": [
                100.0,
                100.0,
                90.0,
                80.0,
                80.0,
                80.0,
                80.0
            ],
            "costo_mana": [
                100.0,
                100.0,
                100.0,
                100.0,
                100.0,
                100.0
            ],
            "rango": [
                475.0,
                475.0,
                475.0,
                475.0,
                475.0,
                475.0,
                475.0
            ],
            "daño_base": [
                -0.3499999940395355,
                -0.3499999940395355,
                -0.4000000059604645,
                -0.44999998807907104,
                -0.5,
                -0.550000011920929,
                -0.6000000238418579
            ],
            "escalado_1": 0.6000000238418579,
            "escalado_2": 0.0,
            "parametros_extra": {
                "Delay": [
                    1.0,
                    1.0,
                    1.0,
                    1.0,
                    1.0,
                    1.0,
                    1.0
                ],
                "SlowPotency": [
                    -0.30000001192092896,
                    -0.4000000059604645,
                    -0.5,
                    -0.6000000238418579,
                    -0.699999988079071,
                    -0.800000011920929,
                    -0.8999999761581421
                ],
                "SlowDuration": [
                    2.0,
                    2.0,
                    2.0,
                    2.0,
                    2.0,
                    2.0,
                    2.0
                ],
                "SlowTooltip": [
                    30.0,
                    40.0,
                    50.0,
                    60.0,
                    70.0,
                    80.0,
                    90.0
                ],
                "MultihitAmp": [
                    10.0,
                    35.0,
                    60.0,
                    85.0,
                    110.0,
                    135.0,
                    160.0
                ]
            }
        }
    },
    "pasiva": {
        "nombre": "DianaPassiveAbility",
        "descripcion": "game_buff_tooltip_DianaPassive"
    }
}