{
    "nombre": "Draven",
    "stats_base": {
        "Vida": 675.0,
        "Vida_por_nivel": 104.0,
        "Regen_Vida": 0.75,
        "Regen_Vida_por_nivel": 0.14000000059604645,
        "Daño_Ataque": 62.0,
        "Daño_Ataque_por_nivel": 3.4000000953674316,
        "Armadura": 29.0,
        "Armadura_por_nivel": 4.5,
        "Resistencia_Magica_por_nivel": 1.2999999523162842,
        "Vel_Movimiento": 330.0,
        "Rango_Ataque": 550.0,
        "Vel_Ataque_base": 0.6790000200271606,
        "Vel_Ataque_ratio": 0.6790000200271606,
        "Vel_Ataque_por_nivel": 2.700000047683716,
        "Mana": 361.0,
        "Mana_por_nivel": 39.0,
        "Regen_Mana": 1.6100000143051147,
        "Regen_Mana_por_nivel": 0.12999999523162842
    },
    "habilidades": {
        "Q": {
            "nombre": "DravenSpinningAbility/DravenSpinning",
            "cooldown": [
                12.0,
                12.0,
                11.0,
                10.0,
                9.0,
                8.0,
                8.0
            ],
            "costo_mana": [
                45.0,
                45.0,
                45.0,
                45.0,
                45.0,
                45.0
            ],
            "rango": [
                25000.0,
                25000.0,
                25000.0,
                25000.0,
                25000.0,
                25000.0,
                25000.0
            ],
            "daño_base": [
                35.0,
                40.0,
                45.0,
                50.0,
                55.0,
                60.0,
                65.0
            ],
            "escalado_1": 0.0,
            "escalado_2": 0.0,
            "parametros_extra": {
                "ADScaling": [
                    0.6499999761581421,
                    0.75,
                    0.8500000238418579,
                    0.949999988079071,
                    1.0499999523162842,
                    1.149999976158142,
                    1.25
                ],
                "DurationTOOLTIP": [
                    6.0,
                    6.0,
                    6.0,
                    6.0,
                    6.0,
                    6.0,
                    6.0
                ]
            }
        },
        "W": {
            "nombre": "DravenFuryAbility/DravenFury",
            "cooldown": [
                12.0,
                12.0,
                12.0,
                12.0,
                12.0,
                12.0,
                12.0
            ],
            "costo_mana": [
                40.0,
                35.0,
                30.0,
                25.0,
                20.0,
                15.0
            ],
            "rango": [
                1000.0,
                1000.0,
                1000.0,
                1000.0,
                1000.0,
                1000.0,
                1000.0
            ],
            "daño_base": [],
            "escalado_1": 1.0,
            "escalado_2": 0.0,
            "parametros_extra": {
                "AttackSpeed": [
                    0.15000000596046448,
                    0.20000000298023224,
                    0.25,
                    0.30000001192092896,
                    0.3499999940395355,
                    0.4000000059604645,
                    0.44999998807907104
                ],
                "AttackSpeedDuration": [
                    3.0,
                    3.0,
                    3.0,
                    3.0,
                    3.0,
                    3.0,
                    3.0
                ],
                "MoveSpeed": [
                    0.44999998807907104,
                    0.5,
                    0.550000011920929,
                    0.6000000238418579,
                    0.6499999761581421,
                    0.699999988079071,
                    0.75
                ],
                "MoveSpeedDuration": [
                    1.5,
                    1.5,
                    1.5,
                    1.5,
                    1.5,
                    1.5,
                    1.5
                ]
            }
        },
        "E": {
            "nombre": "DravenDoubleShotAbility/DravenDoubleShot",
            "cooldown": [
                19.0,
                18.0,
                17.0,
                16.0,
                15.0,
                14.0,
                14.0
            ],
            "costo_mana": [
                70.0,
                70.0,
                70.0,
                70.0,
                70.0,
                70.0
            ],
            "rango": [
                10000.0,
                10000.0,
                10000.0,
                10000.0,
                10000.0,
                10000.0,
                10000.0
            ],
            "daño_base": [
                40.0,
                75.0,
                110.0,
                145.0,
                180.0,
                215.0,
                250.0
            ],
            "escalado_1": 0.5,
            "escalado_2": 0.0
        },
        "R": {
            "nombre": "DravenRCastAbility/DravenRCast",
            "cooldown": [
                100.0,
                100.0,
                90.0,
                80.0,
                0.0,
                0.0,
                0.0
            ],
            "costo_mana": [
                100.0,
                100.0,
                100.0,
                100.0,
                100.0,
                100.0
            ],
            "rango": [
                20000.0,
                20000.0,
                20000.0,
                20000.0,
                20000.0,
                20000.0,
                20000.0
            ],
            "daño_base": [
                100.0,
                200.0,
                300.0,
                400.0,
                500.0,
                600.0,
                700.0
            ],
            "escalado_1": 0.0,
            "escalado_2": 0.0,
            "parametros_extra": {
                "RCoefficient": [
                    0.8999999761581421,
                    1.100000023841858,
                    1.2999999523162842,
                    1.5,
                    1.7000000476837158,
                    1.899999976158142,
                    2.0999999046325684
                ],
                "RPassiveStacksCoefficient": [
                    1.0,
                    1.0,
                    1.0,
                    1.0,
                    1.0,
                    1.0,
                    1.0
                ]
            }
        }
    },
    "pasiva": {
        "nombre": "DravenPassiveAbility",
        "descripcion": "game_buff_tooltip_DravenPassive"
    }
}