{
    "nombre": "DrMundo",
    "stats_base": {
        "Vida": 640.0,
        "Vida_por_nivel": 103.0,
        "Regen_Vida": 1.399999976158142,
        "Regen_Vida_por_nivel": 0.10000000149011612,
        "Daño_Ataque": 61.0,
        "Daño_Ataque_por_nivel": 2.5,
        "Armadura": 32.0,
        "Armadura_por_nivel": 4.5,
        "Resistencia_Magica_por_nivel": 2.299999952316284,
        "Vel_Movimiento": 345.0,
        "Rango_Ataque": 125.0,
        "Vel_Ataque_base": 0.6700000166893005,
        "Vel_Ataque_ratio": 0.625,
        "Vel_Ataque_por_nivel": 3.299999952316284,
        "Mana": 0.0,
        "Regen_Mana": 0.0
    },
    "habilidades": {
        "Q": {
            "nombre": "DrMundoQAbility/DrMundoQ",
            "cooldown": [
                4.0,
                4.0,
                4.0,
                4.0,
                4.0,
                4.0,
                4.0
            ],
            "costo_mana": [],
            "rango": [
                1050.0,
                1050.0,
                1050.0,
                1050.0,
                1050.0,
                1050.0,
                1050.0
            ],
            "daño_base": [
                0.17499999701976776,
                0.20000000298023224,
                0.22499999403953552,
                0.25,
                0.2750000059604645,
                0.30000001192092896,
                0.32499998807907104
            ],
            "escalado_1": 0.0,
            "escalado_2": 0.0,
            "parametros_extra": {
                "SlowDuration": [
                    2.0,
                    2.0,
                    2.0,
                    2.0,
                    2.0,
                    2.0,
                    2.0
                ],
                "SlowAmount": [
                    0.4000000059604645,
                    0.4000000059604645,
                    0.4000000059604645,
                    0.4000000059604645,
                    0.4000000059604645,
                    0.4000000059604645,
                    0.4000000059604645
                ],
                "HealthCost": [
                    40.0,
                    50.0,
                    60.0,
                    70.0,
                    80.0,
                    90.0,
                    100.0
                ],
                "HealthRefundOnHitChampionMonsterPercent": [
                    1.0,
                    1.0,
                    1.0,
                    1.0,
                    1.0,
                    1.0,
                    1.0
                ],
                "HealthRefundOnHitMinionPercent": [
                    0.5,
                    0.5,
                    0.5,
                    0.5,
                    0.5,
                    0.5,
                    0.5
                ]
            }
        },
        "W": {
            "nombre": "DrMundoWAbility/DrMundoW",
            "cooldown": [
                17.0,
                17.0,
                16.5,
                16.0,
                15.5,
                15.0,
                15.0
            ],
            "costo_mana": [],
            "rango": [
                325.0,
                325.0,
                325.0,
                325.0,
                325.0,
                325.0,
                325.0
            ],
            "daño_base": [
                1.25,
                5.0,
                8.75,
                12.5,
                16.25,
                20.0,
                23.75
            ],
            "escalado_1": 0.0,
            "escalado_2": 0.0,
            "parametros_extra": {
                "Duration": [
                    3.0,
                    3.0,
                    3.0,
                    3.0,
                    3.0,
                    3.0,
                    3.0
                ],
                "CurrentHealthCost": [
                    0.07999999821186066,
                    0.07999999821186066,
                    0.07999999821186066,
                    0.07999999821186066,
                    0.07999999821186066,
                    0.07999999821186066,
                    0.07999999821186066
                ],
                "GrayHealthStorage": [
                    0.25,
                    0.25,
                    0.25,
                    0.25,
                    0.25,
                    0.25,
                    0.25
                ],
                "GrayHealthInitialDuration": [
                    0.75,
                    0.75,
                    0.75,
                    0.75,
                    0.75,
                    0.75,
                    0.75
                ],
                "GrayHealthBigMod": [
                    1.0,
                    1.0,
                    1.0,
                    1.0,
                    1.0,
                    1.0,
                    1.0
                ],
                "GrayHealthSmallMod": [
                    0.5,
                    0.5,
                    0.5,
                    0.5,
                    0.5,
                    0.5,
                    0.5
                ],
                "SecondCastRange": [
                    325.0,
                    325.0,
                    325.0,
                    325.0,
                    325.0,
                    325.0,
                    325.0
                ],
                "SecondCastLockout": [
                    0.5,
                    0.5,
                    0.5,
                    0.5,
                    0.5,
                    0.5,
                    0.5
                ]
            }
        },
        "E": {
            "nombre": "DrMundoEAbility/DrMundoE",
            "cooldown": [
                9.0,
                9.0,
                8.25,
                7.5,
                6.75,
                6.0,
                6.0
            ],
            "costo_mana": [],
            "rango": [
                0.0,
                0.0,
                0.0,
                0.0,
                0.0,
                0.0,
                0.0
            ],
            "daño_base": [
                -5.0,
                5.0,
                15.0,
                25.0,
                35.0,
                45.0,
                55.0
            ],
            "escalado_1": 1.7000000476837158,
            "escalado_2": 0.0,
            "parametros_extra": {
                "AttackOverrideDuration": [
                    4.0,
                    4.0,
                    4.0,
                    4.0,
                    4.0,
                    4.0,
                    4.0
                ],
                "FlatHealthCost": [
                    -5.0,
                    10.0,
                    25.0,
                    40.0,
                    55.0,
                    70.0,
                    85.0
                ],
                "BonusHealthRatio": [
                    0.05000000074505806,
                    0.05000000074505806,
                    0.05000000074505806,
                    0.05000000074505806,
                    0.05000000074505806,
                    0.05000000074505806,
                    0.05000000074505806
                ],
                "MaxMissingHealthThreshold": [
                    0.699999988079071,
                    0.699999988079071,
                    0.699999988079071,
                    0.699999988079071,
                    0.699999988079071,
                    0.699999988079071,
                    0.699999988079071
                ],
                "MinionMod": [
                    1.399999976158142,
                    1.399999976158142,
                    1.399999976158142,
                    1.399999976158142,
                    1.399999976158142,
                    1.399999976158142,
                    1.399999976158142
                ],