{
    "nombre": "Ekko",
    "stats_base": {
        "Vida": 655.0,
        "Vida_por_nivel": 99.0,
        "Regen_Vida": 1.7999999523162842,
        "Regen_Vida_por_nivel": 0.18000000715255737,
        "Daño_Ataque": 58.0,
        "Daño_Ataque_por_nivel": 3.0,
        "Armadura": 32.0,
        "Armadura_por_nivel": 4.199999809265137,
        "Resistencia_Magica_por_nivel": 2.049999952316284,
        "Vel_Movimiento": 340.0,
        "Rango_Ataque": 125.0,
        "Vel_Ataque_base": 0.6880000233650208,
        "Vel_Ataque_ratio": 0.625,
        "Vel_Ataque_por_nivel": 3.299999952316284,
        "Mana": 280.0,
        "Mana_por_nivel": 70.0,
        "Regen_Mana": 1.399999976158142,
        "Regen_Mana_por_nivel": 0.1599999964237213
    },
    "habilidades": {
        "Q": {
            "nombre": "EkkoQAbility/EkkoQ",
            "cooldown": [
                9.5,
                9.0,
                8.5,
                8.0,
                7.5,
                7.0,
                7.0
            ],
            "costo_mana": [
                50.0,
                60.0,
                70.0,
                80.0,
                90.0,
                100.0
            ],
            "rango": [
                10000.0,
                10000.0,
                10000.0,
                10000.0,
                10000.0,
                10000.0,
                10000.0
            ],
            "daño_base": [
                55.0,
                70.0,
                85.0,
                100.0,
                115.0,
                130.0,
                145.0
            ],
            "escalado_1": 0.30000001192092896,
            "escalado_2": 0.6000000238418579
        },
        "W": {
            "nombre": "EkkoWAbility/EkkoW",
            "cooldown": [
                24.0,
                22.0,
                20.0,
                18.0,
                16.0,
                14.0,
                14.0
            ],
            "costo_mana": [
                30.0,
                35.0,
                40.0,
                45.0,
                50.0,
                50.0
            ],
            "rango": [
                1600.0,
                1600.0,
                1600.0,
                1600.0,
                1600.0,
                1600.0,
                1600.0
            ],
            "daño_base": [
                375.0,
                375.0,
                375.0,
                375.0,
                375.0,
                375.0,
                375.0
            ],
            "escalado_1": 1.5,
            "escalado_2": 0.029999999329447746,
            "parametros_extra": {
                "BelowHealthThreshold": [
                    0.30000001192092896,
                    0.30000001192092896,
                    0.30000001192092896,
                    0.30000001192092896,
                    0.30000001192092896,
                    0.30000001192092896,
                    0.30000001192092896
                ]
            }
        },
        "E": {
            "nombre": "EkkoEAbility/EkkoE",
            "cooldown": [
                9.5,
                9.0,
                8.5,
                8.0,
                7.5,
                7.0,
                7.0
            ],
            "costo_mana": [
                40.0,
                45.0,
                50.0,
                55.0,
                60.0,
                60.0
            ],
            "rango": [
                25000.0,
                25000.0,
                25000.0,
                25000.0,
                25000.0,
                25000.0,
                25000.0
            ],
            "daño_base": [
                25.0,
                50.0,
                75.0,
                100.0,
                125.0,
                150.0,
                175.0
            ],
            "escalado_1": 0.4000000059604645,
            "escalado_2": 1.0
        },
        "R": {
            "nombre": "EkkoRAbility/EkkoR",
            "cooldown": [
                110.0,
                110.0,
                80.0,
                50.0,
                50.0,
                50.0,
                50.0
            ],
            "costo_mana": [
                100.0,
                100.0,
                100.0,
                0.0,
                0.0,
                0.0
            ],
            "rango": [
                25000.0,
                25000.0,
                25000.0,
                25000.0,
                25000.0,
                25000.0,
                25000.0
            ],
            "daño_base": [
                50.0,
                200.0,
                350.0,
                500.0,
                650.0,
                800.0,
                950.0
            ],
            "escalado_1": 0.0,
            "escalado_2": 0.0,
            "parametros_extra": {
                "FlatHeal": [
                    50.0,
                    100.0,
                    150.0,
                    200.0,
                    250.0,
                    300.0,
                    350.0
                ],
                "AoERadius": [
                    375.0,
                    375.0,
                    375.0,
                    375.0,
                    375.0,
                    375.0,
                    375.0
                ],
                "PercentHealAmpPerPercentMissingHealth": [
                    3.0,
                    3.0,
                    3.0,
                    3.0,
                    3.0,
                    3.0,
                    3.0
                ]
            }
        }
    },
    "pasiva": {
        "nombre": "EkkoPassiveAbility",
        "descripcion": "game_buff_tooltip_EkkoPassive"
    }
}