{
    "nombre": "Elise",
    "stats_base": {
        "Vida": 620.0,
        "Vida_por_nivel": 109.0,
        "Regen_Vida": 1.100000023841858,
        "Regen_Vida_por_nivel": 0.11999999731779099,
        "Daño_Ataque": 55.0,
        "Daño_Ataque_por_nivel": 3.0,
        "Armadura": 30.0,
        "Armadura_por_nivel": 4.5,
        "Resistencia_Magica_por_nivel": 1.2999999523162842,
        "Vel_Movimiento": 330.0,
        "Rango_Ataque": 550.0,
        "Vel_Ataque_base": 0.625,
        "Vel_Ataque_ratio": 0.625,
        "Vel_Ataque_por_nivel": 1.75,
        "Mana": 324.0,
        "Mana_por_nivel": 50.0,
        "Regen_Mana": 1.2000000476837158,
        "Regen_Mana_por_nivel": 0.1599999964237213
    },
    "habilidades": {
        "Q": {
            "nombre": "EliseHumanQAbility/EliseHumanQ",
            "cooldown": [
                6.0,
                6.0,
                6.0,
                6.0,
                6.0,
                6.0,
                6.0
            ],
            "costo_mana": [
                80.0,
                85.0,
                90.0,
                95.0,
                100.0,
                105.0
            ],
            "rango": [
                575.0,
                575.0,
                575.0,
                575.0,
                575.0,
                575.0,
                575.0
            ],
            "daño_base": [
                10.0,
                40.0,
                70.0,
                100.0,
                130.0,
                160.0,
                190.0
            ],
            "escalado_1": 0.029999999329447746,
            "escalado_2": 0.029999999329447746
        },
        "W": {
            "nombre": "EliseHumanWAbility/EliseHumanW",
            "cooldown": [
                12.0,
                12.0,
                12.0,
                12.0,
                12.0,
                12.0,
                12.0
            ],
            "costo_mana": [
                60.0,
                70.0,
                80.0,
                90.0,
                100.0,
                110.0
            ],
            "rango": [
                950.0,
                950.0,
                950.0,
                950.0,
                950.0,
                950.0,
                950.0
            ],
            "daño_base": [
                4.0,
                4.0,
                4.0,
                4.0,
                4.0,
                4.0,
                4.0
            ],
            "escalado_1": 0.75,
            "escalado_2": 0.75,
            "parametros_extra": {
                "TimeToExplode": [
                    3.0,
                    3.0,
                    3.0,
                    3.0,
                    3.0,
                    3.0,
                    3.0
                ],
                "ExplosionSize": [
                    275.0,
                    275.0,
                    275.0,
                    275.0,
                    275.0,
                    275.0,
                    275.0
                ]
            }
        },
        "E": {
            "nombre": "EliseHumanEAbility/EliseHumanE",
            "cooldown": [
                12.0,
                12.0,
                11.5,
                11.0,
                10.5,
                10.0,
                10.0
            ],
            "costo_mana": [
                50.0,
                50.0,
                50.0,
                50.0,
                50.0,
                50.0
            ],
            "rango": [
                1100.0,
                1100.0,
                1100.0,
                1100.0,
                1100.0,
                1100.0,
                1100.0
            ],
            "daño_base": [
                12.0,
                12.0,
                11.5,
                11.0,
                10.5,
                10.0,
                9.5
            ],
            "escalado_1": 0.699999988079071,
            "escalado_2": 0.0,
            "parametros_extra": {
                "BaseStunDuration": [
                    1.399999976158142,
                    1.600000023841858,
                    1.7999999523162842,
                    2.0,
                    2.200000047683716,
                    2.4000000953674316,
                    2.5999999046325684
                ],
                "VisionRadius": [
                    250.0,
                    250.0,
                    250.0,
                    250.0,
                    250.0,
                    250.0,
                    250.0
                ],
                "RappelCooldown": [
                    22.0,
                    22.0,
                    21.0,
                    20.0,
                    19.0,
                    18.0,
                    18.0
                ]
            }
        },
        "R": {
            "nombre": "EliseRAbility/EliseR",
            "cooldown": [
                3.0,
                3.0,
                3.0,
                3.0,
                3.0,
                3.0,
                3.0
            ],
            "costo_mana": [],
            "rango": [
                20.0,
                20.0,
                20.0,
                20.0,
                20.0,
                20.0,
                20.0
            ],
            "daño_base": [
                2.0,
                12.0,
                22.0,
                32.0,
                42.0,
                52.0,
                62.0
            ],
            "escalado_1": 0.20000000298023224,
            "escalado_2": 0.15000000596046448,
            "parametros_extra": {
                "PassiveHealing": [
                    4.0,
                    6.0,
                    8.0,
                    10.0,
                    12.0,
                    14.0,
                    16.0
                ],
                "PassiveMSOnHit": [
                    0.10000000149011612,
                    0.10000000149011612,
                    0.10000000149011612,
                    0.10000000149011612,
                    0.10000000149011612,
                    0.10000000149011612,
                    0.10000000149011612
                ],
                "BaseSpiderlingsStored": [
                    2.0,
                    2.0,
                    3.0,
                    4.0,
                    5.0,
                    6.0,
                    7.0
                ],
                "SpiderlingBonusResist": [
                    -20.0,
                    0.0,
                    20.0,
                    40.0,
                    60.0,
                    80.0,
                    100.0
                ],
                "SpiderlingArmor": [
                    0.0,
                    30.0,
                    50.0,
                    70.0,
                    90.0,
                    0.0,
                    0.0
                ],
                "SpiderlingsStoredCap": [
                    20.0,
                    20.0,
                    20.0,
                    20.0,
                    20.0,
                    20.0,
                    20.0
                ],
                "SpiderlingMagicResist": [
                    0.0,
                    50.0,
                    70.0,
                    90.0,
                    110.0,
                    0.0,
                    0.0
                ]
            }
        }
    },
    "pasiva": {
        "nombre": "ElisePassiveAbility",
        "descripcion": "game_buff_tooltip_ElisePassive"
    }
}