{
    "nombre": "Evelynn",
    "stats_base": {
        "Vida": 642.0,
        "Vida_por_nivel": 98.0,
        "Regen_Vida": 1.7000000476837158,
        "Regen_Vida_por_nivel": 0.15000000596046448,
        "Daño_Ataque": 61.0,
        "Daño_Ataque_por_nivel": 3.0,
        "Armadura": 37.0,
        "Armadura_por_nivel": 4.699999809265137,
        "Resistencia_Magica_por_nivel": 2.049999952316284,
        "Vel_Movimiento": 335.0,
        "Rango_Ataque": 125.0,
        "Vel_Ataque_base": 0.6669999957084656,
        "Vel_Ataque_ratio": 0.6669999957084656,
        "Vel_Ataque_por_nivel": 2.0999999046325684,
        "Mana": 315.0,
        "Mana_por_nivel": 42.0,
        "Regen_Mana": 1.621999979019165,
        "Regen_Mana_por_nivel": 0.11999999731779099
    },
    "habilidades": {
        "Q": {
            "nombre": "EvelynnQAbility/EvelynnQ",
            "cooldown": [
                4.0,
                4.0,
                4.0,
                4.0,
                4.0,
                4.0,
                4.0
            ],
            "costo_mana": [
                40.0,
                45.0,
                50.0,
                55.0,
                60.0,
                65.0
            ],
            "rango": [
                800.0,
                800.0,
                800.0,
                800.0,
                800.0,
                800.0,
                800.0
            ],
            "daño_base": [
                25.0,
                30.0,
                35.0,
                40.0,
                45.0,
                50.0,
                55.0
            ],
            "escalado_1": 0.25,
            "escalado_2": 0.25,
            "parametros_extra": {
                "CooldownRefund": [
                    0.5,
                    0.5,
                    0.5,
                    0.5,
                    0.5,
                    0.5,
                    0.5
                ],
                "QStackCount": [
                    3.0,
                    3.0,
                    3.0,
                    3.0,
                    3.0,
                    3.0,
                    3.0
                ]
            }
        },
        "W": {
            "nombre": "EvelynnWAbility/EvelynnW",
            "cooldown": [
                15.0,
                15.0,
                14.0,
                13.0,
                12.0,
                11.0,
                11.0
            ],
            "costo_mana": [
                60.0,
                70.0,
                80.0,
                90.0,
                100.0,
                110.0
            ],
            "rango": [
                1200.0,
                1200.0,
                1300.0,
                1400.0,
                1500.0,
                1600.0,
                1200.0
            ],
            "daño_base": [
                2.0,
                2.0,
                2.0,
                2.0,
                2.0,
                2.0,
                2.0
            ],
            "escalado_1": 0.6000000238418579,
            "escalado_2": 0.6000000238418579,
            "parametros_extra": {
                "CharmDuration": [
                    1.0,
                    1.25,
                    1.5,
                    1.75,
                    2.0,
                    2.25,
                    2.5
                ],
                "MonsterCharm": [
                    2.75,
                    3.0,
                    3.25,
                    3.5,
                    3.75,
                    4.0,
                    4.25
                ],
                "MRShred": [
                    0.32499998807907104,
                    0.3499999940395355,
                    0.375,
                    0.4000000059604645,
                    0.42500001192092896,
                    0.44999998807907104,
                    0.4749999940395355
                ],
                "ShredDuration": [
                    4.0,
                    4.0,
                    4.0,
                    4.0,
                    4.0,
                    4.0,
                    4.0
                ],
                "SlowAmount": [
                    0.44999998807907104,
                    0.44999998807907104,
                    0.44999998807907104,
                    0.44999998807907104,
                    0.44999998807907104,
                    0.44999998807907104,
                    0.44999998807907104
                ],
                "SlowDuration": [
                    0.75,
                    0.75,
                    0.75,
                    0.75,
                    0.75,
                    0.75,
                    0.75
                ]
            }
        },
        "E": {
            "nombre": "EvelynnEAbility/EvelynnE",
            "cooldown": [
                8.0,
                8.0,
                8.0,
                8.0,
                8.0,
                8.0,
                8.0
            ],
            "costo_mana": [
                40.0,
                45.0,
                50.0,
                55.0,
                60.0,
                60.0
            ],
            "rango": [
                210.0,
                210.0,
                210.0,
                210.0,
                210.0,
                210.0,
                210.0
            ],
            "daño_base": [
                30.0,
                60.0,
                90.0,
                120.0,
                150.0,
                180.0,
                210.0
            ],
            "escalado_1": 0.014999999664723873,
            "escalado_2": 0.02500000037252903,
            "parametros_extra": {
                "BasePercentHealth": [
                    3.0,
                    3.0,
                    3.0,
                    3.0,
                    3.0,
                    3.0,
                    3.0
                ],
                "EmpoweredPercentHealth": [
                    4.0,
                    4.0,
                    4.0,
                    4.0,
                    4.0,
                    4.0,
                    4.0
                ],
                "MonsterCap": [
                    450.0,
                    450.0,
                    450.0,
                    450.0,
                    450.0,
                    450.0,
                    450.0
                ],
                "SpeedAmount": [
                    0.25,
                    0.30000001192092896,
                    0.3499999940395355,
                    0.4000000059604645,
                    0.44999998807907104,
                    0.5,
                    0.550000011920929
                ],
                "SpeedDuration": [
                    2.0,
                    2.0,
                    2.0,
                    2.0,
                    2.0,
                    2.0,
                    2.0
                ]
            }
        },
        "R": {
            "nombre": "EvelynnRAbility/EvelynnR",
            "cooldown": [
                120.0,
                120.0,
                100.0,
                80.0,
                70.0,
                80.0,
                80.0
            ],
            "costo_mana": [
                100.0,
                100.0,
                100.0,
                100.0,
                100.0,
                100.0
            ],
            "rango": [
                25000.0,
                25000.0,
                25000.0,
                25000.0,
                25000.0,
                25000.0,
                25000.0
            ],
            "daño_base": [
                0.0,
                125.0,
                250.0,
                375.0,
                500.0,
                650.0,
                775.0
            ],
            "escalado_1": 0.0,
            "escalado_2": 0.029999999329447746,