{
    "nombre": "Ezreal",
    "stats_base": {
        "Vida": 600.0,
        "Vida_por_nivel": 102.0,
        "Regen_Vida": 0.800000011920929,
        "Regen_Vida_por_nivel": 0.12999999523162842,
        "Daño_Ataque": 60.0,
        "Daño_Ataque_por_nivel": 3.75,
        "Armadura": 24.0,
        "Armadura_por_nivel": 4.199999809265137,
        "Resistencia_Magica_por_nivel": 1.2999999523162842,
        "Vel_Movimiento": 325.0,
        "Rango_Ataque": 550.0,
        "Vel_Ataque_base": 0.625,
        "Vel_Ataque_ratio": 0.625,
        "Vel_Ataque_por_nivel": 2.5,
        "Mana": 375.0,
        "Mana_por_nivel": 70.0,
        "Regen_Mana": 1.7000000476837158,
        "Regen_Mana_por_nivel": 0.20000000298023224
    },
    "habilidades": {
        "Q": {
            "nombre": "EzrealQAbility/EzrealQ",
            "cooldown": [
                5.75,
                5.5,
                5.25,
                5.0,
                4.75,
                4.5,
                3.5
            ],
            "costo_mana": [
                28.0,
                31.0,
                34.0,
                37.0,
                40.0,
                43.0
            ],
            "rango": [
                1200.0,
                1200.0,
                1200.0,
                1200.0,
                1200.0,
                1200.0,
                1200.0
            ],
            "daño_base": [
                -5.0,
                20.0,
                45.0,
                70.0,
                95.0,
                120.0,
                145.0
            ],
            "escalado_1": 1.2999999523162842,
            "escalado_2": 0.15000000596046448,
            "parametros_extra": {
                "CDRefund": [
                    1.5,
                    1.5,
                    1.5,
                    1.5,
                    1.5,
                    1.5,
                    1.5
                ]
            }
        },
        "W": {
            "nombre": "EzrealWAbility/EzrealW",
            "cooldown": [
                8.0,
                8.0,
                8.0,
                8.0,
                8.0,
                8.0,
                8.0
            ],
            "costo_mana": [
                50.0,
                50.0,
                50.0,
                50.0,
                50.0,
                50.0
            ],
            "rango": [
                1200.0,
                1200.0,
                1200.0,
                1200.0,
                1200.0,
                1200.0,
                1200.0
            ],
            "daño_base": [
                25.0,
                80.0,
                135.0,
                190.0,
                245.0,
                300.0,
                355.0
            ],
            "escalado_1": 0.8999999761581421,
            "escalado_2": 0.8999999761581421,
            "parametros_extra": {
                "ManaReturn": [
                    60.0,
                    60.0,
                    60.0,
                    60.0,
                    60.0,
                    60.0,
                    60.0
                ],
                "DetonationTimeout": [
                    4.0,
                    4.0,
                    4.0,
                    4.0,
                    4.0,
                    4.0,
                    4.0
                ]
            }
        },
        "E": {
            "nombre": "EzrealEAbility/EzrealE",
            "cooldown": [
                26.0,
                26.0,
                23.0,
                20.0,
                17.0,
                14.0,
                10.0
            ],
            "costo_mana": [
                70.0,
                70.0,
                70.0,
                70.0,
                70.0,
                70.0
            ],
            "rango": [
                25000.0,
                25000.0,
                25000.0,
                25000.0,
                25000.0,
                25000.0,
                25000.0
            ],
            "daño_base": [
                30.0,
                80.0,
                130.0,
                180.0,
                230.0,
                280.0,
                330.0
            ],
            "escalado_1": 0.75,
            "escalado_2": 0.5,
            "parametros_extra": {
                "MissileRange": [
                    750.0,
                    750.0,
                    750.0,
                    750.0,
                    750.0,
                    750.0,
                    750.0
                ],
                "CherryBonusHaste": [
                    15.0,
                    15.0,
                    15.0,
                    15.0,
                    15.0,
                    15.0,
                    15.0
                ]
            }
        },
        "R": {
            "nombre": "EzrealRAbility/EzrealR",
            "cooldown": [
                10.0,
                120.0,
                105.0,
                90.0,
                10.0,
                10.0,
                10.0
            ],
            "costo_mana": [
                100.0,
                100.0,
                100.0,
                0.0,
                0.0,
                0.0
            ],
            "rango": [
                25000.0,
                25000.0,
                25000.0,
                25000.0,
                25000.0,
                25000.0,
                25000.0
            ],
            "daño_base": [
                150.0,
                350.0,
                550.0,
                750.0,
                950.0,
                1150.0,
                1350.0
            ],
            "escalado_1": 0.8999999761581421,
            "escalado_2": 1.0
        }
    },
    "pasiva": {
        "nombre": "EzrealPassiveAbility",
        "descripcion": "game_buff_tooltip_EzrealPassive"
    }
}