{
    "nombre": "Fiddlesticks",
    "stats_base": {
        "Vida": 650.0,
        "Vida_por_nivel": 106.0,
        "Regen_Vida": 1.100000023841858,
        "Regen_Vida_por_nivel": 0.11999999731779099,
        "Daño_Ataque": 55.0,
        "Daño_Ataque_por_nivel": 2.6500000953674316,
        "Armadura": 34.0,
        "Armadura_por_nivel": 4.699999809265137,
        "Resistencia_Magica_por_nivel": 1.2999999523162842,
        "Vel_Movimiento": 335.0,
        "Rango_Ataque": 480.0,
        "Vel_Ataque_base": 0.625,
        "Vel_Ataque_ratio": 0.625,
        "Vel_Ataque_por_nivel": 2.109999895095825,
        "Mana": 500.0,
        "Mana_por_nivel": 28.0,
        "Regen_Mana": 1.600000023841858,
        "Regen_Mana_por_nivel": 0.1599999964237213
    },
    "habilidades": {
        "Q": {
            "nombre": "FiddleSticksQAbility/FiddleSticksQ",
            "cooldown": [
                16.0,
                15.0,
                14.5,
                14.0,
                13.5,
                13.0,
                12.5
            ],
            "costo_mana": [
                65.0,
                65.0,
                65.0,
                65.0,
                65.0,
                65.0
            ],
            "rango": [
                575.0,
                575.0,
                575.0,
                575.0,
                575.0,
                575.0,
                575.0
            ],
            "daño_base": [
                0.03500000014901161,
                0.03999999910593033,
                0.04500000178813934,
                0.05000000074505806,
                0.054999999701976776,
                0.05999999865889549,
                0.06499999761581421
            ],
            "escalado_1": 1.0,
            "escalado_2": 0.0,
            "parametros_extra": {
                "FearDuration": [
                    1.0,
                    1.2000000476837158,
                    1.399999976158142,
                    1.600000023841858,
                    1.7999999523162842,
                    2.0,
                    2.200000047683716
                ]
            }
        },
        "W": {
            "nombre": "FiddleSticksWAbility/FiddleSticksW",
            "cooldown": [
                10.0,
                10.0,
                9.5,
                9.0,
                8.5,
                8.0,
                8.0
            ],
            "costo_mana": [
                60.0,
                65.0,
                70.0,
                75.0,
                80.0,
                85.0
            ],
            "rango": [
                650.0,
                650.0,
                650.0,
                650.0,
                650.0,
                650.0,
                650.0
            ],
            "daño_base": [
                30.0,
                60.0,
                90.0,
                120.0,
                150.0,
                180.0,
                210.0
            ],
            "escalado_1": 0.0,
            "escalado_2": 0.0,
            "parametros_extra": {
                "TicksPerSecond": [
                    4.0,
                    4.0,
                    4.0,
                    4.0,
                    4.0,
                    4.0,
                    4.0
                ],
                "VampPercentage": [
                    17.5,
                    25.0,
                    32.5,
                    40.0,
                    47.5,
                    55.0,
                    62.5
                ],
                "DrainDuration": [
                    2.0,
                    2.0,
                    2.0,
                    2.0,
                    2.0,
                    2.0,
                    2.0
                ],
                "DrainLeashRange": [
                    725.0,
                    725.0,
                    725.0,
                    725.0,
                    725.0,
                    725.0,
                    725.0
                ],
                "PercentMultiplier": [
                    0.0949999988079071,
                    0.11999999731779099,
                    0.14499999582767487,
                    0.17000000178813934,
                    0.19499999284744263,
                    0.2199999988079071,
                    0.24500000476837158
                ],
                "PercentForTooltip": [
                    9.5,
                    12.0,
                    14.5,
                    17.0,
                    19.5,
                    22.0,
                    24.5
                ],
                "MonsterHealingMod": [
                    0.44999998807907104,
                    0.44999998807907104,
                    0.44999998807907104,
                    0.44999998807907104,
                    0.44999998807907104,
                    0.44999998807907104,
                    0.44999998807907104
                ],
                "MinionHealingMod": [
                    15.0,
                    15.0,
                    15.0,
                    15.0,
                    15.0,
                    15.0,
                    15.0
                ]
            }
        },
        "E": {
            "nombre": "FiddleSticksEAbility/FiddleSticksE",
            "cooldown": [
                10.0,
                10.0,
                9.0,
                8.0,
                7.0,
                6.0,
                5.0
            ],
            "costo_mana": [
                40.0,
                45.0,
                50.0,
                55.0,
                60.0,
                65.0
            ],
            "rango": [
                850.0,
                850.0,
                850.0,
                850.0,
                850.0,
                850.0,
                850.0
            ],
            "daño_base": [
                35.0,
                70.0,
                105.0,
                140.0,
                175.0,
                210.0,
                245.0
            ],
            "escalado_1": 0.0,
            "escalado_2": 0.0,
            "parametros_extra": {
                "SlowAmount": [
                    -0.25,
                    -0.30000001192092896,
                    -0.3499999940395355,
                    -0.4000000059604645,
                    -0.44999998807907104,
                    -0.5,
                    -0.550000011920929
                ],
                "EmpoweredSlowAmount": [
                    -0.44999998807907104,
                    -0.5,
                    -0.550000011920929,
                    -0.6000000238418579,
                    -0.6499999761581421,
                    -0.699999988079071,
                    -0.75
                ],
                "CastRange": [
                    850.0,
                    850.0,
                    850.0,
                    850.0,
                    850.0,
                    850.0,
                    850.0
                ],
                "SilenceDuration": [
                    1.25,
                    1.25,
                    1.25,
                    1.25,
                    1.25,
                    1.25,
                    1.25
                ]
            }
        },
        "R": {
            "nombre": "FiddleSticksRAbility/FiddleSticksR",
            "cooldown": [
                140.0,
                140.0,
                110.0,
                80.0,
                80.0,
                80.0,
                80.0
            ],
            "costo_mana": [
                100.0,
                100.0,
                100.0,
                0.0,
                0.0,
                0.0
            ],
            "rango": [
                25000.0,
                25000.0,
                25000.0,
                25000.0,
                25000.0,
                25000.0,
                25000.0
            ],