{
    "nombre": "Fiora",
    "stats_base": {
        "Vida": 620.0,
        "Vida_por_nivel": 99.0,
        "Regen_Vida": 1.7000000476837158,
        "Regen_Vida_por_nivel": 0.10999999940395355,
        "Daño_Ataque": 66.0,
        "Daño_Ataque_por_nivel": 3.299999952316284,
        "Armadura": 33.0,
        "Armadura_por_nivel": 4.699999809265137,
        "Resistencia_Magica_por_nivel": 2.049999952316284,
        "Vel_Movimiento": 345.0,
        "Rango_Ataque": 150.0,
        "Vel_Ataque_base": 0.6899999976158142,
        "Vel_Ataque_ratio": 0.6899999976158142,
        "Vel_Ataque_por_nivel": 3.200000047683716,
        "Mana": 300.0,
        "Mana_por_nivel": 60.0,
        "Regen_Mana": 1.600000023841858,
        "Regen_Mana_por_nivel": 0.14000000059604645
    },
    "habilidades": {
        "Q": {
            "nombre": "FioraQAbility/FioraQ",
            "cooldown": [
                13.0,
                13.0,
                11.25,
                9.5,
                7.75,
                6.0,
                6.0
            ],
            "costo_mana": [
                20.0,
                20.0,
                20.0,
                20.0,
                20.0,
                20.0
            ],
            "rango": [],
            "daño_base": [
                60.0,
                70.0,
                80.0,
                90.0,
                100.0,
                110.0,
                120.0
            ],
            "escalado_1": 0.8999999761581421,
            "escalado_2": 1.0,
            "parametros_extra": {
                "CDRefundPercent": [
                    0.5,
                    0.5,
                    0.5,
                    0.5,
                    0.5,
                    0.5,
                    0.5
                ]
            }
        },
        "W": {
            "nombre": "FioraWAbility/FioraW",
            "cooldown": [
                26.0,
                24.0,
                22.0,
                20.0,
                18.0,
                16.0,
                14.0
            ],
            "costo_mana": [
                50.0,
                50.0,
                50.0,
                50.0,
                50.0,
                50.0
            ],
            "rango": [
                3000.0,
                3000.0,
                3000.0,
                3000.0,
                3000.0,
                3000.0,
                3000.0
            ],
            "daño_base": [
                70.0,
                110.0,
                150.0,
                190.0,
                230.0,
                270.0,
                310.0
            ],
            "escalado_1": 1.0,
            "escalado_2": 0.0,
            "parametros_extra": {
                "ParryDuration": [
                    0.75,
                    0.75,
                    0.75,
                    0.75,
                    0.75,
                    0.75,
                    0.75
                ],
                "CCDuration": [
                    2.0,
                    2.0,
                    2.0,
                    2.0,
                    2.0,
                    2.0,
                    2.0
                ],
                "MSSlowPercent": [
                    -0.5,
                    -0.5,
                    -0.5,
                    -0.5,
                    -0.5,
                    -0.5,
                    -0.5
                ],
                "SmallBlockPercent": [
                    0.029999999329447746,
                    0.029999999329447746,
                    0.029999999329447746,
                    0.029999999329447746,
                    0.029999999329447746,
                    0.029999999329447746,
                    0.029999999329447746
                ],
                "BigBlockPercent": [
                    0.15000000596046448,
                    0.15000000596046448,
                    0.15000000596046448,
                    0.15000000596046448,
                    0.15000000596046448,
                    0.15000000596046448,
                    0.15000000596046448
                ],
                "AttackSlowPercent": [
                    -0.25,
                    -0.25,
                    -0.25,
                    -0.25,
                    -0.25,
                    -0.25,
                    -0.25
                ]
            }
        },
        "E": {
            "nombre": "FioraEAbility/FioraE",
            "cooldown": [
                11.0,
                11.0,
                10.0,
                9.0,
                8.0,
                7.0,
                7.0
            ],
            "costo_mana": [
                40.0,
                40.0,
                40.0,
                40.0,
                40.0,
                40.0
            ],
            "rango": [
                425.0,
                425.0,
                425.0,
                425.0,
                425.0,
                425.0,
                425.0
            ],
            "daño_base": [],
            "escalado_1": 0.30000001192092896,
            "escalado_2": 0.10000000149011612,
            "parametros_extra": {
                "BuffDuration": [
                    3.0,
                    3.0,
                    3.0,
                    3.0,
                    3.0,
                    3.0,
                    3.0
                ],
                "SlowDuration": [
                    1.0,
                    1.0,
                    1.0,
                    1.0,
                    1.0,
                    1.0,
                    1.0
                ],
                "SlowPercent": [
                    -0.30000001192092896,
                    -0.30000001192092896,
                    -0.30000001192092896,
                    -0.30000001192092896,
                    -0.30000001192092896,
                    -0.30000001192092896,
                    -0.30000001192092896
                ],
                "ASPercent": [
                    0.4000000059604645,
                    0.5,
                    0.6000000238418579,
                    0.699999988079071,
                    0.800000011920929,
                    0.8999999761581421,
                    1.0
                ],
                "AttackOnePercentTAD": [
                    1.0,
                    1.0,
                    1.0,
                    1.0,
                    1.0,
                    1.0,
                    1.0
                ],
                "AttackTwoPercentTAD": [
                    1.5,
                    1.600000023841858,
                    1.7000000476837158,
                    1.7999999523162842,
                    1.899999976158142,
                    2.0,
                    2.0999999046325684
                ]
            }
        },
        "R": {
            "nombre": "FioraRAbility/FioraR",
            "cooldown": [
                10.0,
                110.0,
                90.0,
                70.0,
                10.0,
                10.0,
                10.0
            ],
            "costo_mana": [
                100.0,
                100.0,
                100.0,
                0.0,
                0.0,
                0.0
            ],
            "rango": [
                500.0,
                500.0,
                500.0,
                500.0,
                500.0,
                500.0,
                500.0
            ],
            "daño_base": [],
            "escalado_1": 0.6000000238418579,
            "escalado_2": 1.0,
            "parametros_extra": {
                "MarkDuration": [
                    8.0,
                    8.0,
                    8.0,
                    8.0,
                    8.0,
                    8.0,
                    8.0
                ],