{
    "nombre": "Fizz",
    "stats_base": {
        "Vida": 640.0,
        "Vida_por_nivel": 106.0,
        "Regen_Vida": 1.600000023841858,
        "Regen_Vida_por_nivel": 0.14000000059604645,
        "Daño_Ataque": 58.0,
        "Daño_Ataque_por_nivel": 3.0,
        "Armadura": 26.0,
        "Armadura_por_nivel": 4.599999904632568,
        "Resistencia_Magica_por_nivel": 2.049999952316284,
        "Vel_Movimiento": 335.0,
        "Rango_Ataque": 175.0,
        "Vel_Ataque_base": 0.6579999923706055,
        "Vel_Ataque_ratio": 0.6579999923706055,
        "Vel_Ataque_por_nivel": 3.0999999046325684,
        "Mana": 317.0,
        "Mana_por_nivel": 52.0,
        "Regen_Mana": 1.2000000476837158,
        "Regen_Mana_por_nivel": 0.1599999964237213
    },
    "habilidades": {
        "Q": {
            "nombre": "FizzQAbility/FizzQ",
            "cooldown": [
                8.5,
                8.0,
                7.5,
                7.0,
                6.5,
                6.0,
                6.0
            ],
            "costo_mana": [
                50.0,
                50.0,
                50.0,
                50.0,
                50.0,
                50.0
            ],
            "rango": [
                550.0,
                550.0,
                550.0,
                550.0,
                550.0,
                550.0,
                550.0
            ],
            "daño_base": [
                0.0,
                10.0,
                25.0,
                40.0,
                55.0,
                70.0,
                85.0
            ],
            "escalado_1": 0.550000011920929,
            "escalado_2": 1.0
        },
        "W": {
            "nombre": "FizzWAbility/FizzW",
            "cooldown": [
                7.0,
                7.0,
                6.0,
                5.0,
                4.0,
                3.0,
                3.0
            ],
            "costo_mana": [
                30.0,
                40.0,
                50.0,
                60.0,
                70.0,
                80.0
            ],
            "rango": [
                600.0,
                600.0,
                600.0,
                600.0,
                600.0,
                600.0,
                600.0
            ],
            "daño_base": [
                15.0,
                30.0,
                45.0,
                60.0,
                75.0,
                90.0,
                105.0
            ],
            "escalado_1": 0.0,
            "escalado_2": 0.0,
            "parametros_extra": {
                "DoTRatio": [
                    0.25,
                    0.25,
                    0.25,
                    0.25,
                    0.25,
                    0.25,
                    0.25
                ],
                "ActiveRatio": [
                    0.44999998807907104,
                    0.44999998807907104,
                    0.44999998807907104,
                    0.44999998807907104,
                    0.44999998807907104,
                    0.44999998807907104,
                    0.44999998807907104
                ],
                "OnHitRatio": [
                    0.30000001192092896,
                    0.30000001192092896,
                    0.30000001192092896,
                    0.30000001192092896,
                    0.30000001192092896,
                    0.30000001192092896,
                    0.30000001192092896
                ],
                "BleedDuration": [
                    3.0,
                    3.0,
                    3.0,
                    3.0,
                    3.0,
                    3.0,
                    3.0
                ],
                "DoTTicksPerSecond": [
                    2.0,
                    2.0,
                    2.0,
                    2.0,
                    2.0,
                    2.0,
                    2.0
                ],
                "ActiveDuration": [
                    4.0,
                    4.0,
                    4.0,
                    4.0,
                    4.0,
                    4.0,
                    4.0
                ],
                "OnHitBuffDuration": [
                    5.0,
                    5.0,
                    5.0,
                    5.0,
                    5.0,
                    5.0,
                    5.0
                ],
                "OnKillManaRefund": [
                    20.0,
                    30.0,
                    40.0,
                    50.0,
                    60.0,
                    70.0,
                    80.0
                ],
                "OnKillNewCooldown": [
                    1.0,
                    1.0,
                    1.0,
                    1.0,
                    1.0,
                    1.0,
                    1.0
                ],
                "PassiveDoTDuration": [
                    3.0,
                    3.0,
                    3.0,
                    3.0,
                    3.0,
                    3.0,
                    3.0
                ],
                "TurretMod": [
                    0.5,
                    0.5,
                    0.5,
                    0.5,
                    0.5,
                    0.5,
                    0.5
                ]
            }
        },
        "E": {
            "nombre": "FizzEAbility/FizzE",
            "cooldown": [
                16.0,
                16.0,
                14.0,
                12.0,
                10.0,
                8.0,
                6.0
            ],
            "costo_mana": [
                75.0,
                80.0,
                85.0,
                90.0,
                95.0,
                100.0
            ],
            "rango": [
                25000.0,
                25000.0,
                25000.0,
                25000.0,
                25000.0,
                25000.0,
                25000.0
            ],
            "daño_base": [
                30.0,
                80.0,
                130.0,
                180.0,
                230.0,
                280.0,
                330.0
            ],
            "escalado_1": 0.0,
            "escalado_2": 0.0,
            "parametros_extra": {
                "SmallAoESize": [
                    225.0,
                    225.0,
                    225.0,
                    225.0,
                    225.0,
                    225.0,
                    225.0
                ],
                "LargeAoESize": [
                    375.0,
                    375.0,
                    375.0,
                    375.0,
                    375.0,
                    375.0,
                    375.0
                ],
                "SlowDuration": [
                    2.0,
                    2.0,
                    2.0,
                    2.0,
                    2.0,
                    2.0,
                    2.0
                ],
                "SlowAmount": [
                    0.3499999940395355,
                    0.4000000059604645,
                    0.44999998807907104,
                    0.5,
                    0.550000011920929,
                    0.6000000238418579,
                    0.6499999761581421
                ]
            }
        },
        "R": {
            "nombre": "FizzRAbility/FizzR",
            "cooldown": [
                120.0,
                120.0,
                100.0,
                80.0,
                80.0,
                80.0,
                80.0
            ],
            "costo_mana": [
                100.0,
                100.0,
                100.0,
                100.0,
                100.0,
                0.0
            ],
            "rango": [
                10000.0,
                10000.0,
                10000.0,
                10000.0,
                10000.0,
                10000.0,
                10000.0
            ],