{
    "nombre": "Galio",
    "stats_base": {
        "Vida": 600.0,
        "Vida_por_nivel": 126.0,
        "Regen_Vida": 1.600000023841858,
        "Regen_Vida_por_nivel": 0.1599999964237213,
        "Daño_Ataque": 59.0,
        "Daño_Ataque_por_nivel": 3.5,
        "Armadura": 24.0,
        "Armadura_por_nivel": 4.699999809265137,
        "Resistencia_Magica_por_nivel": 2.049999952316284,
        "Vel_Movimiento": 340.0,
        "Rango_Ataque": 150.0,
        "Vel_Ataque_base": 0.625,
        "Vel_Ataque_ratio": 0.625,
        "Vel_Ataque_por_nivel": 1.5,
        "Mana": 410.0,
        "Mana_por_nivel": 40.0,
        "Regen_Mana": 1.899999976158142,
        "Regen_Mana_por_nivel": 0.14000000059604645
    },
    "habilidades": {
        "Q": {
            "nombre": "GalioQAbility/GalioQ",
            "cooldown": [
                11.0,
                11.0,
                10.0,
                9.0,
                8.0,
                7.0,
                7.0
            ],
            "costo_mana": [
                70.0,
                75.0,
                80.0,
                85.0,
                90.0,
                95.0
            ],
            "rango": [
                25000.0,
                25000.0,
                25000.0,
                25000.0,
                25000.0,
                25000.0,
                25000.0
            ],
            "daño_base": [
                35.0,
                70.0,
                105.0,
                140.0,
                175.0,
                210.0,
                245.0
            ],
            "escalado_1": 0.0,
            "escalado_2": 0.0,
            "parametros_extra": {
                "SuperQDuration": [
                    2.0,
                    2.0,
                    2.0,
                    2.0,
                    2.0,
                    2.0,
                    2.0
                ],
                "SuperQBasePercentage": [
                    2.0,
                    2.0,
                    2.0,
                    2.0,
                    2.0,
                    2.0,
                    2.0
                ],
                "TornadoTicks": [
                    4.0,
                    4.0,
                    4.0,
                    4.0,
                    4.0,
                    4.0,
                    4.0
                ]
            }
        },
        "W": {
            "nombre": "GalioWAbility/GalioW",
            "cooldown": [
                18.0,
                18.0,
                17.0,
                16.0,
                15.0,
                14.0,
                14.0
            ],
            "costo_mana": [
                50.0,
                50.0,
                50.0,
                50.0,
                50.0,
                50.0
            ],
            "rango": [
                275.0,
                275.0,
                275.0,
                275.0,
                275.0,
                275.0,
                275.0
            ],
            "daño_base": [
                10.0,
                20.0,
                30.0,
                40.0,
                50.0,
                60.0,
                70.0
            ],
            "escalado_1": 0.0,
            "escalado_2": 0.0,
            "parametros_extra": {
                "PassiveShieldHealthRatio": [
                    0.05999999865889549,
                    0.07500000298023224,
                    0.09000000357627869,
                    0.10499999672174454,
                    0.11999999731779099,
                    0.13500000536441803,
                    0.15000000596046448
                ],
                "MRRatio": [
                    0.0007999999797903001,
                    0.0007999999797903001,
                    0.0007999999797903001,
                    0.0007999999797903001,
                    0.0007999999797903001,
                    0.0007999999797903001,
                    0.0007999999797903001
                ],
                "PhysicalDRPercent": [
                    0.5,
                    0.5,
                    0.5,
                    0.5,
                    0.5,
                    0.5,
                    0.5
                ],
                "MaxChargeDuration": [
                    2.0,
                    2.0,
                    2.0,
                    2.0,
                    2.0,
                    2.0,
                    2.0
                ],
                "SelfSlowPercent": [
                    15.0,
                    15.0,
                    15.0,
                    15.0,
                    15.0,
                    15.0,
                    15.0
                ],
                "CCDurationMin": [
                    0.5,
                    0.5,
                    0.5,
                    0.5,
                    0.5,
                    0.5,
                    0.5
                ],
                "HpRatio": [
                    9.999999747378752e-05,
                    9.999999747378752e-05,
                    9.999999747378752e-05,
                    9.999999747378752e-05,
                    9.999999747378752e-05,
                    9.999999747378752e-05,
                    9.999999747378752e-05
                ],
                "CCDurationMax": [
                    1.5,
                    1.5,
                    1.5,
                    1.5,
                    1.5,
                    1.5,
                    1.5
                ],
                "DRLingerDuration": [
                    2.0,
                    2.0,
                    2.0,
                    2.0,
                    2.0,
                    2.0,
                    2.0
                ],
                "ApRatio": [
                    0.00039999998989515007,
                    0.00039999998989515007,
                    0.00039999998989515007,
                    0.00039999998989515007,
                    0.00039999998989515007,
                    0.00039999998989515007,
                    0.00039999998989515007
                ]
            }
        },
        "E": {
            "nombre": "GalioEAbility/GalioE",
            "cooldown": [
                11.0,
                11.0,
                10.0,
                9.0,
                8.0,
                7.0,
                7.0
            ],
            "costo_mana": [
                50.0,
                50.0,
                50.0,
                50.0,
                50.0,
                50.0
            ],
            "rango": [
                25000.0,
                25000.0,
                25000.0,
                25000.0,
                25000.0,
                25000.0,
                25000.0
            ],
            "daño_base": [
                50.0,
                90.0,
                130.0,
                170.0,
                210.0,
                250.0,
                290.0
            ],
            "escalado_1": 0.0,
            "escalado_2": 0.0,
            "parametros_extra": {
                "KnockupDuration": [
                    0.75,
                    0.75,
                    0.75,
                    0.75,
                    0.75,
                    0.75,
                    0.75
                ],
                "MinRange": [
                    250.0,
                    250.0,
                    250.0,
                    250.0,
                    250.0,
                    250.0,
                    250.0
                ]
            }
        },
        "R": {
            "nombre": "GalioRAbility/GalioR",
            "cooldown": [
                180.0,
                180.0,
                160.0,
                140.0,
                140.0,
                140.0,
                140.0
            ],
            "costo_mana": [
                100.0,
                100.0,
                100.0,
                100.0,
                100.0,
                100.0
            ],