{
    "nombre": "Gangplank",
    "stats_base": {
        "Vida": 630.0,
        "Vida_por_nivel": 114.0,
        "Regen_Vida": 1.2000000476837158,
        "Regen_Vida_por_nivel": 0.11999999731779099,
        "Daño_Ataque": 64.0,
        "Daño_Ataque_por_nivel": 4.199999809265137,
        "Armadura": 31.0,
        "Armadura_por_nivel": 4.699999809265137,
        "Resistencia_Magica_por_nivel": 2.049999952316284,
        "Vel_Movimiento": 345.0,
        "Rango_Ataque": 125.0,
        "Vel_Ataque_base": 0.6579999923706055,
        "Vel_Ataque_ratio": 0.6899999976158142,
        "Vel_Ataque_por_nivel": 3.200000047683716,
        "Mana": 280.0,
        "Mana_por_nivel": 60.0,
        "Regen_Mana": 1.600000023841858,
        "Regen_Mana_por_nivel": 0.14000000059604645
    },
    "habilidades": {
        "Q": {
            "nombre": "GangplankQWrapperAbility/GangplankQWrapper",
            "cooldown": [
                4.5,
                4.5,
                4.5,
                4.5,
                4.5,
                4.5,
                4.5
            ],
            "costo_mana": [
                50.0,
                45.0,
                40.0,
                35.0,
                30.0,
                30.0
            ],
            "rango": [
                625.0,
                625.0,
                625.0,
                625.0,
                625.0,
                625.0,
                625.0
            ],
            "daño_base": [
                10.0,
                10.0,
                40.0,
                70.0,
                100.0,
                130.0,
                145.0
            ],
            "escalado_1": 1.0,
            "escalado_2": 0.0,
            "parametros_extra": {
                "CherryRatio": [
                    0.07000000029802322,
                    0.07000000029802322,
                    0.07000000029802322,
                    0.07000000029802322,
                    0.07000000029802322,
                    0.07000000029802322,
                    0.07000000029802322
                ],
                "GameModeInteger": [
                    1.0,
                    1.0,
                    1.0,
                    1.0,
                    1.0,
                    1.0,
                    1.0
                ],
                "GoldProc": [
                    2.0,
                    3.0,
                    4.0,
                    5.0,
                    6.0,
                    7.0,
                    8.0
                ],
                "SSProc": [
                    3.0,
                    4.0,
                    5.0,
                    6.0,
                    7.0,
                    8.0,
                    9.0
                ],
                "PlunderThreshold": [
                    500.0,
                    500.0,
                    500.0,
                    500.0,
                    500.0,
                    500.0,
                    500.0
                ]
            }
        },
        "W": {
            "nombre": "GangplankWAbility/GangplankW",
            "cooldown": [
                24.0,
                22.0,
                20.0,
                18.0,
                16.0,
                14.0,
                14.0
            ],
            "costo_mana": [
                60.0,
                70.0,
                80.0,
                90.0,
                100.0,
                110.0
            ],
            "rango": [],
            "daño_base": [
                20.0,
                45.0,
                70.0,
                95.0,
                120.0,
                145.0,
                170.0
            ],
            "escalado_1": 0.8999999761581421,
            "escalado_2": 0.0,
            "parametros_extra": {
                "BaseHeal": [
                    20.0,
                    45.0,
                    70.0,
                    95.0,
                    120.0,
                    145.0,
                    170.0
                ],
                "PercentHeal": [
                    13.0,
                    13.0,
                    13.0,
                    13.0,
                    13.0,
                    13.0,
                    13.0
                ],
                "BuffDuration_unused": [
                    0.25,
                    0.25,
                    0.25,
                    0.25,
                    0.25,
                    0.25,
                    0.25
                ],
                "HasteAmount": [
                    200.0,
                    200.0,
                    200.0,
                    200.0,
                    200.0,
                    200.0,
                    200.0
                ],
                "SteroidAmount_unused": [
                    20.0,
                    30.0,
                    40.0,
                    50.0,
                    60.0,
                    70.0,
                    80.0
                ]
            }
        },
        "E": {
            "nombre": "GangplankEAbility/GangplankE",
            "cooldown": [
                0.0,
                0.0,
                0.0,
                0.0,
                0.0,
                0.0,
                0.0
            ],
            "costo_mana": [],
            "rango": [
                1000.0,
                1000.0,
                1000.0,
                1000.0,
                1000.0,
                1000.0,
                1000.0
            ],
            "daño_base": [
                3.0,
                3.0,
                3.0,
                4.0,
                4.0,
                5.0,
                5.0
            ],
            "escalado_1": 0.4000000059604645,
            "escalado_2": 0.0,
            "parametros_extra": {
                "BarrelSlow": [
                    30.0,
                    40.0,
                    50.0,
                    60.0,
                    70.0,
                    80.0,
                    90.0
                ],
                "MaxBarrels": [
                    3.0,
                    3.0,
                    3.0,
                    4.0,
                    4.0,
                    5.0,
                    5.0
                ],
                "DebuffDuration": [
                    2.0,
                    2.0,
                    2.0,
                    2.0,
                    2.0,
                    2.0,
                    2.0
                ],
                "BarrelDuration": [
                    25.0,
                    25.0,
                    25.0,
                    25.0,
                    25.0,
                    25.0,
                    25.0
                ],
                "BarrelBaseDecay": [
                    2.0,
                    2.0,
                    2.0,
                    2.0,
                    2.0,
                    2.0,
                    2.0
                ],
                "BarrelEnemyGoldBounty": [
                    10.0,
                    10.0,
                    10.0,
                    10.0,
                    10.0,
                    10.0,
                    10.0
                ],
                "CooldownBetweenBarrels": [
                    0.5,
                    0.5,
                    0.5,
                    0.5,
                    0.5,
                    0.5,
                    0.5
                ],
                "BarrelArmorPenetration": [
                    40.0,
                    40.0,
                    40.0,
                    40.0,
                    40.0,
                    40.0,
                    40.0
                ]
            }
        },
        "R": {
            "nombre": "GangplankRAbility/GangplankR",
            "cooldown": [
                160.0,
                160.0,
                140.0,
                120.0,
                120.0,
                120.0,
                120.0
            ],