{
    "nombre": "Garen",
    "stats_base": {
        "Vida": 690.0,
        "Vida_por_nivel": 98.0,
        "Regen_Vida": 1.600000023841858,
        "Regen_Vida_por_nivel": 0.10000000149011612,
        "Daño_Ataque": 69.0,
        "Daño_Ataque_por_nivel": 4.5,
        "Armadura": 38.0,
        "Armadura_por_nivel": 4.199999809265137,
        "Resistencia_Magica_por_nivel": 1.5499999523162842,
        "Vel_Movimiento": 340.0,
        "Rango_Ataque": 175.0,
        "Vel_Ataque_base": 0.625,
        "Vel_Ataque_ratio": 0.625,
        "Vel_Ataque_por_nivel": 3.6500000953674316,
        "Mana": 0.0,
        "Regen_Mana": 0.0
    },
    "habilidades": {
        "Q": {
            "nombre": "GarenQAbility/GarenQ",
            "cooldown": [
                8.0,
                8.0,
                8.0,
                8.0,
                8.0,
                8.0,
                8.0
            ],
            "costo_mana": [],
            "rango": [
                300.0,
                300.0,
                300.0,
                300.0,
                300.0,
                300.0,
                300.0
            ],
            "daño_base": [
                0.0,
                30.0,
                60.0,
                90.0,
                120.0,
                150.0,
                180.0
            ],
            "escalado_1": 1.5,
            "escalado_2": 0.0,
            "parametros_extra": {
                "SilenceDuration": [
                    1.5,
                    1.5,
                    1.5,
                    1.5,
                    1.5,
                    1.5,
                    1.5
                ],
                "MovementSpeedDuration": [
                    0.8500000238418579,
                    1.399999976158142,
                    1.9500000476837158,
                    2.5,
                    3.049999952316284,
                    3.5999999046325684,
                    4.150000095367432
                ],
                "MovementSpeedAmount": [
                    0.3499999940395355,
                    0.3499999940395355,
                    0.3499999940395355,
                    0.3499999940395355,
                    0.3499999940395355,
                    0.3499999940395355,
                    0.3499999940395355
                ],
                "AttackWindow": [
                    4.5,
                    4.5,
                    4.5,
                    4.5,
                    4.5,
                    4.5,
                    4.5
                ]
            }
        },
        "W": {
            "nombre": "GarenWAbility/GarenW",
            "cooldown": [
                22.0,
                22.0,
                19.5,
                17.0,
                14.5,
                12.0,
                12.0
            ],
            "costo_mana": [],
            "rango": [
                0.0,
                0.0,
                0.0,
                0.0,
                0.0,
                0.0,
                0.0
            ],
            "daño_base": [],
            "escalado_1": 0.0,
            "escalado_2": 0.0,
            "parametros_extra": {
                "BuffCounterPerKill": [
                    1.0,
                    1.0,
                    1.0,
                    1.0,
                    1.0,
                    1.0,
                    1.0
                ],
                "ResistGainOnKill": [
                    0.20000000298023224,
                    0.20000000298023224,
                    0.20000000298023224,
                    0.20000000298023224,
                    0.20000000298023224,
                    0.20000000298023224,
                    0.20000000298023224
                ],
                "ResistGainOnKillTooltip": [
                    0.20000000298023224,
                    0.20000000298023224,
                    0.20000000298023224,
                    0.20000000298023224,
                    0.20000000298023224,
                    0.20000000298023224,
                    0.20000000298023224
                ],
                "ResistMax": [
                    30.0,
                    30.0,
                    30.0,
                    30.0,
                    30.0,
                    30.0,
                    30.0
                ],
                "DRPercent": [
                    0.20999999344348907,
                    0.25,
                    0.28999999165534973,
                    0.33000001311302185,
                    0.3700000047683716,
                    0.4099999964237213,
                    0.44999998807907104
                ],
                "DRDuration": [
                    4.0,
                    4.0,
                    4.0,
                    4.0,
                    4.0,
                    4.0,
                    4.0
                ],
                "UpfrontTenacity": [
                    0.6000000238418579,
                    0.6000000238418579,
                    0.6000000238418579,
                    0.6000000238418579,
                    0.6000000238418579,
                    0.6000000238418579,
                    0.6000000238418579
                ],
                "UpfrontDuration": [
                    0.75,
                    0.75,
                    0.75,
                    0.75,
                    0.75,
                    0.75,
                    0.75
                ],
                "LargeMonsterStacks": [
                    1.0,
                    1.0,
                    1.0,
                    1.0,
                    1.0,
                    1.0,
                    1.0
                ],
                "EpicMonsterStacks": [
                    1.0,
                    1.0,
                    1.0,
                    1.0,
                    1.0,
                    1.0,
                    1.0
                ],
                "ShieldHealthRatio": [
                    0.18000000715255737,
                    0.18000000715255737,
                    0.18000000715255737,
                    0.18000000715255737,
                    0.18000000715255737,
                    0.18000000715255737,
                    0.18000000715255737
                ],
                "BaseShield": [
                    45.0,
                    65.0,
                    85.0,
                    105.0,
                    125.0,
                    145.0,
                    165.0
                ]
            }
        },
        "E": {
            "nombre": "GarenEAbility/GarenE",
            "cooldown": [
                9.0,
                9.0,
                8.25,
                7.5,
                6.75,
                6.0,
                6.0
            ],
            "costo_mana": [],
            "rango": [
                660.0,
                660.0,
                660.0,
                660.0,
                660.0,
                660.0,
                660.0
            ],
            "daño_base": [
                1.0,
                4.0,
                7.0,
                10.0,
                13.0,
                16.0,
                19.0
            ],
            "escalado_1": 0.3700000047683716,
            "escalado_2": 0.0,
            "parametros_extra": {
                "NumTicks": [
                    7.0,
                    7.0,
                    7.0,
                    7.0,
                    7.0,
                    7.0,
                    7.0
                ],
                "ASPerTick": [
                    0.25,
                    0.25,
                    0.25,
                    0.25,
                    0.25,
                    0.25,
                    0.25
                ],
                "ShredDuration": [
                    6.0,
                    6.0,
                    6.0,
                    6.0,
                    6.0,
                    6.0,
                    6.0
                ],