{
    "nombre": "Gnar",
    "stats_base": {
        "Vida": 540.0,
        "Vida_por_nivel": 79.0,
        "Regen_Vida": 0.8999999761581421,
        "Regen_Vida_por_nivel": 0.25,
        "Daño_Ataque": 60.0,
        "Daño_Ataque_por_nivel": 3.200000047683716,
        "Armadura": 32.0,
        "Armadura_por_nivel": 3.700000047683716,
        "Resistencia_Magica_por_nivel": 1.2999999523162842,
        "Vel_Movimiento": 335.0,
        "Rango_Ataque": 175.0,
        "Vel_Ataque_base": 0.625,
        "Vel_Ataque_ratio": 0.625,
        "Vel_Ataque_por_nivel": 6.0,
        "Regen_Mana": 0.0
    },
    "habilidades": {
        "Q": {
            "nombre": "GnarQAbility/GnarQ",
            "cooldown": [
                17.5,
                16.0,
                14.5,
                13.0,
                11.5,
                10.0,
                10.0
            ],
            "costo_mana": [],
            "rango": [
                10000.0,
                10000.0,
                10000.0,
                10000.0,
                10000.0,
                10000.0,
                10000.0
            ],
            "daño_base": [
                5.0,
                5.0,
                45.0,
                85.0,
                125.0,
                165.0,
                205.0
            ],
            "escalado_1": 0.0,
            "escalado_2": 0.0,
            "parametros_extra": {
                "SlowAmount": [
                    0.10000000149011612,
                    0.15000000596046448,
                    0.20000000298023224,
                    0.25,
                    0.30000001192092896,
                    0.3499999940395355,
                    0.4000000059604645
                ],
                "MiniSubsequentMult": [
                    0.5,
                    0.5,
                    0.5,
                    0.5,
                    0.5,
                    0.5,
                    0.5
                ],
                "MiniCDRefund": [
                    0.4000000059604645,
                    0.4000000059604645,
                    0.4000000059604645,
                    0.4000000059604645,
                    0.4000000059604645,
                    0.4000000059604645,
                    0.4000000059604645
                ],
                "SlowDuration": [
                    2.0,
                    2.0,
                    2.0,
                    2.0,
                    2.0,
                    2.0,
                    2.0
                ],
                "MiniReturnRange": [
                    3000.0,
                    3000.0,
                    3000.0,
                    3000.0,
                    3000.0,
                    3000.0,
                    3000.0
                ],
                "MegaPickupAndLolipopRadius": [
                    200.0,
                    200.0,
                    200.0,
                    200.0,
                    200.0,
                    200.0,
                    200.0
                ],
                "MegaBoulderLifetime": [
                    6.0,
                    6.0,
                    6.0,
                    6.0,
                    6.0,
                    6.0,
                    6.0
                ],
                "MegaCDRefund": [
                    0.699999988079071,
                    0.699999988079071,
                    0.699999988079071,
                    0.699999988079071,
                    0.699999988079071,
                    0.699999988079071,
                    0.699999988079071
                ],
                "MegaAoERadius": [
                    280.0,
                    280.0,
                    280.0,
                    280.0,
                    280.0,
                    280.0,
                    280.0
                ],
                "MegaSlowAmount": [
                    0.25,
                    0.30000001192092896,
                    0.3499999940395355,
                    0.4000000059604645,
                    0.44999998807907104,
                    0.5,
                    0.550000011920929
                ],
                "MegaSlowDuration": [
                    2.0,
                    2.0,
                    2.0,
                    2.0,
                    2.0,
                    2.0,
                    2.0
                ]
            }
        },
        "W": {
            "nombre": "GnarWAbility/GnarW",
            "cooldown": [
                7.0,
                7.0,
                7.0,
                7.0,
                7.0,
                7.0,
                7.0
            ],
            "costo_mana": [],
            "rango": [
                0.0,
                0.0,
                0.0,
                0.0,
                0.0,
                0.0,
                0.0
            ],
            "daño_base": [
                0.0,
                0.0,
                10.0,
                20.0,
                30.0,
                40.0,
                50.0
            ],
            "escalado_1": 0.0,
            "escalado_2": 0.0,
            "parametros_extra": {
                "MiniHasteDuration": [
                    3.0,
                    3.0,
                    3.0,
                    3.0,
                    3.0,
                    3.0,
                    3.0
                ],
                "MiniMarkDuration": [
                    3.5,
                    3.5,
                    3.5,
                    3.5,
                    3.5,
                    3.5,
                    3.5
                ],
                "MiniMonsterCap": [
                    300.0,
                    300.0,
                    300.0,
                    300.0,
                    300.0,
                    300.0,
                    300.0
                ],
                "MegaStunDuration": [
                    1.25,
                    1.25,
                    1.25,
                    1.25,
                    1.25,
                    1.25,
                    1.25
                ],
                "MegaLength": [
                    550.0,
                    550.0,
                    550.0,
                    550.0,
                    550.0,
                    550.0,
                    550.0
                ],
                "MegaWidth": [
                    200.0,
                    200.0,
                    200.0,
                    200.0,
                    200.0,
                    200.0,
                    200.0
                ],
                "MiniMaxStacks": [
                    2.0,
                    2.0,
                    2.0,
                    2.0,
                    2.0,
                    2.0,
                    2.0
                ]
            }
        },
        "E": {
            "nombre": "GnarEAbility/GnarE",
            "cooldown": [
                24.5,
                22.0,
                19.5,
                17.0,
                14.5,
                12.0,
                12.0
            ],
            "costo_mana": [],
            "rango": [
                25000.0,
                25000.0,
                25000.0,
                25000.0,
                25000.0,
                25000.0,
                25000.0
            ],
            "daño_base": [
                15.0,
                50.0,
                85.0,
                120.0,
                155.0,
                190.0,
                225.0
            ],
            "escalado_1": 6.0,
            "escalado_2": 6.0,
            "parametros_extra": {
                "MinibAS": [
                    0.3499999940395355,
                    0.4000000059604645,
                    0.44999998807907104,
                    0.5,
                    0.550000011920929,
                    0.6000000238418579,
                    0.6499999761581421
                ],