{
    "nombre": "Gragas",
    "stats_base": {
        "Vida": 640.0,
        "Vida_por_nivel": 115.0,
        "Regen_Vida": 1.100000023841858,
        "Regen_Vida_por_nivel": 0.10000000149011612,
        "Daño_Ataque": 64.0,
        "Daño_Ataque_por_nivel": 3.5,
        "Armadura": 38.0,
        "Armadura_por_nivel": 5.0,
        "Resistencia_Magica_por_nivel": 2.049999952316284,
        "Vel_Movimiento": 330.0,
        "Rango_Ataque": 125.0,
        "Vel_Ataque_base": 0.675000011920929,
        "Vel_Ataque_ratio": 0.625,
        "Vel_Ataque_por_nivel": 2.049999952316284,
        "Mana": 400.0,
        "Mana_por_nivel": 47.0,
        "Regen_Mana": 1.2000000476837158,
        "Regen_Mana_por_nivel": 0.1599999964237213
    },
    "habilidades": {
        "Q": {
            "nombre": "GragasQAbility/GragasQ",
            "cooldown": [
                11.0,
                10.0,
                9.0,
                8.0,
                7.0,
                6.0,
                6.0
            ],
            "costo_mana": [
                80.0,
                80.0,
                80.0,
                80.0,
                80.0,
                80.0
            ],
            "rango": [
                850.0,
                850.0,
                850.0,
                850.0,
                850.0,
                850.0,
                850.0
            ],
            "daño_base": [
                40.0,
                80.0,
                120.0,
                160.0,
                200.0,
                240.0,
                280.0
            ],
            "escalado_1": 0.800000011920929,
            "escalado_2": 0.0
        },
        "W": {
            "nombre": "GragasWAbility/GragasW",
            "cooldown": [
                5.0,
                5.0,
                5.0,
                5.0,
                5.0,
                5.0,
                5.0
            ],
            "costo_mana": [
                30.0,
                30.0,
                30.0,
                30.0,
                30.0,
                30.0
            ],
            "rango": [
                20.0,
                20.0,
                20.0,
                20.0,
                20.0,
                20.0,
                20.0
            ],
            "daño_base": [
                7.0,
                7.0,
                7.0,
                7.0,
                7.0,
                7.0,
                7.0
            ],
            "escalado_1": 0.0,
            "escalado_2": 0.0,
            "parametros_extra": {
                "AttackRangeBuff": [
                    50.0,
                    50.0,
                    50.0,
                    50.0,
                    50.0,
                    50.0,
                    50.0
                ],
                "DefenseDuration": [
                    2.5,
                    2.5,
                    2.5,
                    2.5,
                    2.5,
                    2.5,
                    2.5
                ],
                "AttackDuration": [
                    5.0,
                    5.0,
                    5.0,
                    5.0,
                    5.0,
                    5.0,
                    5.0
                ]
            }
        },
        "E": {
            "nombre": "GragasEAbility/GragasE",
            "cooldown": [
                14.0,
                14.0,
                13.5,
                13.0,
                12.5,
                12.0,
                12.0
            ],
            "costo_mana": [
                50.0,
                50.0,
                50.0,
                50.0,
                50.0,
                50.0
            ],
            "rango": [
                25000.0,
                25000.0,
                25000.0,
                25000.0,
                25000.0,
                25000.0,
                25000.0
            ],
            "daño_base": [
                35.0,
                80.0,
                125.0,
                170.0,
                215.0,
                260.0,
                305.0
            ],
            "escalado_1": 0.6000000238418579,
            "escalado_2": 0.6000000238418579,
            "parametros_extra": {
                "CooldownRefund": [
                    0.4000000059604645,
                    0.4000000059604645,
                    0.4000000059604645,
                    0.4000000059604645,
                    0.4000000059604645,
                    0.4000000059604645,
                    0.4000000059604645
                ],
                "StunDuration": [
                    1.0,
                    1.0,
                    1.0,
                    1.0,
                    1.0,
                    1.0,
                    1.0
                ],
                "DashSpeed": [
                    900.0,
                    900.0,
                    900.0,
                    900.0,
                    900.0,
                    900.0,
                    900.0
                ],
                "HitboxArea": [
                    180.0,
                    180.0,
                    180.0,
                    180.0,
                    180.0,
                    180.0,
                    180.0
                ],
                "ForwardHitbox": [
                    40.0,
                    40.0,
                    40.0,
                    40.0,
                    40.0,
                    40.0,
                    40.0
                ]
            }
        },
        "R": {
            "nombre": "GragasRAbility/GragasR",
            "cooldown": [
                100.0,
                100.0,
                85.0,
                70.0,
                70.0,
                70.0,
                70.0
            ],
            "costo_mana": [
                100.0,
                100.0,
                100.0,
                100.0,
                100.0,
                100.0
            ],
            "rango": [
                1050.0,
                1050.0,
                1050.0,
                1050.0,
                1050.0,
                1050.0,
                1050.0
            ],
            "daño_base": [
                100.0,
                200.0,
                300.0,
                400.0,
                500.0,
                600.0,
                700.0
            ],
            "escalado_1": 0.800000011920929,
            "escalado_2": 0.800000011920929,
            "parametros_extra": {
                "KnockbackDistance": [
                    900.0,
                    900.0,
                    900.0,
                    900.0,
                    900.0,
                    900.0,
                    900.0
                ]
            }
        }
    },
    "pasiva": {
        "nombre": "GragasPassiveAbility",
        "descripcion": "game_buff_tooltip_GragasPassive"
    }
}