{
    "nombre": "Graves",
    "stats_base": {
        "Vida": 625.0,
        "Vida_por_nivel": 106.0,
        "Regen_Vida": 1.600000023841858,
        "Regen_Vida_por_nivel": 0.14000000059604645,
        "Daño_Ataque": 66.0,
        "Daño_Ataque_por_nivel": 4.0,
        "Armadura": 33.0,
        "Armadura_por_nivel": 4.599999904632568,
        "Resistencia_Magica_por_nivel": 1.2999999523162842,
        "Vel_Movimiento": 340.0,
        "Rango_Ataque": 425.0,
        "Vel_Ataque_base": 0.4749999940395355,
        "Vel_Ataque_ratio": 0.49000000953674316,
        "Vel_Ataque_por_nivel": 3.0,
        "Mana": 325.0,
        "Mana_por_nivel": 40.0,
        "Regen_Mana": 1.600000023841858,
        "Regen_Mana_por_nivel": 0.14000000059604645
    },
    "habilidades": {
        "Q": {
            "nombre": "GravesQLineSpellAbility/GravesQLineSpell",
            "cooldown": [
                13.0,
                13.0,
                11.25,
                9.5,
                7.75,
                6.0,
                6.0
            ],
            "costo_mana": [
                80.0,
                80.0,
                80.0,
                80.0,
                80.0,
                80.0
            ],
            "rango": [
                800.0,
                800.0,
                800.0,
                800.0,
                800.0,
                800.0,
                800.0
            ],
            "daño_base": [
                25.0,
                50.0,
                75.0,
                100.0,
                125.0,
                150.0,
                175.0
            ],
            "escalado_1": 0.6499999761581421,
            "escalado_2": 0.0,
            "parametros_extra": {
                "bADDetonationRatio": [
                    0.4000000059604645,
                    0.550000011920929,
                    0.699999988079071,
                    0.8500000238418579,
                    1.0,
                    1.149999976158142,
                    1.2999999523162842
                ],
                "TerrainCollisionDelay": [
                    0.20000000298023224,
                    0.20000000298023224,
                    0.20000000298023224,
                    0.20000000298023224,
                    0.20000000298023224,
                    0.20000000298023224,
                    0.20000000298023224
                ]
            }
        },
        "W": {
            "nombre": "GravesSmokeGrenadeAbility/GravesSmokeGrenade",
            "cooldown": [
                26.0,
                26.0,
                24.0,
                22.0,
                20.0,
                18.0,
                18.0
            ],
            "costo_mana": [
                70.0,
                75.0,
                80.0,
                85.0,
                90.0,
                95.0
            ],
            "rango": [
                950.0,
                950.0,
                950.0,
                950.0,
                950.0,
                950.0,
                950.0
            ],
            "daño_base": [
                60.0,
                60.0,
                110.0,
                160.0,
                210.0,
                260.0,
                310.0
            ],
            "escalado_1": 0.6000000238418579,
            "escalado_2": 0.0
        },
        "E": {
            "nombre": "GravesMoveAbility/GravesMove",
            "cooldown": [
                17.0,
                16.0,
                15.0,
                14.0,
                13.0,
                12.0,
                11.0
            ],
            "costo_mana": [
                40.0,
                40.0,
                40.0,
                40.0,
                40.0,
                40.0
            ],
            "rango": [
                25000.0,
                25000.0,
                25000.0,
                25000.0,
                25000.0,
                25000.0,
                25000.0
            ],
            "daño_base": [
                20.0,
                30.0,
                40.0,
                50.0,
                60.0,
                70.0,
                80.0
            ],
            "escalado_1": 0.0,
            "escalado_2": 0.0,
            "parametros_extra": {
                "ArmorPerStack": [
                    4.0,
                    7.0,
                    10.0,
                    13.0,
                    16.0,
                    19.0,
                    22.0
                ],
                "MRGrantPercent": [
                    0.5,
                    0.5,
                    0.5,
                    0.5,
                    0.5,
                    0.5,
                    0.5
                ],
                "BuffDuration": [
                    4.0,
                    4.0,
                    4.0,
                    4.0,
                    4.0,
                    4.0,
                    4.0
                ],
                "CooldownPerHit": [
                    0.5,
                    0.5,
                    0.5,
                    0.5,
                    0.5,
                    0.5,
                    0.5
                ],
                "MaxStacks": [
                    8.0,
                    8.0,
                    8.0,
                    8.0,
                    8.0,
                    8.0,
                    8.0
                ]
            }
        },
        "R": {
            "nombre": "GravesChargeShotAbility/GravesChargeShot",
            "cooldown": [
                100.0,
                100.0,
                80.0,
                60.0,
                60.0,
                60.0,
                60.0
            ],
            "costo_mana": [
                100.0,
                100.0,
                100.0,
                0.0,
                0.0,
                0.0
            ],
            "rango": [
                25000.0,
                25000.0,
                25000.0,
                25000.0,
                25000.0,
                25000.0,
                25000.0
            ],
            "daño_base": [
                125.0,
                275.0,
                425.0,
                575.0,
                725.0,
                875.0,
                1025.0
            ],
            "escalado_1": 1.5,
            "escalado_2": 1.2000000476837158,
            "parametros_extra": {
                "RKnockbackDistance": [
                    400.0,
                    400.0,
                    400.0,
                    400.0,
                    400.0,
                    400.0,
                    400.0
                ]
            }
        }
    },
    "pasiva": {
        "nombre": "GravesPassiveAbility",
        "descripcion": "game_buff_tooltip_GravesPassive"
    }
}