{
    "nombre": "Gwen",
    "stats_base": {
        "Vida": 620.0,
        "Vida_por_nivel": 115.0,
        "Regen_Vida": 1.7999999523162842,
        "Regen_Vida_por_nivel": 0.18000000715255737,
        "Daño_Ataque": 63.0,
        "Daño_Ataque_por_nivel": 3.0,
        "Armadura": 39.0,
        "Armadura_por_nivel": 4.900000095367432,
        "Resistencia_Magica_por_nivel": 2.049999952316284,
        "Vel_Movimiento": 340.0,
        "Rango_Ataque": 150.0,
        "Vel_Ataque_base": 0.6899999976158142,
        "Vel_Ataque_ratio": 0.6899999976158142,
        "Vel_Ataque_por_nivel": 2.25,
        "Mana": 330.0,
        "Mana_por_nivel": 40.0,
        "Regen_Mana": 1.5,
        "Regen_Mana_por_nivel": 0.14000000059604645
    },
    "habilidades": {
        "Q": {
            "nombre": "GwenQAbility/GwenQ",
            "cooldown": [
                6.5,
                6.5,
                5.75,
                5.0,
                4.25,
                3.5,
                3.5
            ],
            "costo_mana": [
                40.0,
                40.0,
                40.0,
                40.0,
                40.0,
                40.0
            ],
            "rango": [
                500.0,
                500.0,
                500.0,
                500.0,
                500.0,
                500.0,
                500.0
            ],
            "daño_base": [
                35.0,
                60.0,
                85.0,
                110.0,
                135.0,
                160.0,
                185.0
            ],
            "escalado_1": 0.3499999940395355,
            "escalado_2": 0.3499999940395355,
            "parametros_extra": {
                "InitialArcLength": [
                    475.0,
                    475.0,
                    475.0,
                    475.0,
                    475.0,
                    475.0,
                    475.0
                ],
                "BuffDuration": [
                    6.0,
                    6.0,
                    6.0,
                    6.0,
                    6.0,
                    6.0,
                    6.0
                ],
                "ExecuteBonus": [
                    1000.0,
                    1000.0,
                    1000.0,
                    1000.0,
                    1000.0,
                    1000.0,
                    1000.0
                ],
                "MinionMod": [
                    0.800000011920929,
                    0.800000011920929,
                    0.800000011920929,
                    0.800000011920929,
                    0.800000011920929,
                    0.800000011920929,
                    0.800000011920929
                ],
                "ExecuteThreshold": [
                    0.20000000298023224,
                    0.20000000298023224,
                    0.20000000298023224,
                    0.20000000298023224,
                    0.20000000298023224,
                    0.20000000298023224,
                    0.20000000298023224
                ]
            }
        },
        "W": {
            "nombre": "GwenWAbility/GwenW",
            "cooldown": [
                22.0,
                22.0,
                21.0,
                20.0,
                19.0,
                18.0,
                18.0
            ],
            "costo_mana": [
                60.0,
                60.0,
                60.0,
                60.0,
                60.0,
                60.0
            ],
            "rango": [
                0.0,
                0.0,
                0.0,
                0.0,
                0.0,
                0.0,
                0.0
            ],
            "daño_base": [
                20.0,
                22.0,
                24.0,
                26.0,
                28.0,
                30.0,
                32.0
            ],
            "escalado_1": 0.0,
            "escalado_2": 0.0,
            "parametros_extra": {
                "ZoneDuration": [
                    4.0,
                    4.0,
                    4.0,
                    4.0,
                    4.0,
                    4.0,
                    4.0
                ],
                "ZoneRadius": [
                    370.0,
                    370.0,
                    370.0,
                    370.0,
                    370.0,
                    370.0,
                    370.0
                ],
                "ZonePullSpeed": [
                    2000.0,
                    2000.0,
                    2000.0,
                    2000.0,
                    2000.0,
                    2000.0,
                    2000.0
                ],
                "PullOffset": [
                    75.0,
                    75.0,
                    75.0,
                    75.0,
                    75.0,
                    75.0,
                    75.0
                ],
                "ZoneWallOffset": [
                    -100.0,
                    -100.0,
                    -100.0,
                    -100.0,
                    -100.0,
                    -100.0,
                    -100.0
                ],
                "NewDashCooldown": [
                    2.0,
                    2.0,
                    2.0,
                    2.0,
                    2.0,
                    2.0,
                    2.0
                ],
                "RecastDelay": [
                    0.5,
                    0.5,
                    0.5,
                    0.5,
                    0.5,
                    0.5,
                    0.5
                ],
                "BaseResists": [
                    20.0,
                    22.0,
                    24.0,
                    26.0,
                    28.0,
                    30.0,
                    32.0
                ],
                "DashTargetForgiveness": [
                    125.0,
                    125.0,
                    125.0,
                    125.0,
                    125.0,
                    125.0,
                    125.0
                ]
            }
        },
        "E": {
            "nombre": "GwenEAbility/GwenE",
            "cooldown": [
                13.0,
                13.0,
                12.5,
                12.0,
                11.5,
                11.0,
                11.0
            ],
            "costo_mana": [
                35.0,
                35.0,
                35.0,
                35.0,
                35.0,
                35.0
            ],
            "rango": [],
            "daño_base": [
                15.0,
                15.0,
                15.0,
                15.0,
                15.0,
                15.0,
                15.0
            ],
            "escalado_1": 0.0,
            "escalado_2": 0.0,
            "parametros_extra": {
                "DashRange": [
                    350.0,
                    350.0,
                    350.0,
                    350.0,
                    350.0,
                    350.0,
                    350.0
                ],
                "DashSpeed": [
                    800.0,
                    800.0,
                    800.0,
                    800.0,
                    800.0,
                    800.0,
                    800.0
                ],
                "WallCheatDistance": [
                    100.0,
                    100.0,
                    100.0,
                    100.0,
                    100.0,
                    100.0,
                    100.0
                ],
                "BuffDuration": [
                    4.0,
                    4.0,
                    4.0,
                    4.0,
                    4.0,
                    4.0,
                    4.0
                ],