{
    "nombre": "Hecarim",
    "stats_base": {
        "Vida": 625.0,
        "Vida_por_nivel": 106.0,
        "Regen_Vida": 1.399999976158142,
        "Regen_Vida_por_nivel": 0.15000000596046448,
        "Daño_Ataque": 66.0,
        "Daño_Ataque_por_nivel": 3.700000047683716,
        "Armadura": 32.0,
        "Armadura_por_nivel": 5.449999809265137,
        "Resistencia_Magica_por_nivel": 2.049999952316284,
        "Vel_Movimiento": 345.0,
        "Rango_Ataque": 175.0,
        "Vel_Ataque_base": 0.6700000166893005,
        "Vel_Ataque_ratio": 0.6700000166893005,
        "Vel_Ataque_por_nivel": 2.5,
        "Mana": 280.0,
        "Mana_por_nivel": 40.0,
        "Regen_Mana": 1.399999976158142,
        "Regen_Mana_por_nivel": 0.1599999964237213
    },
    "habilidades": {
        "Q": {
            "nombre": "HecarimRapidSlashAbility/HecarimRapidSlash",
            "cooldown": [
                4.0,
                4.0,
                4.0,
                4.0,
                4.0,
                4.0,
                4.0
            ],
            "costo_mana": [
                28.0,
                26.0,
                24.0,
                22.0,
                20.0,
                20.0
            ],
            "rango": [
                375.0,
                375.0,
                375.0,
                375.0,
                375.0,
                375.0,
                375.0
            ],
            "daño_base": [
                30.0,
                60.0,
                90.0,
                120.0,
                150.0,
                180.0,
                210.0
            ],
            "escalado_1": 0.8999999761581421,
            "escalado_2": 0.10000000149011612,
            "parametros_extra": {
                "RampageBonusRatio": [
                    3.0,
                    3.0,
                    3.0,
                    3.0,
                    3.0,
                    3.0,
                    3.0
                ],
                "RampageDuration": [
                    6.0,
                    6.0,
                    6.0,
                    6.0,
                    6.0,
                    6.0,
                    6.0
                ],
                "RampageCooldownReduction": [
                    0.75,
                    0.75,
                    0.75,
                    0.75,
                    0.75,
                    0.75,
                    0.75
                ]
            }
        },
        "W": {
            "nombre": "HecarimWAbility/HecarimW",
            "cooldown": [
                14.0,
                14.0,
                14.0,
                14.0,
                14.0,
                14.0,
                14.0
            ],
            "costo_mana": [
                50.0,
                55.0,
                60.0,
                65.0,
                70.0,
                70.0
            ],
            "rango": [
                525.0,
                525.0,
                525.0,
                525.0,
                525.0,
                525.0,
                525.0
            ],
            "daño_base": [
                25.0,
                25.0,
                25.0,
                25.0,
                25.0,
                25.0,
                25.0
            ],
            "escalado_1": 0.800000011920929,
            "escalado_2": 0.800000011920929,
            "parametros_extra": {
                "NonSelfLeechRatio": [
                    0.5,
                    0.5,
                    0.5,
                    0.5,
                    0.5,
                    0.5,
                    0.5
                ],
                "BuffDuration": [
                    4.0,
                    4.0,
                    4.0,
                    4.0,
                    4.0,
                    4.0,
                    4.0
                ],
                "TickTime": [
                    0.5,
                    0.5,
                    0.5,
                    0.5,
                    0.5,
                    0.5,
                    0.5
                ],
                "MinionHealCap": [
                    90.0,
                    120.0,
                    150.0,
                    180.0,
                    210.0,
                    240.0,
                    270.0
                ],
                "ResistAmount": [
                    0.0,
                    5.0,
                    10.0,
                    15.0,
                    20.0,
                    25.0,
                    30.0
                ]
            }
        },
        "E": {
            "nombre": "HecarimRampAbility/HecarimRamp",
            "cooldown": [
                20.0,
                20.0,
                19.0,
                18.0,
                17.0,
                16.0,
                15.0
            ],
            "costo_mana": [
                60.0,
                60.0,
                60.0,
                60.0,
                60.0,
                60.0
            ],
            "rango": [
                300.0,
                300.0,
                300.0,
                300.0,
                300.0,
                300.0,
                300.0
            ],
            "daño_base": [
                150.0,
                150.0,
                150.0,
                150.0,
                150.0,
                150.0,
                150.0
            ],
            "escalado_1": 0.5,
            "escalado_2": 1.0,
            "parametros_extra": {
                "MinMoveSpeed": [
                    0.25,
                    0.25,
                    0.25,
                    0.25,
                    0.25,
                    0.25,
                    0.25
                ],
                "MaxMoveSpeed": [
                    0.6499999761581421,
                    0.6499999761581421,
                    0.6499999761581421,
                    0.6499999761581421,
                    0.6499999761581421,
                    0.6499999761581421,
                    0.6499999761581421
                ]
            }
        },
        "R": {
            "nombre": "HecarimUltAbility/HecarimUlt",
            "cooldown": [
                0.0,
                140.0,
                120.0,
                100.0,
                100.0,
                100.0,
                0.0
            ],
            "costo_mana": [
                100.0,
                100.0,
                100.0,
                100.0,
                100.0,
                0.0
            ],
            "rango": [
                50000.0,
                50000.0,
                50000.0,
                50000.0,
                50000.0,
                50000.0,
                50000.0
            ],
            "daño_base": [
                0.0,
                150.0,
                250.0,
                350.0,
                0.0,
                0.0,
                0.0
            ],
            "escalado_1": 1.0,
            "escalado_2": 1.0,
            "parametros_extra": {
                "FearDurationMin": [
                    0.75,
                    0.75,
                    0.75,
                    0.75,
                    0.75,
                    0.75,
                    0.75
                ],
                "FearDurationMax": [
                    1.5,
                    1.5,
                    1.5,
                    1.5,
                    1.5,
                    1.5,
                    1.5
                ]
            }
        }
    },
    "pasiva": {
        "nombre": "HecarimPassiveAbility",
        "descripcion": "game_buff_tooltip_HecarimPassive"
    }
}