{
    "nombre": "Heimerdinger",
    "stats_base": {
        "Vida": 558.0,
        "Vida_por_nivel": 105.0,
        "Regen_Vida": 1.399999976158142,
        "Regen_Vida_por_nivel": 0.10999999940395355,
        "Daño_Ataque": 56.0,
        "Daño_Ataque_por_nivel": 2.700000047683716,
        "Armadura": 19.0,
        "Armadura_por_nivel": 4.199999809265137,
        "Resistencia_Magica_por_nivel": 1.2999999523162842,
        "Vel_Movimiento": 340.0,
        "Rango_Ataque": 550.0,
        "Vel_Ataque_base": 0.6579999923706055,
        "Vel_Ataque_ratio": 0.625,
        "Vel_Ataque_por_nivel": 1.3600000143051147,
        "Mana": 385.0,
        "Mana_por_nivel": 20.0,
        "Regen_Mana": 1.600000023841858,
        "Regen_Mana_por_nivel": 0.1599999964237213
    },
    "habilidades": {
        "Q": {
            "nombre": "HeimerdingerQAbility/HeimerdingerQ",
            "cooldown": [
                1.0,
                1.0,
                1.0,
                1.0,
                1.0,
                1.0,
                1.0
            ],
            "costo_mana": [
                20.0,
                20.0,
                20.0,
                20.0,
                20.0,
                20.0
            ],
            "rango": [
                350.0,
                350.0,
                350.0,
                350.0,
                350.0,
                350.0,
                350.0
            ],
            "daño_base": [
                3.0,
                7.0,
                11.0,
                15.0,
                19.0,
                23.0,
                27.0
            ],
            "escalado_1": 0.3499999940395355,
            "escalado_2": 0.3499999940395355,
            "parametros_extra": {
                "MaxTurrets": [
                    0.0,
                    3.0,
                    3.0,
                    3.0,
                    3.0,
                    3.0,
                    3.0
                ],
                "MaxKits": [
                    0.0,
                    3.0,
                    3.0,
                    3.0,
                    3.0,
                    3.0,
                    3.0
                ],
                "KitCost": [
                    0.0,
                    1.0,
                    1.0,
                    1.0,
                    1.0,
                    1.0,
                    1.0
                ],
                "DistanceToHeimer": [
                    0.0,
                    900.0,
                    900.0,
                    900.0,
                    900.0,
                    900.0,
                    900.0
                ],
                "TurretHealthMod": [
                    1.0,
                    1.0,
                    1.0,
                    1.0,
                    1.0,
                    1.0,
                    1.0
                ]
            }
        },
        "W": {
            "nombre": "HeimerdingerWAbility/HeimerdingerW",
            "cooldown": [
                11.0,
                11.0,
                10.0,
                9.0,
                8.0,
                7.0,
                7.0
            ],
            "costo_mana": [
                50.0,
                60.0,
                70.0,
                80.0,
                90.0,
                90.0
            ],
            "rango": [
                25000.0,
                25000.0,
                25000.0,
                25000.0,
                25000.0,
                25000.0,
                25000.0
            ],
            "daño_base": [
                30.0,
                60.0,
                90.0,
                120.0,
                150.0,
                180.0,
                210.0
            ],
            "escalado_1": 0.550000011920929,
            "escalado_2": 0.11999999731779099,
            "parametros_extra": {
                "Rockets": [
                    5.0,
                    5.0,
                    5.0,
                    5.0,
                    5.0,
                    5.0,
                    5.0
                ]
            }
        },
        "E": {
            "nombre": "HeimerdingerEAbility/HeimerdingerE",
            "cooldown": [
                11.0,
                11.0,
                11.0,
                11.0,
                11.0,
                11.0,
                11.0
            ],
            "costo_mana": [
                85.0,
                85.0,
                85.0,
                85.0,
                85.0,
                85.0
            ],
            "rango": [
                925.0,
                925.0,
                925.0,
                925.0,
                925.0,
                925.0,
                925.0
            ],
            "daño_base": [
                20.0,
                60.0,
                100.0,
                140.0,
                180.0,
                220.0,
                260.0
            ],
            "escalado_1": 0.6000000238418579,
            "escalado_2": 0.75,
            "parametros_extra": {
                "SlowDuration": [
                    2.0,
                    2.0,
                    2.0,
                    2.0,
                    2.0,
                    2.0,
                    2.0
                ],
                "SlowPercent": [
                    0.3499999940395355,
                    0.3499999940395355,
                    0.3499999940395355,
                    0.3499999940395355,
                    0.3499999940395355,
                    0.3499999940395355,
                    0.3499999940395355
                ],
                "StunDuration": [
                    1.5,
                    1.5,
                    1.5,
                    1.5,
                    1.5,
                    1.5,
                    1.5
                ]
            }
        },
        "R": {
            "nombre": "HeimerdingerRAbility/HeimerdingerR",
            "cooldown": [
                100.0,
                100.0,
                85.0,
                70.0,
                70.0,
                70.0,
                75.0
            ],
            "costo_mana": [
                100.0,
                100.0,
                100.0,
                100.0,
                100.0,
                0.0
            ],
            "rango": [
                280.0,
                280.0,
                280.0,
                280.0,
                280.0,
                280.0,
                280.0
            ],
            "daño_base": [
                0.0,
                100.0,
                140.0,
                180.0,
                0.0,
                0.0,
                0.0
            ],
            "escalado_1": 0.699999988079071,
            "escalado_2": 0.30000001192092896
        }
    },
    "pasiva": {
        "nombre": "HeimerdingerPassiveAbility",
        "descripcion": "game_buff_tooltip_HeimerdingerPassive"
    }
}