{
    "nombre": "Hwei",
    "stats_base": {
        "Vida": 580.0,
        "Vida_por_nivel": 109.0,
        "Regen_Vida": 1.100000023841858,
        "Regen_Vida_por_nivel": 0.10999999940395355,
        "Daño_Ataque": 54.0,
        "Daño_Ataque_por_nivel": 3.299999952316284,
        "Armadura": 21.0,
        "Armadura_por_nivel": 4.699999809265137,
        "Resistencia_Magica_por_nivel": 1.2999999523162842,
        "Vel_Movimiento": 330.0,
        "Rango_Ataque": 550.0,
        "Vel_Ataque_base": 0.6899999976158142,
        "Vel_Ataque_ratio": 0.6579999923706055,
        "Vel_Ataque_por_nivel": 2.5,
        "Mana": 480.0,
        "Mana_por_nivel": 30.0,
        "Regen_Mana": 1.5,
        "Regen_Mana_por_nivel": 0.15000000596046448
    },
    "habilidades": {
        "Q": {
            "nombre": "HweiQAbility/HweiQ",
            "cooldown": [
                10.0,
                10.0,
                9.0,
                8.0,
                7.0,
                6.0,
                6.0
            ],
            "costo_mana": [
                80.0,
                90.0,
                100.0,
                110.0,
                120.0,
                120.0
            ],
            "rango": [
                0.0,
                0.0,
                0.0,
                0.0,
                0.0,
                0.0,
                0.0
            ],
            "daño_base": [
                20.0,
                50.0,
                80.0,
                110.0,
                140.0,
                170.0,
                200.0
            ],
            "escalado_1": 0.0,
            "escalado_2": 0.0,
            "parametros_extra": {
                "Tooltip_QEBaseDPS": [
                    5.0,
                    20.0,
                    35.0,
                    50.0,
                    65.0,
                    80.0,
                    95.0
                ]
            }
        },
        "W": {
            "nombre": "HweiWAbility/HweiW",
            "cooldown": [
                18.0,
                18.0,
                17.5,
                17.0,
                16.5,
                16.0,
                16.0
            ],
            "costo_mana": [
                90.0,
                95.0,
                100.0,
                105.0,
                110.0,
                110.0
            ],
            "rango": [
                0.0,
                0.0,
                0.0,
                0.0,
                0.0,
                0.0,
                0.0
            ],
            "daño_base": [
                10.0,
                20.0,
                30.0,
                40.0,
                50.0,
                60.0,
                70.0
            ],
            "escalado_1": 0.0,
            "escalado_2": 0.0,
            "parametros_extra": {
                "Tooltip_WQBaseMoveSpeed": [
                    27.5,
                    30.0,
                    32.5,
                    35.0,
                    37.5,
                    40.0,
                    42.5
                ],
                "Tooltip_WQAreaDuration": [
                    3.5,
                    4.0,
                    4.5,
                    5.0,
                    5.5,
                    6.0,
                    6.5
                ],
                "Tooltip_WWShieldAmountBase": [
                    60.0,
                    100.0,
                    140.0,
                    180.0,
                    220.0,
                    260.0,
                    300.0
                ],
                "Tooltip_WEOnHitManaRestore": [
                    40.0,
                    45.0,
                    50.0,
                    55.0,
                    60.0,
                    65.0,
                    70.0
                ]
            }
        },
        "E": {
            "nombre": "HweiEAbility/HweiE",
            "cooldown": [
                13.0,
                13.0,
                12.5,
                12.0,
                11.5,
                11.0,
                11.0
            ],
            "costo_mana": [
                50.0,
                55.0,
                60.0,
                65.0,
                70.0,
                70.0
            ],
            "rango": [
                0.0,
                0.0,
                0.0,
                0.0,
                0.0,
                0.0,
                0.0
            ],
            "daño_base": [
                30.0,
                70.0,
                110.0,
                150.0,
                190.0,
                230.0,
                270.0
            ],
            "escalado_1": 0.0,
            "escalado_2": 0.0,
            "parametros_extra": {
                "Tooltip_EWRootDuration": [
                    1.0,
                    1.2000000476837158,
                    1.399999976158142,
                    1.600000023841858,
                    1.7999999523162842,
                    2.0,
                    2.200000047683716
                ],
                "Tooltip_EESlowAmount": [
                    32.5,
                    40.0,
                    47.5,
                    55.0,
                    62.5,
                    70.0,
                    77.5
                ],
                "Tooltip_EQFleeDuration": [
                    0.875,
                    1.0,
                    1.125,
                    1.25,
                    1.375,
                    1.5,
                    1.625
                ]
            }
        },
        "R": {
            "nombre": "HweiRAbility/HweiR",
            "cooldown": [
                120.0,
                120.0,
                100.0,
                80.0,
                80.0,
                80.0,
                80.0
            ],
            "costo_mana": [
                100.0,
                100.0,
                100.0,
                100.0,
                100.0,
                100.0
            ],
            "rango": [
                1300.0,
                1300.0,
                1300.0,
                1300.0,
                1300.0,
                1300.0,
                1300.0
            ],
            "daño_base": [
                75.0,
                200.0,
                325.0,
                450.0,
                575.0,
                700.0,
                825.0
            ],
            "escalado_1": 0.0,
            "escalado_2": 0.0,
            "parametros_extra": {
                "Duration": [
                    3.0,
                    3.0,
                    3.0,
                    3.0,
                    3.0,
                    3.0,
                    3.0
                ],
                "SlowPercentPerStack": [
                    10.0,
                    10.0,
                    10.0,
                    10.0,
                    10.0,
                    10.0,
                    10.0
                ],
                "SlowDuration": [
                    0.3499999940395355,
                    0.3499999940395355,
                    0.3499999940395355,
                    0.3499999940395355,
                    0.3499999940395355,
                    0.3499999940395355,
                    0.3499999940395355
                ]
            }
        }
    },
    "pasiva": {
        "nombre": "HweiPassiveAbility",
        "descripcion": ""
    }
}