{
    "nombre": "Illaoi",
    "stats_base": {
        "Vida": 656.0,
        "Vida_por_nivel": 115.0,
        "Regen_Vida": 1.899999976158142,
        "Regen_Vida_por_nivel": 0.1599999964237213,
        "Daño_Ataque": 65.0,
        "Daño_Ataque_por_nivel": 5.0,
        "Armadura": 35.0,
        "Armadura_por_nivel": 5.0,
        "Resistencia_Magica_por_nivel": 2.049999952316284,
        "Vel_Movimiento": 350.0,
        "Rango_Ataque": 125.0,
        "Vel_Ataque_base": 0.625,
        "Vel_Ataque_ratio": 0.625,
        "Vel_Ataque_por_nivel": 2.5,
        "Mana": 350.0,
        "Mana_por_nivel": 50.0,
        "Regen_Mana": 1.5,
        "Regen_Mana_por_nivel": 0.15000000596046448
    },
    "habilidades": {
        "Q": {
            "nombre": "IllaoiQAbility/IllaoiQ",
            "cooldown": [
                11.0,
                10.0,
                9.0,
                8.0,
                7.0,
                6.0,
                6.0
            ],
            "costo_mana": [
                40.0,
                45.0,
                50.0,
                55.0,
                60.0,
                65.0
            ],
            "rango": [
                25000.0,
                25000.0,
                25000.0,
                25000.0,
                25000.0,
                25000.0,
                25000.0
            ],
            "daño_base": [
                0.0,
                0.10000000149011612,
                0.15000000596046448,
                0.20000000298023224,
                0.25,
                0.30000001192092896,
                0.3499999940395355
            ],
            "escalado_1": 1.100000023841858,
            "escalado_2": 0.4000000059604645,
            "parametros_extra": {
                "TentacleLength": [
                    800.0,
                    800.0,
                    800.0,
                    800.0,
                    800.0,
                    800.0,
                    800.0
                ],
                "TentacleWidth": [
                    200.0,
                    200.0,
                    200.0,
                    200.0,
                    200.0,
                    200.0,
                    200.0
                ]
            }
        },
        "W": {
            "nombre": "IllaoiWAbility/IllaoiW",
            "cooldown": [
                4.0,
                4.0,
                4.0,
                4.0,
                4.0,
                4.0,
                4.0
            ],
            "costo_mana": [
                30.0,
                30.0,
                30.0,
                30.0,
                30.0,
                30.0
            ],
            "rango": [
                350.0,
                350.0,
                350.0,
                350.0,
                350.0,
                350.0,
                350.0
            ],
            "daño_base": [
                10.0,
                20.0,
                30.0,
                40.0,
                50.0,
                60.0,
                70.0
            ],
            "escalado_1": 0.03500000014901161,
            "escalado_2": 0.0,
            "parametros_extra": {
                "CooldownDuringR": [
                    2.0,
                    2.0,
                    2.0,
                    2.0,
                    2.0,
                    2.0,
                    2.0
                ],
                "BuffDuration": [
                    6.0,
                    6.0,
                    6.0,
                    6.0,
                    6.0,
                    6.0,
                    6.0
                ],
                "DashSpeedBonus": [
                    600.0,
                    600.0,
                    600.0,
                    600.0,
                    600.0,
                    600.0,
                    600.0
                ]
            }
        },
        "E": {
            "nombre": "IllaoiEAbility/IllaoiE",
            "cooldown": [
                16.0,
                16.0,
                15.0,
                14.0,
                13.0,
                12.0,
                11.0
            ],
            "costo_mana": [
                35.0,
                40.0,
                45.0,
                50.0,
                55.0,
                60.0
            ],
            "rango": [
                25000.0,
                25000.0,
                25000.0,
                25000.0,
                25000.0,
                25000.0,
                25000.0
            ],
            "daño_base": [
                0.20000000298023224,
                0.25,
                0.30000001192092896,
                0.3499999940395355,
                0.4000000059604645,
                0.44999998807907104,
                0.5
            ],
            "escalado_1": 0.0,
            "escalado_2": 0.0,
            "parametros_extra": {
                "VesselDuration": [
                    4.0,
                    4.0,
                    4.0,
                    4.0,
                    4.0,
                    4.0,
                    4.0
                ],
                "SpiritDuration": [
                    7.0,
                    7.0,
                    7.0,
                    7.0,
                    7.0,
                    7.0,
                    7.0
                ],
                "SlowDuration": [
                    1.5,
                    1.5,
                    1.5,
                    1.5,
                    1.5,
                    1.5,
                    1.5
                ],
                "SlowAmount": [
                    0.800000011920929,
                    0.800000011920929,
                    0.800000011920929,
                    0.800000011920929,
                    0.800000011920929,
                    0.800000011920929,
                    0.800000011920929
                ],
                "EchoTADScalar": [
                    0.0007999999797903001,
                    0.0007999999797903001,
                    0.0007999999797903001,
                    0.0007999999797903001,
                    0.0007999999797903001,
                    0.0007999999797903001,
                    0.0007999999797903001
                ],
                "GraceBeforeDormantAfterELand": [
                    1.5,
                    1.5,
                    1.5,
                    1.5,
                    1.5,
                    1.5,
                    1.5
                ],
                "Density": [
                    700.0,
                    700.0,
                    700.0,
                    700.0,
                    700.0,
                    700.0,
                    700.0
                ],
                "SpiritLeashRange": [
                    1500.0,
                    1500.0,
                    1500.0,
                    1500.0,
                    1500.0,
                    1500.0,
                    1500.0
                ]
            }
        },
        "R": {
            "nombre": "IllaoiRAbility/IllaoiR",
            "cooldown": [
                120.0,
                120.0,
                95.0,
                70.0,
                70.0,
                70.0,
                70.0
            ],
            "costo_mana": [
                100.0,
                100.0,
                100.0,
                0.0,
                0.0,
                0.0
            ],
            "rango": [
                450.0,
                450.0,
                450.0,
                450.0,
                450.0,
                450.0,
                450.0
            ],
            "daño_base": [
                50.0,
                150.0,
                250.0,
                350.0,
                450.0,
                550.0,
                650.0
            ],
            "escalado_1": 0.0,
            "escalado_2": 0.0,