{
    "nombre": "Irelia",
    "stats_base": {
        "Vida": 630.0,
        "Vida_por_nivel": 115.0,
        "Regen_Vida": 0.699999988079071,
        "Regen_Vida_por_nivel": 0.17000000178813934,
        "Daño_Ataque": 65.0,
        "Daño_Ataque_por_nivel": 3.5,
        "Armadura": 36.0,
        "Armadura_por_nivel": 4.699999809265137,
        "Resistencia_Magica_por_nivel": 2.049999952316284,
        "Vel_Movimiento": 335.0,
        "Rango_Ataque": 200.0,
        "Vel_Ataque_base": 0.656000018119812,
        "Vel_Ataque_ratio": 0.656000018119812,
        "Vel_Ataque_por_nivel": 2.5,
        "Mana": 350.0,
        "Mana_por_nivel": 50.0,
        "Regen_Mana": 1.600000023841858,
        "Regen_Mana_por_nivel": 0.1599999964237213
    },
    "habilidades": {
        "Q": {
            "nombre": "IreliaQAbility/IreliaQ",
            "cooldown": [
                10.0,
                10.0,
                9.0,
                8.0,
                7.0,
                6.0,
                5.0
            ],
            "costo_mana": [
                15.0,
                15.0,
                15.0,
                15.0,
                15.0,
                15.0
            ],
            "rango": [
                600.0,
                600.0,
                600.0,
                600.0,
                600.0,
                600.0,
                600.0
            ],
            "daño_base": [
                -15.0,
                5.0,
                25.0,
                45.0,
                65.0,
                85.0,
                105.0
            ],
            "escalado_1": 0.0,
            "escalado_2": 0.0,
            "parametros_extra": {
                "DashSpeedBonus": [
                    0.0,
                    1400.0,
                    1400.0,
                    1400.0,
                    1400.0,
                    1400.0,
                    1400.0
                ],
                "HealTADCoefficient": [
                    0.07999999821186066,
                    0.09000000357627869,
                    0.10000000149011612,
                    0.10999999940395355,
                    0.11999999731779099,
                    0.12999999523162842,
                    0.14000000059604645
                ]
            }
        },
        "W": {
            "nombre": "IreliaWAbility/IreliaW",
            "cooldown": [
                20.0,
                20.0,
                18.0,
                16.0,
                14.0,
                12.0,
                10.0
            ],
            "costo_mana": [
                70.0,
                75.0,
                80.0,
                85.0,
                90.0,
                90.0
            ],
            "rango": [
                775.0,
                775.0,
                775.0,
                775.0,
                775.0,
                775.0,
                775.0
            ],
            "daño_base": [
                0.0,
                10.0,
                20.0,
                30.0,
                40.0,
                50.0,
                60.0
            ],
            "escalado_1": 0.0,
            "escalado_2": 0.0,
            "parametros_extra": {
                "BasePhysicalDR": [
                    0.0,
                    50.0,
                    50.0,
                    50.0,
                    50.0,
                    50.0,
                    50.0
                ],
                "MaxDuration": [
                    0.0,
                    1.5,
                    1.5,
                    1.5,
                    1.5,
                    1.5,
                    1.5
                ],
                "MaxBonusRatio": [
                    0.0,
                    2.0,
                    2.0,
                    2.0,
                    2.0,
                    2.0,
                    2.0
                ],
                "ChargeTimeForMax": [
                    0.0,
                    0.75,
                    0.75,
                    0.75,
                    0.75,
                    0.75,
                    0.75
                ],
                "MRReductionAmount": [
                    0.5,
                    0.5,
                    0.5,
                    0.5,
                    0.5,
                    0.5,
                    0.5
                ]
            }
        },
        "E": {
            "nombre": "IreliaEAbility/IreliaE",
            "cooldown": [
                16.0,
                16.0,
                14.5,
                13.0,
                11.5,
                10.0,
                10.0
            ],
            "costo_mana": [
                50.0,
                50.0,
                50.0,
                50.0,
                50.0,
                50.0
            ],
            "rango": [
                25000.0,
                25000.0,
                25000.0,
                25000.0,
                25000.0,
                25000.0,
                25000.0
            ],
            "daño_base": [
                30.0,
                70.0,
                110.0,
                150.0,
                190.0,
                230.0,
                270.0
            ],
            "escalado_1": 1.0,
            "escalado_2": 1.0,
            "parametros_extra": {
                "StunDuration": [
                    0.75,
                    0.75,
                    0.75,
                    0.75,
                    0.75,
                    0.75,
                    0.75
                ],
                "RevTime": [
                    0.0,
                    0.3499999940395355,
                    0.3499999940395355,
                    0.3499999940395355,
                    0.3499999940395355,
                    0.3499999940395355,
                    0.3499999940395355
                ],
                "BuffDuration": [
                    0.0,
                    3.5,
                    3.5,
                    3.5,
                    3.5,
                    3.5,
                    3.5
                ],
                "CDBetweenCast": [
                    0.0,
                    0.25,
                    0.25,
                    0.25,
                    0.25,
                    0.25,
                    0.25
                ],
                "MaxRange": [
                    0.0,
                    775.0,
                    775.0,
                    775.0,
                    775.0,
                    775.0,
                    775.0
                ],
                "MinRange": [
                    0.0,
                    50.0,
                    50.0,
                    50.0,
                    50.0,
                    50.0,
                    50.0
                ],
                "MarkDuration": [
                    0.0,
                    5.0,
                    5.0,
                    5.0,
                    5.0,
                    5.0,
                    5.0
                ]
            }
        },
        "R": {
            "nombre": "IreliaRAbility/IreliaR",
            "cooldown": [
                125.0,
                125.0,
                105.0,
                85.0,
                0.0,
                0.0,
                0.0
            ],
            "costo_mana": [
                100.0,
                100.0,
                100.0,
                100.0,
                100.0,
                100.0
            ],
            "rango": [
                1000.0,
                1000.0,
                1000.0,
                1000.0,
                1000.0,
                1000.0,
                1000.0
            ],
            "daño_base": [
                50.0,
                125.0,
                200.0,
                275.0,
                350.0,
                425.0,
                500.0
            ],
            "escalado_1": 0.699999988079071,
            "escalado_2": 0.699999988079071,