{
    "nombre": "Ivern",
    "stats_base": {
        "Vida": 630.0,
        "Vida_por_nivel": 99.0,
        "Regen_Vida": 1.399999976158142,
        "Regen_Vida_por_nivel": 0.17000000178813934,
        "Daño_Ataque": 50.0,
        "Daño_Ataque_por_nivel": 3.0,
        "Armadura": 27.0,
        "Armadura_por_nivel": 4.699999809265137,
        "Resistencia_Magica_por_nivel": 1.2999999523162842,
        "Vel_Movimiento": 330.0,
        "Rango_Ataque": 475.0,
        "Vel_Ataque_base": 0.6439999938011169,
        "Vel_Ataque_ratio": 0.6439999938011169,
        "Vel_Ataque_por_nivel": 3.4000000953674316,
        "Mana": 450.0,
        "Mana_por_nivel": 60.0,
        "Regen_Mana": 1.2000000476837158,
        "Regen_Mana_por_nivel": 0.15000000596046448
    },
    "habilidades": {
        "Q": {
            "nombre": "IvernQAbility/IvernQ",
            "cooldown": [
                15.0,
                14.0,
                13.0,
                12.0,
                11.0,
                10.0,
                9.0
            ],
            "costo_mana": [
                60.0,
                60.0,
                60.0,
                60.0,
                60.0,
                60.0
            ],
            "rango": [
                1150.0,
                1150.0,
                1150.0,
                1150.0,
                1150.0,
                1150.0,
                1150.0
            ],
            "daño_base": [
                35.0,
                80.0,
                125.0,
                170.0,
                215.0,
                260.0,
                305.0
            ],
            "escalado_1": 0.699999988079071,
            "escalado_2": 0.699999988079071,
            "parametros_extra": {
                "DashSpeed": [
                    1500.0,
                    1500.0,
                    1500.0,
                    1500.0,
                    1500.0,
                    1500.0,
                    1500.0
                ],
                "RootDuration": [
                    1.5,
                    1.600000023841858,
                    1.7000000476837158,
                    1.7999999523162842,
                    1.899999976158142,
                    2.0,
                    2.0999999046325684
                ]
            }
        },
        "W": {
            "nombre": "IvernWAbility/IvernW",
            "cooldown": [
                0.5,
                0.5,
                0.5,
                0.5,
                0.5,
                0.5,
                0.5
            ],
            "costo_mana": [
                30.0,
                30.0,
                30.0,
                30.0,
                30.0,
                30.0
            ],
            "rango": [
                1000.0,
                1000.0,
                1000.0,
                1000.0,
                1000.0,
                1000.0,
                1000.0
            ],
            "daño_base": [
                12.5,
                20.0,
                27.5,
                35.0,
                42.5,
                50.0,
                57.5
            ],
            "escalado_1": 0.0,
            "escalado_2": 0.0,
            "parametros_extra": {
                "BuffDuration": [
                    3.0,
                    3.0,
                    3.0,
                    3.0,
                    3.0,
                    3.0,
                    3.0
                ],
                "AllyBuffDuration": [
                    1.5,
                    1.5,
                    1.5,
                    1.5,
                    1.5,
                    1.5,
                    1.5
                ],
                "RevealDuration": [
                    8.0,
                    8.0,
                    8.0,
                    8.0,
                    8.0,
                    8.0,
                    8.0
                ],
                "MaxBrushDuration": [
                    45.0,
                    45.0,
                    45.0,
                    45.0,
                    45.0,
                    45.0,
                    45.0
                ],
                "BrushRadius": [
                    190.0,
                    190.0,
                    190.0,
                    190.0,
                    190.0,
                    190.0,
                    190.0
                ],
                "BrushSpacing": [
                    90.0,
                    90.0,
                    90.0,
                    90.0,
                    90.0,
                    90.0,
                    90.0
                ]
            }
        },
        "E": {
            "nombre": "IvernEAbility/IvernE",
            "cooldown": [
                12.0,
                11.0,
                10.0,
                9.0,
                8.0,
                7.0,
                6.0
            ],
            "costo_mana": [
                70.0,
                70.0,
                70.0,
                70.0,
                70.0,
                70.0
            ],
            "rango": [
                750.0,
                750.0,
                750.0,
                750.0,
                750.0,
                750.0,
                750.0
            ],
            "daño_base": [
                50.0,
                70.0,
                90.0,
                110.0,
                130.0,
                150.0,
                170.0
            ],
            "escalado_1": 0.5,
            "escalado_2": 0.5,
            "parametros_extra": {
                "BaseShield": [
                    35.0,
                    75.0,
                    115.0,
                    155.0,
                    195.0,
                    235.0,
                    275.0
                ],
                "SlowAmount": [
                    0.3499999940395355,
                    0.4000000059604645,
                    0.44999998807907104,
                    0.5,
                    0.550000011920929,
                    0.6000000238418579,
                    0.6499999761581421
                ],
                "SlowDuration": [
                    2.0,
                    2.0,
                    2.0,
                    2.0,
                    2.0,
                    2.0,
                    2.0
                ],
                "ShieldDuration": [
                    2.0,
                    2.0,
                    2.0,
                    2.0,
                    2.0,
                    2.0,
                    2.0
                ]
            }
        },
        "R": {
            "nombre": "IvernRAbility/IvernR",
            "cooldown": [
                150.0,
                140.0,
                130.0,
                120.0,
                110.0,
                100.0,
                90.0
            ],
            "costo_mana": [
                100.0,
                100.0,
                100.0,
                100.0,
                100.0,
                100.0
            ],
            "rango": [
                25000.0,
                25000.0,
                25000.0,
                25000.0,
                25000.0,
                25000.0,
                25000.0
            ],
            "daño_base": [
                40.0,
                90.0,
                140.0,
                190.0,
                240.0,
                290.0,
                340.0
            ],
            "escalado_1": 0.30000001192092896,
            "escalado_2": 0.5,
            "parametros_extra": {
                "SpawnBuffDuration": [
                    5.0,
                    5.0,
                    5.0,
                    5.0,
                    5.0,
                    5.0,
                    5.0
                ],