{
    "nombre": "Janna",
    "stats_base": {
        "Vida": 570.0,
        "Vida_por_nivel": 90.0,
        "Regen_Vida": 1.100000023841858,
        "Regen_Vida_por_nivel": 0.10999999940395355,
        "Daño_Ataque": 47.0,
        "Daño_Ataque_por_nivel": 2.5,
        "Armadura": 28.0,
        "Armadura_por_nivel": 4.5,
        "Resistencia_Magica_por_nivel": 1.2999999523162842,
        "Vel_Movimiento": 325.0,
        "Rango_Ataque": 550.0,
        "Vel_Ataque_base": 0.625,
        "Vel_Ataque_ratio": 0.625,
        "Vel_Ataque_por_nivel": 3.0,
        "Mana": 360.0,
        "Mana_por_nivel": 50.0,
        "Regen_Mana": 2.299999952316284,
        "Regen_Mana_por_nivel": 0.07999999821186066
    },
    "habilidades": {
        "Q": {
            "nombre": "HowlingGaleAbility/HowlingGale",
            "cooldown": [
                14.0,
                14.0,
                14.0,
                14.0,
                14.0,
                14.0,
                14.0
            ],
            "costo_mana": [
                90.0,
                95.0,
                100.0,
                105.0,
                110.0,
                110.0
            ],
            "rango": [
                25000.0,
                25000.0,
                25000.0,
                25000.0,
                25000.0,
                25000.0,
                25000.0
            ],
            "daño_base": [
                20.0,
                55.0,
                90.0,
                125.0,
                160.0,
                195.0,
                230.0
            ],
            "escalado_1": 0.0,
            "escalado_2": 0.0,
            "parametros_extra": {
                "MissileTravelTime": [
                    1.25,
                    1.25,
                    1.25,
                    1.25,
                    1.25,
                    1.25,
                    1.25
                ],
                "MinionMod": [
                    1.0,
                    1.0,
                    1.0,
                    1.0,
                    1.0,
                    1.0,
                    1.0
                ],
                "BaseRange": [
                    1100.0,
                    1100.0,
                    1100.0,
                    1100.0,
                    1100.0,
                    1100.0,
                    1100.0
                ],
                "MinimumRatio": [
                    0.5,
                    0.5,
                    0.5,
                    0.5,
                    0.5,
                    0.5,
                    0.5
                ],
                "BonusRatio": [
                    0.10000000149011612,
                    0.10000000149011612,
                    0.10000000149011612,
                    0.10000000149011612,
                    0.10000000149011612,
                    0.10000000149011612,
                    0.10000000149011612
                ],
                "ChargeDistancePercent": [
                    20.0,
                    20.0,
                    20.0,
                    20.0,
                    20.0,
                    20.0,
                    20.0
                ],
                "BaseKnockup": [
                    0.5,
                    0.5,
                    0.5,
                    0.5,
                    0.5,
                    0.5,
                    0.5
                ],
                "ChargeKnockup": [
                    0.25,
                    0.25,
                    0.25,
                    0.25,
                    0.25,
                    0.25,
                    0.25
                ],
                "MaxDuration": [
                    3.0,
                    3.0,
                    3.0,
                    3.0,
                    3.0,
                    3.0,
                    3.0
                ]
            }
        },
        "W": {
            "nombre": "SowTheWindAbility/SowTheWind",
            "cooldown": [
                8.0,
                8.0,
                7.5,
                7.0,
                6.5,
                6.0,
                6.0
            ],
            "costo_mana": [
                50.0,
                55.0,
                60.0,
                65.0,
                70.0,
                70.0
            ],
            "rango": [
                550.0,
                550.0,
                550.0,
                550.0,
                550.0,
                550.0,
                550.0
            ],
            "daño_base": [
                25.0,
                55.0,
                85.0,
                115.0,
                145.0,
                175.0,
                205.0
            ],
            "escalado_1": 0.5,
            "escalado_2": 0.5,
            "parametros_extra": {
                "MSPercent": [
                    0.05000000074505806,
                    0.05999999865889549,
                    0.07000000029802322,
                    0.07999999821186066,
                    0.09000000357627869,
                    0.10000000149011612,
                    0.10999999940395355
                ],
                "SlowDuration": [
                    2.0,
                    2.0,
                    2.0,
                    2.0,
                    2.0,
                    2.0,
                    2.0
                ],
                "SlowPercent": [
                    16.0,
                    20.0,
                    24.0,
                    28.0,
                    32.0,
                    36.0,
                    40.0
                ]
            }
        },
        "E": {
            "nombre": "EyeOfTheStormAbility/EyeOfTheStorm",
            "cooldown": [
                16.0,
                16.0,
                15.0,
                14.0,
                13.0,
                12.0,
                12.0
            ],
            "costo_mana": [
                70.0,
                75.0,
                80.0,
                85.0,
                90.0,
                90.0
            ],
            "rango": [
                800.0,
                800.0,
                800.0,
                800.0,
                800.0,
                800.0,
                800.0
            ],
            "daño_base": [],
            "escalado_1": 0.550000011920929,
            "escalado_2": 0.550000011920929,
            "parametros_extra": {
                "ECDRefundforCC": [
                    0.20000000298023224,
                    0.20000000298023224,
                    0.20000000298023224,
                    0.20000000298023224,
                    0.20000000298023224,
                    0.20000000298023224,
                    0.20000000298023224
                ],
                "EmpowerDuration": [
                    5.0,
                    5.0,
                    5.0,
                    5.0,
                    5.0,
                    5.0,
                    5.0
                ],
                "DecayGracePeriod": [
                    4.0,
                    4.0,
                    4.0,
                    4.0,
                    4.0,
                    4.0,
                    4.0
                ],
                "BaseShield": [
                    40.0,
                    80.0,
                    120.0,
                    160.0,
                    200.0,
                    240.0,
                    280.0
                ],
                "BonusAD": [
                    5.0,
                    10.0,
                    15.0,
                    20.0,
                    25.0,
                    30.0,
                    35.0
                ],
                "ShieldDuration": [
                    4.0,
                    4.0,
                    4.0,
                    4.0,
                    4.0,
                    4.0,
                    4.0
                ]
            }
        },