{
    "nombre": "JarvanIV",
    "stats_base": {
        "Vida": 640.0,
        "Vida_por_nivel": 104.0,
        "Regen_Vida": 1.600000023841858,
        "Regen_Vida_por_nivel": 0.14000000059604645,
        "Daño_Ataque": 64.0,
        "Daño_Ataque_por_nivel": 3.0,
        "Armadura": 36.0,
        "Armadura_por_nivel": 4.599999904632568,
        "Resistencia_Magica_por_nivel": 2.049999952316284,
        "Vel_Movimiento": 340.0,
        "Rango_Ataque": 175.0,
        "Vel_Ataque_base": 0.6579999923706055,
        "Vel_Ataque_ratio": 0.6579999923706055,
        "Vel_Ataque_por_nivel": 2.5,
        "Mana": 300.0,
        "Mana_por_nivel": 55.0,
        "Regen_Mana": 1.2999999523162842,
        "Regen_Mana_por_nivel": 0.09000000357627869
    },
    "habilidades": {
        "Q": {
            "nombre": "JarvanIVDragonStrikeAbility/JarvanIVDragonStrike",
            "cooldown": [
                10.0,
                10.0,
                9.0,
                8.0,
                7.0,
                6.0,
                6.0
            ],
            "costo_mana": [
                45.0,
                50.0,
                55.0,
                60.0,
                65.0,
                70.0
            ],
            "rango": [
                770.0,
                770.0,
                770.0,
                770.0,
                770.0,
                770.0,
                770.0
            ],
            "daño_base": [
                70.0,
                80.0,
                120.0,
                160.0,
                200.0,
                240.0,
                250.0
            ],
            "escalado_1": 0.0,
            "escalado_2": 0.0,
            "parametros_extra": {
                "BaseARShred": [
                    0.05999999865889549,
                    0.10000000149011612,
                    0.14000000059604645,
                    0.18000000715255737,
                    0.2199999988079071,
                    0.25999999046325684,
                    0.30000001192092896
                ]
            }
        },
        "W": {
            "nombre": "JarvanIVGoldenAegisAbility/JarvanIVGoldenAegis",
            "cooldown": [
                9.0,
                9.0,
                9.0,
                9.0,
                9.0,
                9.0,
                9.0
            ],
            "costo_mana": [
                30.0,
                30.0,
                30.0,
                30.0,
                30.0,
                30.0
            ],
            "rango": [
                625.0,
                625.0,
                625.0,
                625.0,
                625.0,
                625.0,
                625.0
            ],
            "daño_base": [
                60.0,
                60.0,
                80.0,
                100.0,
                120.0,
                140.0,
                160.0
            ],
            "escalado_1": 0.0,
            "escalado_2": 0.0,
            "parametros_extra": {
                "BaseSlowAmount": [
                    0.10000000149011612,
                    0.15000000596046448,
                    0.20000000298023224,
                    0.25,
                    0.30000001192092896,
                    0.3499999940395355,
                    0.4000000059604645
                ]
            }
        },
        "E": {
            "nombre": "JarvanIVDemacianStandardAbility/JarvanIVDemacianStandard",
            "cooldown": [
                12.0,
                12.0,
                11.5,
                11.0,
                10.5,
                10.0,
                10.0
            ],
            "costo_mana": [
                55.0,
                55.0,
                55.0,
                55.0,
                55.0,
                55.0
            ],
            "rango": [
                25000.0,
                25000.0,
                25000.0,
                25000.0,
                25000.0,
                25000.0,
                25000.0
            ],
            "daño_base": [
                7.0,
                10.0,
                13.0,
                16.0,
                19.0,
                22.0,
                25.0
            ],
            "escalado_1": 0.800000011920929,
            "escalado_2": 0.800000011920929,
            "parametros_extra": {
                "EDashSpeed": [
                    1400.0,
                    1400.0,
                    1400.0,
                    1400.0,
                    1400.0,
                    1400.0,
                    1400.0
                ],
                "EBehindJarvanCheck": [
                    400.0,
                    400.0,
                    400.0,
                    400.0,
                    400.0,
                    400.0,
                    400.0
                ],
                "EKnockUpAoE": [
                    0.0,
                    180.0,
                    180.0,
                    180.0,
                    180.0,
                    180.0,
                    180.0
                ],
                "PermanentAttackSpeed": [
                    0.17499999701976776,
                    0.20000000298023224,
                    0.22499999403953552,
                    0.25,
                    0.2750000059604645,
                    0.30000001192092896,
                    0.32499998807907104
                ],
                "BaseAuraAS": [
                    0.17499999701976776,
                    0.20000000298023224,
                    0.22499999403953552,
                    0.25,
                    0.2750000059604645,
                    0.30000001192092896,
                    0.32499998807907104
                ]
            }
        },
        "R": {
            "nombre": "JarvanIVCataclysmAbility/JarvanIVCataclysm",
            "cooldown": [
                0.0,
                120.0,
                105.0,
                90.0,
                8.0,
                5.0,
                0.0
            ],
            "costo_mana": [
                100.0,
                100.0,
                100.0,
                100.0,
                100.0,
                100.0
            ],
            "rango": [
                650.0,
                650.0,
                650.0,
                650.0,
                650.0,
                650.0,
                700.0
            ],
            "daño_base": [
                75.0,
                200.0,
                325.0,
                450.0,
                575.0,
                700.0,
                825.0
            ],
            "escalado_1": 0.0,
            "escalado_2": 0.0,
            "parametros_extra": {
                "WallDuration": [
                    3.5,
                    3.5,
                    3.5,
                    3.5,
                    3.5,
                    3.5,
                    3.5
                ]
            }
        }
    },
    "pasiva": {
        "nombre": "JarvanIVMartialCadenceAbility",
        "descripcion": "game_buff_tooltip_JarvanIVMartialCadence"
    }
}