{
    "nombre": "Jax",
    "stats_base": {
        "Vida": 650.0,
        "Vida_por_nivel": 103.0,
        "Regen_Vida": 1.7000000476837158,
        "Regen_Vida_por_nivel": 0.10999999940395355,
        "Daño_Ataque": 68.0,
        "Daño_Ataque_por_nivel": 4.25,
        "Armadura": 36.0,
        "Armadura_por_nivel": 4.199999809265137,
        "Resistencia_Magica_por_nivel": 2.049999952316284,
        "Vel_Movimiento": 350.0,
        "Rango_Ataque": 125.0,
        "Vel_Ataque_base": 0.6380000114440918,
        "Vel_Ataque_ratio": 0.6380000114440918,
        "Vel_Ataque_por_nivel": 3.4000000953674316,
        "Mana": 339.0,
        "Mana_por_nivel": 52.0,
        "Regen_Mana": 1.6399999856948853,
        "Regen_Mana_por_nivel": 0.14000000059604645
    },
    "habilidades": {
        "Q": {
            "nombre": "JaxQAbility/JaxQ",
            "cooldown": [
                8.0,
                8.0,
                7.5,
                7.0,
                6.5,
                6.0,
                5.5
            ],
            "costo_mana": [
                65.0,
                65.0,
                65.0,
                65.0,
                65.0,
                65.0
            ],
            "rango": [
                700.0,
                700.0,
                700.0,
                700.0,
                700.0,
                700.0,
                700.0
            ],
            "daño_base": [
                25.0,
                65.0,
                105.0,
                145.0,
                185.0,
                225.0,
                265.0
            ],
            "escalado_1": 0.0,
            "escalado_2": 0.0
        },
        "W": {
            "nombre": "JaxWAbility/JaxW",
            "cooldown": [
                8.0,
                7.0,
                6.0,
                5.0,
                4.0,
                3.0,
                3.0
            ],
            "costo_mana": [
                30.0,
                30.0,
                30.0,
                30.0,
                30.0,
                30.0
            ],
            "rango": [
                300.0,
                300.0,
                300.0,
                300.0,
                300.0,
                300.0,
                300.0
            ],
            "daño_base": [
                15.0,
                50.0,
                85.0,
                120.0,
                155.0,
                190.0,
                225.0
            ],
            "escalado_1": 0.0,
            "escalado_2": 0.0,
            "parametros_extra": {
                "StructureMod": [
                    0.5,
                    0.5,
                    0.5,
                    0.5,
                    0.5,
                    0.5,
                    0.5
                ]
            }
        },
        "E": {
            "nombre": "JaxEAbility/JaxE",
            "cooldown": [
                17.0,
                17.0,
                15.0,
                13.0,
                11.0,
                9.0,
                9.0
            ],
            "costo_mana": [
                50.0,
                60.0,
                70.0,
                80.0,
                90.0,
                100.0
            ],
            "rango": [
                20.0,
                20.0,
                20.0,
                20.0,
                20.0,
                20.0,
                20.0
            ],
            "daño_base": [
                10.0,
                40.0,
                70.0,
                100.0,
                130.0,
                160.0,
                190.0
            ],
            "escalado_1": 0.699999988079071,
            "escalado_2": 0.699999988079071,
            "parametros_extra": {
                "StunDuration": [
                    1.0,
                    1.0,
                    1.0,
                    1.0,
                    1.0,
                    1.0,
                    1.0
                ],
                "PercentIncreasedPerDodge": [
                    0.20000000298023224,
                    0.20000000298023224,
                    0.20000000298023224,
                    0.20000000298023224,
                    0.20000000298023224,
                    0.20000000298023224,
                    0.20000000298023224
                ],
                "DodgeDuration": [
                    2.0,
                    2.0,
                    2.0,
                    2.0,
                    2.0,
                    2.0,
                    2.0
                ]
            }
        },
        "R": {
            "nombre": "JaxRAbility/JaxR",
            "cooldown": [
                110.0,
                110.0,
                100.0,
                90.0,
                8.0,
                7.0,
                7.0
            ],
            "costo_mana": [
                100.0,
                100.0,
                100.0,
                100.0,
                100.0,
                100.0
            ],
            "rango": [
                0.0,
                0.0,
                0.0,
                0.0,
                0.0,
                0.0,
                0.0
            ],
            "daño_base": [
                20.0,
                75.0,
                130.0,
                185.0,
                240.0,
                295.0,
                350.0
            ],
            "escalado_1": 0.0,
            "escalado_2": 0.0,
            "parametros_extra": {
                "Duration": [
                    8.0,
                    8.0,
                    8.0,
                    8.0,
                    8.0,
                    8.0,
                    8.0
                ],
                "PassiveFallOffTime": [
                    2.5,
                    2.5,
                    2.5,
                    2.5,
                    2.5,
                    2.5,
                    2.5
                ],
                "BaseResists": [
                    30.0,
                    45.0,
                    60.0,
                    75.0,
                    90.0,
                    105.0,
                    120.0
                ],
                "ResistsPerExtraTarget": [
                    15.0,
                    20.0,
                    25.0,
                    30.0,
                    35.0,
                    40.0,
                    45.0
                ],
                "MRMult": [
                    0.6000000238418579,
                    0.6000000238418579,
                    0.6000000238418579,
                    0.6000000238418579,
                    0.6000000238418579,
                    0.6000000238418579,
                    0.6000000238418579
                ],
                "AoESize": [
                    375.0,
                    375.0,
                    375.0,
                    375.0,
                    375.0,
                    375.0,
                    375.0
                ],
                "StructureMod": [
                    0.5,
                    0.5,
                    0.5,
                    0.5,
                    0.5,
                    0.5,
                    0.5
                ]
            }
        }
    },
    "pasiva": {
        "nombre": "JaxRAbility",
        "descripcion": ""
    }
}