{
    "nombre": "Jayce",
    "stats_base": {
        "Vida": 590.0,
        "Vida_por_nivel": 109.0,
        "Regen_Vida": 1.2000000476837158,
        "Regen_Vida_por_nivel": 0.11999999731779099,
        "Daño_Ataque": 59.0,
        "Daño_Ataque_por_nivel": 4.25,
        "Armadura": 22.0,
        "Armadura_por_nivel": 5.0,
        "Resistencia_Magica_por_nivel": 1.2999999523162842,
        "Vel_Movimiento": 335.0,
        "Rango_Ataque": 125.0,
        "Vel_Ataque_base": 0.6579999923706055,
        "Vel_Ataque_ratio": 0.6579999923706055,
        "Vel_Ataque_por_nivel": 3.0,
        "Mana": 375.0,
        "Mana_por_nivel": 45.0,
        "Regen_Mana": 1.2000000476837158,
        "Regen_Mana_por_nivel": 0.1599999964237213
    },
    "habilidades": {
        "Q": {
            "nombre": "JayceToTheSkiesAbility/JayceToTheSkies",
            "cooldown": [
                18.0,
                16.0,
                14.0,
                12.0,
                10.0,
                8.0,
                6.0
            ],
            "costo_mana": [
                40.0,
                40.0,
                40.0,
                40.0,
                40.0,
                40.0
            ],
            "rango": [
                600.0,
                600.0,
                600.0,
                600.0,
                600.0,
                600.0,
                600.0
            ],
            "daño_base": [
                10.0,
                60.0,
                110.0,
                160.0,
                210.0,
                260.0,
                310.0
            ],
            "escalado_1": 1.2000000476837158,
            "escalado_2": 0.0,
            "parametros_extra": {
                "Slow": [
                    -0.30000001192092896,
                    -0.3499999940395355,
                    -0.4000000059604645,
                    -0.44999998807907104,
                    -0.5,
                    -0.550000011920929,
                    -0.6000000238418579
                ],
                "SlowDuration": [
                    2.0,
                    2.0,
                    2.0,
                    2.0,
                    2.0,
                    2.0,
                    2.0
                ]
            }
        },
        "W": {
            "nombre": "JayceStaticFieldAbility/JayceStaticField",
            "cooldown": [],
            "costo_mana": [
                40.0,
                40.0,
                40.0,
                40.0,
                40.0,
                40.0
            ],
            "rango": [
                285.0,
                285.0,
                285.0,
                285.0,
                285.0,
                285.0,
                285.0
            ],
            "daño_base": [
                80.0,
                140.0,
                200.0,
                260.0,
                320.0,
                380.0,
                440.0
            ],
            "escalado_1": 1.0,
            "escalado_2": 0.0,
            "parametros_extra": {
                "ManaGain": [
                    13.0,
                    15.0,
                    17.0,
                    19.0,
                    21.0,
                    23.0,
                    25.0
                ],
                "Duration": [
                    4.0,
                    4.0,
                    4.0,
                    4.0,
                    4.0,
                    4.0,
                    4.0
                ]
            }
        },
        "E": {
            "nombre": "JayceThunderingBlowAbility/JayceThunderingBlow",
            "cooldown": [
                20.0,
                20.0,
                18.0,
                16.0,
                14.0,
                12.0,
                10.0
            ],
            "costo_mana": [
                55.0,
                55.0,
                55.0,
                55.0,
                55.0,
                55.0
            ],
            "rango": [
                240.0,
                240.0,
                240.0,
                240.0,
                240.0,
                240.0,
                240.0
            ],
            "daño_base": [
                0.052000001072883606,
                0.07999999821186066,
                0.1080000028014183,
                0.13600000739097595,
                0.164000004529953,
                0.19200000166893005,
                0.2199999988079071
            ],
            "escalado_1": 1.0,
            "escalado_2": 0.0,
            "parametros_extra": {
                "MonsterCap": [
                    100.0,
                    200.0,
                    300.0,
                    400.0,
                    500.0,
                    600.0,
                    700.0
                ],
                "KnockbackDistance": [
                    600.0,
                    600.0,
                    600.0,
                    600.0,
                    600.0,
                    600.0,
                    600.0
                ],
                "KnockbackDuration": [
                    0.3499999940395355,
                    0.3499999940395355,
                    0.3499999940395355,
                    0.3499999940395355,
                    0.3499999940395355,
                    0.3499999940395355,
                    0.3499999940395355
                ]
            }
        },
        "R": {
            "nombre": "JayceStanceHtGAbility/JayceStanceHtG",
            "cooldown": [
                6.0,
                6.0,
                6.0,
                6.0,
                6.0,
                6.0,
                6.0
            ],
            "costo_mana": [],
            "rango": [
                600.0,
                600.0,
                600.0,
                600.0,
                600.0,
                600.0,
                600.0
            ],
            "daño_base": [],
            "escalado_1": 0.4000000059604645,
            "escalado_2": 0.0,
            "parametros_extra": {
                "RangedFormRangeIncrease": [
                    375.0,
                    375.0,
                    375.0,
                    375.0,
                    375.0,
                    375.0,
                    375.0
                ],
                "ShredDuration": [
                    5.0,
                    5.0,
                    5.0,
                    5.0,
                    5.0,
                    5.0,
                    5.0
                ]
            }
        }
    },
    "pasiva": {
        "nombre": "JayceShockBlastAbility",
        "descripcion": ""
    }
}