{
    "nombre": "Jhin",
    "stats_base": {
        "Vida": 655.0,
        "Vida_por_nivel": 107.0,
        "Regen_Vida": 0.75,
        "Regen_Vida_por_nivel": 0.10999999940395355,
        "Daño_Ataque": 61.0,
        "Daño_Ataque_por_nivel": 4.400000095367432,
        "Armadura": 24.0,
        "Armadura_por_nivel": 4.699999809265137,
        "Resistencia_Magica_por_nivel": 1.2999999523162842,
        "Vel_Movimiento": 330.0,
        "Rango_Ataque": 550.0,
        "Vel_Ataque_base": 0.625,
        "Vel_Ataque_ratio": 0.0,
        "Mana": 300.0,
        "Mana_por_nivel": 50.0,
        "Regen_Mana": 1.2000000476837158,
        "Regen_Mana_por_nivel": 0.1599999964237213
    },
    "habilidades": {
        "Q": {
            "nombre": "JhinQAbility/JhinQ",
            "cooldown": [
                7.5,
                7.0,
                6.5,
                6.0,
                5.5,
                5.0,
                5.0
            ],
            "costo_mana": [
                40.0,
                45.0,
                50.0,
                55.0,
                60.0,
                65.0
            ],
            "rango": [
                550.0,
                550.0,
                550.0,
                550.0,
                550.0,
                550.0,
                550.0
            ],
            "daño_base": [
                19.0,
                44.0,
                69.0,
                94.0,
                119.0,
                144.0,
                169.0
            ],
            "escalado_1": 0.6000000238418579,
            "escalado_2": 0.4000000059604645,
            "parametros_extra": {
                "PercentAmpOnKill": [
                    0.3499999940395355,
                    0.3499999940395355,
                    0.3499999940395355,
                    0.3499999940395355,
                    0.3499999940395355,
                    0.3499999940395355,
                    0.3499999940395355
                ],
                "NumberOfBounces": [
                    3.0,
                    3.0,
                    3.0,
                    3.0,
                    3.0,
                    3.0,
                    3.0
                ],
                "BounceRange": [
                    450.0,
                    450.0,
                    450.0,
                    450.0,
                    450.0,
                    450.0,
                    450.0
                ]
            }
        },
        "W": {
            "nombre": "JhinWAbility/JhinW",
            "cooldown": [
                12.0,
                12.0,
                12.0,
                12.0,
                12.0,
                12.0,
                12.0
            ],
            "costo_mana": [
                50.0,
                55.0,
                60.0,
                65.0,
                70.0,
                75.0
            ],
            "rango": [
                10000.0,
                10000.0,
                10000.0,
                10000.0,
                10000.0,
                10000.0,
                10000.0
            ],
            "daño_base": [
                35.0,
                70.0,
                105.0,
                140.0,
                175.0,
                210.0,
                245.0
            ],
            "escalado_1": 0.5,
            "escalado_2": 0.0,
            "parametros_extra": {
                "RootDuration": [
                    1.0,
                    1.25,
                    1.5,
                    1.75,
                    2.0,
                    2.25,
                    2.5
                ],
                "MinionMod": [
                    0.75,
                    0.75,
                    0.75,
                    0.75,
                    0.75,
                    0.75,
                    0.75
                ],
                "SpottingDuration": [
                    4.0,
                    4.0,
                    4.0,
                    4.0,
                    4.0,
                    4.0,
                    4.0
                ]
            }
        },
        "E": {
            "nombre": "JhinEAbility/JhinE",
            "cooldown": [
                2.0,
                2.0,
                2.0,
                2.0,
                2.0,
                2.0,
                2.0
            ],
            "costo_mana": [
                30.0,
                30.0,
                30.0,
                30.0,
                30.0,
                30.0
            ],
            "rango": [
                750.0,
                750.0,
                750.0,
                750.0,
                750.0,
                750.0,
                750.0
            ],
            "daño_base": [
                0.6499999761581421,
                0.6499999761581421,
                0.6499999761581421,
                0.6499999761581421,
                0.6499999761581421,
                0.6499999761581421,
                0.6499999761581421
            ],
            "escalado_1": 1.2000000476837158,
            "escalado_2": 1.0,
            "parametros_extra": {
                "AmmoRechargeRateBaseTooltip": [
                    26.5,
                    24.0,
                    21.5,
                    19.0,
                    16.5,
                    14.0,
                    11.5
                ],
                "TrapSlowAmount": [
                    0.3499999940395355,
                    0.3499999940395355,
                    0.3499999940395355,
                    0.3499999940395355,
                    0.3499999940395355,
                    0.3499999940395355,
                    0.3499999940395355
                ],
                "TrapDuration": [
                    3.0,
                    3.0,
                    3.0,
                    3.0,
                    3.0,
                    3.0,
                    3.0
                ],
                "TrapAoERadius": [
                    260.0,
                    260.0,
                    260.0,
                    260.0,
                    260.0,
                    260.0,
                    260.0
                ],
                "TrapTriggerRadius": [
                    160.0,
                    160.0,
                    160.0,
                    160.0,
                    160.0,
                    160.0,
                    160.0
                ],
                "TrapDetonationTime": [
                    2.0,
                    2.0,
                    2.0,
                    2.0,
                    2.0,
                    2.0,
                    2.0
                ],
                "TrapRevealDuration": [
                    4.0,
                    4.0,
                    4.0,
                    4.0,
                    4.0,
                    4.0,
                    4.0
                ],
                "TrapArmTime": [
                    0.75,
                    0.75,
                    0.75,
                    0.75,
                    0.75,
                    0.75,
                    0.75
                ]
            }
        },
        "R": {
            "nombre": "JhinRAbility/JhinR",
            "cooldown": [
                120.0,
                120.0,
                105.0,
                90.0,
                0.0,
                0.0,
                0.0
            ],
            "costo_mana": [
                100.0,
                100.0,
                100.0,
                100.0,
                100.0,
                100.0
            ],
            "rango": [
                25000.0,
                25000.0,
                25000.0,
                25000.0,
                25000.0,
                25000.0,
                25000.0
            ],