{
    "nombre": "Jinx",
    "stats_base": {
        "Vida": 630.0,
        "Vida_por_nivel": 105.0,
        "Regen_Vida": 0.75,
        "Regen_Vida_por_nivel": 0.10000000149011612,
        "Daño_Ataque": 59.0,
        "Daño_Ataque_por_nivel": 3.25,
        "Armadura": 26.0,
        "Armadura_por_nivel": 4.199999809265137,
        "Resistencia_Magica_por_nivel": 1.2999999523162842,
        "Vel_Movimiento": 325.0,
        "Rango_Ataque": 525.0,
        "Vel_Ataque_base": 0.625,
        "Vel_Ataque_ratio": 0.625,
        "Vel_Ataque_por_nivel": 1.0,
        "Mana": 260.0,
        "Mana_por_nivel": 50.0,
        "Regen_Mana": 1.340000033378601,
        "Regen_Mana_por_nivel": 0.20000000298023224
    },
    "habilidades": {
        "Q": {
            "nombre": "JinxQAbility/JinxQ",
            "cooldown": [
                0.8999999761581421,
                0.8999999761581421,
                0.8999999761581421,
                0.8999999761581421,
                0.8999999761581421,
                0.8999999761581421,
                0.8999999761581421
            ],
            "costo_mana": [
                20.0,
                20.0,
                20.0,
                20.0,
                20.0,
                20.0
            ],
            "rango": [
                600.0,
                600.0,
                600.0,
                600.0,
                600.0,
                600.0,
                600.0
            ],
            "daño_base": [],
            "escalado_1": 0.0,
            "escalado_2": 0.0,
            "parametros_extra": {
                "RocketAoERadius": [
                    250.0,
                    250.0,
                    250.0,
                    250.0,
                    250.0,
                    250.0,
                    250.0
                ],
                "RocketBonusRange": [
                    75.0,
                    100.0,
                    125.0,
                    150.0,
                    175.0,
                    200.0,
                    225.0
                ],
                "MinigunAttackSpeedMax": [
                    5.0,
                    30.0,
                    55.0,
                    80.0,
                    105.0,
                    130.0,
                    155.0
                ],
                "MinigunAttackSpeedDuration": [
                    2.5,
                    2.5,
                    2.5,
                    2.5,
                    2.5,
                    2.5,
                    2.5
                ],
                "MinigunAttackSpeedStacks": [
                    3.0,
                    3.0,
                    3.0,
                    3.0,
                    3.0,
                    3.0,
                    3.0
                ],
                "RocketTAD": [
                    1.100000023841858,
                    1.100000023841858,
                    1.100000023841858,
                    1.100000023841858,
                    1.100000023841858,
                    1.100000023841858,
                    1.100000023841858
                ],
                "RocketASPDPenalty": [
                    0.10000000149011612,
                    0.10000000149011612,
                    0.10000000149011612,
                    0.10000000149011612,
                    0.10000000149011612,
                    0.10000000149011612,
                    0.10000000149011612
                ]
            }
        },
        "W": {
            "nombre": "JinxWAbility/JinxW",
            "cooldown": [
                9.0,
                8.0,
                7.0,
                6.0,
                5.0,
                4.0,
                3.0
            ],
            "costo_mana": [
                40.0,
                45.0,
                50.0,
                55.0,
                60.0,
                65.0
            ],
            "rango": [
                10000.0,
                10000.0,
                10000.0,
                10000.0,
                10000.0,
                10000.0,
                10000.0
            ],
            "daño_base": [
                -40.0,
                10.0,
                60.0,
                110.0,
                160.0,
                210.0,
                260.0
            ],
            "escalado_1": 1.399999976158142,
            "escalado_2": 0.0,
            "parametros_extra": {
                "JinxLowEndWCastTime": [
                    0.4000000059604645,
                    0.4000000059604645,
                    0.4000000059604645,
                    0.4000000059604645,
                    0.4000000059604645,
                    0.4000000059604645,
                    0.4000000059604645
                ],
                "JinxWASpeedCastTimeScalarPerHundrethSecond": [
                    0.07999999821186066,
                    0.07999999821186066,
                    0.07999999821186066,
                    0.07999999821186066,
                    0.07999999821186066,
                    0.07999999821186066,
                    0.07999999821186066
                ],
                "SlowPercent": [
                    30.0,
                    40.0,
                    50.0,
                    60.0,
                    70.0,
                    80.0,
                    90.0
                ],
                "SlowDuration": [
                    2.0,
                    2.0,
                    2.0,
                    2.0,
                    2.0,
                    2.0,
                    2.0
                ]
            }
        },
        "E": {
            "nombre": "JinxEAbility/JinxE",
            "cooldown": [
                27.5,
                24.0,
                20.5,
                17.0,
                13.5,
                10.0,
                10.0
            ],
            "costo_mana": [
                90.0,
                90.0,
                90.0,
                90.0,
                90.0,
                90.0
            ],
            "rango": [
                925.0,
                925.0,
                925.0,
                925.0,
                925.0,
                925.0,
                925.0
            ],
            "daño_base": [
                40.0,
                90.0,
                140.0,
                190.0,
                240.0,
                290.0,
                340.0
            ],
            "escalado_1": 0.0,
            "escalado_2": 0.0,
            "parametros_extra": {
                "RootDuration": [
                    1.5,
                    1.5,
                    1.5,
                    1.5,
                    1.5,
                    1.5,
                    1.5
                ],
                "GrenadeDuration": [
                    5.0,
                    5.0,
                    5.0,
                    5.0,
                    5.0,
                    5.0,
                    5.0
                ],
                "GrenadeArmTime": [
                    0.5,
                    0.5,
                    0.5,
                    0.5,
                    0.5,
                    0.5,
                    0.5
                ]
            }
        },
        "R": {
            "nombre": "JinxRAbility/JinxR",
            "cooldown": [
                85.0,
                85.0,
                65.0,
                45.0,
                45.0,
                45.0,
                45.0
            ],
            "costo_mana": [
                100.0,
                100.0,
                100.0,
                100.0,
                100.0,
                100.0
            ],
            "rango": [
                25000.0,
                25000.0,
                25000.0,
                25000.0,
                25000.0,
                25000.0,
                25000.0
            ],