{
    "nombre": "Kaisa",
    "stats_base": {
        "Vida": 640.0,
        "Vida_por_nivel": 102.0,
        "Regen_Vida": 0.800000011920929,
        "Regen_Vida_por_nivel": 0.10999999940395355,
        "Daño_Ataque": 59.0,
        "Daño_Ataque_por_nivel": 2.5999999046325684,
        "Armadura": 25.0,
        "Armadura_por_nivel": 4.199999809265137,
        "Resistencia_Magica_por_nivel": 1.2999999523162842,
        "Vel_Movimiento": 335.0,
        "Rango_Ataque": 525.0,
        "Vel_Ataque_base": 0.6439999938011169,
        "Vel_Ataque_ratio": 0.6439999938011169,
        "Vel_Ataque_por_nivel": 1.7999999523162842,
        "Mana": 345.0,
        "Mana_por_nivel": 40.0,
        "Regen_Mana": 1.6399999856948853,
        "Regen_Mana_por_nivel": 0.14000000059604645
    },
    "habilidades": {
        "Q": {
            "nombre": "KaisaQAbility/KaisaQ",
            "cooldown": [
                10.0,
                10.0,
                9.0,
                8.0,
                7.0,
                6.0,
                6.0
            ],
            "costo_mana": [
                55.0,
                55.0,
                55.0,
                55.0,
                55.0,
                55.0
            ],
            "rango": [
                600.0,
                600.0,
                600.0,
                600.0,
                600.0,
                600.0,
                600.0
            ],
            "daño_base": [
                40.0,
                40.0,
                55.0,
                70.0,
                85.0,
                100.0,
                115.0
            ],
            "escalado_1": 0.5,
            "escalado_2": 0.20000000298023224,
            "parametros_extra": {
                "ExtraHitReduction": [
                    0.25,
                    0.25,
                    0.25,
                    0.25,
                    0.25,
                    0.25,
                    0.25
                ],
                "MinionHPThreshold": [
                    0.3499999940395355,
                    0.3499999940395355,
                    0.3499999940395355,
                    0.3499999940395355,
                    0.3499999940395355,
                    0.3499999940395355,
                    0.3499999940395355
                ]
            }
        },
        "W": {
            "nombre": "KaisaWAbility/KaisaW",
            "cooldown": [
                26.0,
                22.0,
                20.0,
                18.0,
                16.0,
                14.0,
                14.0
            ],
            "costo_mana": [
                55.0,
                60.0,
                65.0,
                70.0,
                75.0,
                85.0
            ],
            "rango": [
                3000.0,
                3000.0,
                3000.0,
                3000.0,
                3000.0,
                3000.0,
                3000.0
            ],
            "daño_base": [
                30.0,
                30.0,
                55.0,
                80.0,
                105.0,
                130.0,
                130.0
            ],
            "escalado_1": 1.2999999523162842,
            "escalado_2": 0.44999998807907104
        },
        "E": {
            "nombre": "KaisaEAbility/KaisaE",
            "cooldown": [
                17.0,
                16.0,
                14.5,
                13.0,
                11.5,
                10.0,
                11.0
            ],
            "costo_mana": [
                30.0,
                30.0,
                30.0,
                30.0,
                30.0,
                30.0
            ],
            "rango": [
                1.0,
                1.0,
                1.0,
                1.0,
                1.0,
                1.0,
                1.0
            ],
            "daño_base": [
                0.550000011920929,
                0.550000011920929,
                0.6000000238418579,
                0.6499999761581421,
                0.699999988079071,
                0.75,
                0.75
            ],
            "escalado_1": 1.0,
            "escalado_2": 1.5
        },
        "R": {
            "nombre": "KaisaRAbility/KaisaR",
            "cooldown": [
                130.0,
                130.0,
                100.0,
                70.0,
                70.0,
                70.0,
                70.0
            ],
            "costo_mana": [
                100.0,
                100.0,
                100.0,
                100.0,
                100.0,
                100.0
            ],
            "rango": [
                25000.0,
                25000.0,
                25000.0,
                25000.0,
                25000.0,
                25000.0,
                25000.0
            ],
            "daño_base": [
                50.0,
                70.0,
                90.0,
                110.0,
                130.0,
                150.0,
                170.0
            ],
            "escalado_1": 1.0,
            "escalado_2": 0.5,
            "parametros_extra": {
                "RBaseValue": [
                    50.0,
                    70.0,
                    90.0,
                    110.0,
                    130.0,
                    150.0,
                    170.0
                ],
                "RRange": [
                    1500.0,
                    2000.0,
                    2500.0,
                    3000.0,
                    3500.0,
                    4000.0,
                    4500.0
                ],
                "RShieldDuration": [
                    2.0,
                    2.0,
                    2.0,
                    2.0,
                    2.0,
                    2.0,
                    2.0
                ]
            }
        }
    },
    "pasiva": {
        "nombre": "KaisaPassiveAbility",
        "descripcion": "game_buff_tooltip_KaisaPassive"
    }
}