{
    "nombre": "Kalista",
    "stats_base": {
        "Vida": 560.0,
        "Vida_por_nivel": 114.0,
        "Regen_Vida": 0.800000011920929,
        "Regen_Vida_por_nivel": 0.15000000596046448,
        "Daño_Ataque": 57.0,
        "Daño_Ataque_por_nivel": 4.75,
        "Armadura": 24.0,
        "Armadura_por_nivel": 5.199999809265137,
        "Resistencia_Magica_por_nivel": 1.2999999523162842,
        "Vel_Movimiento": 330.0,
        "Rango_Ataque": 525.0,
        "Vel_Ataque_base": 0.6940000057220459,
        "Vel_Ataque_ratio": 0.6940000057220459,
        "Vel_Ataque_por_nivel": 4.5,
        "Mana": 300.0,
        "Mana_por_nivel": 45.0,
        "Regen_Mana": 1.2599999904632568,
        "Regen_Mana_por_nivel": 0.1599999964237213
    },
    "habilidades": {
        "Q": {
            "nombre": "KalistaMysticShotAbility/KalistaMysticShot",
            "cooldown": [
                9.0,
                9.0,
                9.0,
                9.0,
                9.0,
                9.0,
                9.0
            ],
            "costo_mana": [
                60.0,
                65.0,
                70.0,
                75.0,
                80.0,
                85.0
            ],
            "rango": [
                10000.0,
                10000.0,
                10000.0,
                10000.0,
                10000.0,
                10000.0,
                10000.0
            ],
            "daño_base": [
                -55.0,
                10.0,
                75.0,
                140.0,
                205.0,
                270.0,
                335.0
            ],
            "escalado_1": 1.0499999523162842,
            "escalado_2": 0.0
        },
        "W": {
            "nombre": "KalistaWAbility/KalistaW",
            "cooldown": [
                30.0,
                30.0,
                30.0,
                30.0,
                30.0,
                30.0,
                30.0
            ],
            "costo_mana": [],
            "rango": [
                25000.0,
                25000.0,
                25000.0,
                25000.0,
                25000.0,
                25000.0,
                25000.0
            ],
            "daño_base": [
                80.0,
                80.0,
                80.0,
                80.0,
                80.0,
                80.0,
                80.0
            ],
            "escalado_1": 0.0,
            "escalado_2": 0.0,
            "parametros_extra": {
                "MarkDuration": [
                    4.0,
                    4.0,
                    4.0,
                    4.0,
                    4.0,
                    4.0,
                    4.0
                ],
                "PerTargetCooldown": [
                    10.0,
                    10.0,
                    10.0,
                    10.0,
                    10.0,
                    10.0,
                    10.0
                ],
                "AmmoRechargeTooltip": [
                    100.0,
                    90.0,
                    80.0,
                    70.0,
                    60.0,
                    50.0,
                    40.0
                ]
            }
        },
        "E": {
            "nombre": "KalistaExpungeWrapperAbility/KalistaExpungeWrapper",
            "cooldown": [
                0.0,
                0.0,
                0.0,
                0.0,
                0.0,
                0.0,
                0.0
            ],
            "costo_mana": [
                30.0,
                30.0,
                30.0,
                30.0,
                30.0,
                30.0
            ],
            "rango": [
                1000.0,
                1000.0,
                1000.0,
                1000.0,
                1000.0,
                1000.0,
                1000.0
            ],
            "daño_base": [
                0.5,
                0.5,
                0.5,
                0.5,
                0.5,
                0.5,
                0.5
            ],
            "escalado_1": 0.125,
            "escalado_2": 0.6499999761581421,
            "parametros_extra": {
                "MaxSpears": [
                    254.0,
                    254.0,
                    254.0,
                    254.0,
                    254.0,
                    254.0,
                    254.0
                ],
                "ManaRefund": [
                    5.0,
                    10.0,
                    15.0,
                    20.0,
                    25.0,
                    30.0,
                    35.0
                ],
                "SlowAmount": [
                    0.019999999552965164,
                    0.10000000149011612,
                    0.18000000715255737,
                    0.25999999046325684,
                    0.3400000035762787,
                    0.41999998688697815,
                    0.5
                ],
                "SlowDuration": [
                    2.0,
                    2.0,
                    2.0,
                    2.0,
                    2.0,
                    2.0,
                    2.0
                ],
                "FakedCooldown": [
                    10.5,
                    10.0,
                    9.5,
                    9.0,
                    8.5,
                    8.0,
                    7.5
                ]
            }
        },
        "R": {
            "nombre": "KalistaRxAbility/KalistaRx",
            "cooldown": [
                160.0,
                160.0,
                140.0,
                120.0,
                100.0,
                80.0,
                60.0
            ],
            "costo_mana": [
                100.0,
                100.0,
                100.0,
                100.0,
                100.0,
                100.0
            ],
            "rango": [
                1000.0,
                1000.0,
                1000.0,
                1000.0,
                1000.0,
                1000.0,
                1000.0
            ],
            "daño_base": [],
            "escalado_1": 0.0,
            "escalado_2": 0.0
        }
    },
    "pasiva": {
        "nombre": "KalistaPassiveBuffAbility",
        "descripcion": "game_buff_tooltip_KalistaPassiveBuff"
    }
}