{
    "nombre": "Karma",
    "stats_base": {
        "Vida": 630.0,
        "Vida_por_nivel": 109.0,
        "Regen_Vida": 1.100000023841858,
        "Regen_Vida_por_nivel": 0.10999999940395355,
        "Daño_Ataque": 49.0,
        "Daño_Ataque_por_nivel": 3.0,
        "Armadura": 28.0,
        "Armadura_por_nivel": 5.0,
        "Resistencia_Magica_por_nivel": 1.2999999523162842,
        "Vel_Movimiento": 335.0,
        "Rango_Ataque": 525.0,
        "Vel_Ataque_base": 0.625,
        "Vel_Ataque_ratio": 0.625,
        "Vel_Ataque_por_nivel": 2.299999952316284,
        "Mana": 374.0,
        "Mana_por_nivel": 40.0,
        "Regen_Mana": 2.5999999046325684,
        "Regen_Mana_por_nivel": 0.1599999964237213
    },
    "habilidades": {
        "Q": {
            "nombre": "KarmaQAbility/KarmaQ",
            "cooldown": [
                9.0,
                9.0,
                8.0,
                7.0,
                6.0,
                5.0,
                5.0
            ],
            "costo_mana": [
                40.0,
                50.0,
                60.0,
                70.0,
                80.0,
                80.0
            ],
            "rango": [
                25000.0,
                25000.0,
                25000.0,
                25000.0,
                25000.0,
                25000.0,
                25000.0
            ],
            "daño_base": [
                10.0,
                60.0,
                110.0,
                160.0,
                210.0,
                260.0,
                310.0
            ],
            "escalado_1": 0.699999988079071,
            "escalado_2": 0.699999988079071,
            "parametros_extra": {
                "SlowAmount": [
                    -0.4000000059604645,
                    -0.4000000059604645,
                    -0.4000000059604645,
                    -0.4000000059604645,
                    -0.4000000059604645,
                    -0.4000000059604645,
                    -0.4000000059604645
                ],
                "SlowDuration": [
                    1.5,
                    1.5,
                    1.5,
                    1.5,
                    1.5,
                    1.5,
                    1.5
                ]
            }
        },
        "W": {
            "nombre": "KarmaSpiritBindAbility/KarmaSpiritBind",
            "cooldown": [
                12.0,
                12.0,
                12.0,
                12.0,
                12.0,
                12.0,
                12.0
            ],
            "costo_mana": [
                50.0,
                55.0,
                60.0,
                65.0,
                70.0,
                75.0
            ],
            "rango": [
                675.0,
                675.0,
                675.0,
                675.0,
                675.0,
                675.0,
                675.0
            ],
            "daño_base": [
                15.0,
                40.0,
                65.0,
                90.0,
                115.0,
                140.0,
                165.0
            ],
            "escalado_1": 0.44999998807907104,
            "escalado_2": 0.44999998807907104,
            "parametros_extra": {
                "RootDuration": [
                    1.5,
                    1.600000023841858,
                    1.7000000476837158,
                    1.7999999523162842,
                    1.899999976158142,
                    2.0,
                    2.0999999046325684
                ],
                "TetherDuration": [
                    2.0,
                    2.0,
                    2.0,
                    2.0,
                    2.0,
                    2.0,
                    2.0
                ],
                "LeashBreakRange": [
                    825.0,
                    825.0,
                    825.0,
                    825.0,
                    825.0,
                    825.0,
                    825.0
                ]
            }
        },
        "E": {
            "nombre": "KarmaSolKimShieldAbility/KarmaSolKimShield",
            "cooldown": [
                10.0,
                10.0,
                9.5,
                9.0,
                8.5,
                8.0,
                8.0
            ],
            "costo_mana": [
                60.0,
                65.0,
                70.0,
                75.0,
                80.0,
                85.0
            ],
            "rango": [
                800.0,
                800.0,
                800.0,
                800.0,
                800.0,
                800.0,
                800.0
            ],
            "daño_base": [],
            "escalado_1": 0.0,
            "escalado_2": 0.0,
            "parametros_extra": {
                "BaseShield": [
                    30.0,
                    80.0,
                    130.0,
                    180.0,
                    230.0,
                    280.0,
                    330.0
                ],
                "ShieldRatio": [
                    0.6000000238418579,
                    0.6000000238418579,
                    0.6000000238418579,
                    0.6000000238418579,
                    0.6000000238418579,
                    0.6000000238418579,
                    0.6000000238418579
                ],
                "ShieldDuration": [
                    2.5,
                    2.5,
                    2.5,
                    2.5,
                    2.5,
                    2.5,
                    2.5
                ],
                "MoveSpeed": [
                    0.4000000059604645,
                    0.4000000059604645,
                    0.4000000059604645,
                    0.4000000059604645,
                    0.4000000059604645,
                    0.4000000059604645,
                    0.4000000059604645
                ],
                "MoveSpeedDuration": [
                    2.0,
                    2.0,
                    2.0,
                    2.0,
                    2.0,
                    2.0,
                    2.0
                ]
            }
        },
        "R": {
            "nombre": "KarmaMantraAbility/KarmaMantra",
            "cooldown": [
                40.0,
                40.0,
                38.0,
                36.0,
                34.0,
                34.0,
                34.0
            ],
            "costo_mana": [],
            "rango": [
                1100.0,
                1100.0,
                1100.0,
                1100.0,
                1100.0,
                1100.0,
                1100.0
            ],
            "daño_base": [
                -20.0,
                40.0,
                100.0,
                160.0,
                220.0,
                280.0,
                340.0
            ],
            "escalado_1": 0.30000001192092896,
            "escalado_2": 0.30000001192092896,
            "parametros_extra": {
                "RQSlow": [
                    -0.5,
                    -0.5,
                    -0.5,
                    -0.5,
                    -0.5,
                    -0.5,
                    -0.5
                ],
                "RQSlowDuration": [
                    1.5,
                    1.5,
                    1.5,
                    1.5,
                    1.5,
                    1.5,
                    1.5
                ],
                "RWBonusRoot": [
                    0.25,
                    0.5,
                    0.75,
                    1.0,
                    1.25,
                    1.5,
                    1.75
                ],
                "RWBaseHeal": [
                    17.0,
                    17.0,
                    17.0,
                    17.0,
                    17.0,
                    17.0,
                    17.0
                ],