{
    "nombre": "Karthus",
    "stats_base": {
        "Vida": 620.0,
        "Vida_por_nivel": 110.0,
        "Regen_Vida": 1.2999999523162842,
        "Regen_Vida_por_nivel": 0.10999999940395355,
        "Daño_Ataque": 46.0,
        "Daño_Ataque_por_nivel": 3.25,
        "Armadura": 21.0,
        "Armadura_por_nivel": 4.699999809265137,
        "Resistencia_Magica_por_nivel": 1.2999999523162842,
        "Vel_Movimiento": 335.0,
        "Rango_Ataque": 450.0,
        "Vel_Ataque_base": 0.625,
        "Vel_Ataque_ratio": 0.625,
        "Vel_Ataque_por_nivel": 2.109999895095825,
        "Mana": 467.0,
        "Mana_por_nivel": 31.0,
        "Regen_Mana": 1.600000023841858,
        "Regen_Mana_por_nivel": 0.1599999964237213
    },
    "habilidades": {
        "Q": {
            "nombre": "KarthusLayWasteA1Ability/KarthusLayWasteA1",
            "cooldown": [
                0.0,
                0.0,
                0.0,
                0.0,
                0.0,
                0.0,
                0.0
            ],
            "costo_mana": [
                20.0,
                25.0,
                30.0,
                35.0,
                40.0,
                45.0
            ],
            "rango": [
                875.0,
                875.0,
                875.0,
                875.0,
                875.0,
                875.0,
                875.0
            ],
            "daño_base": [
                45.0,
                45.0,
                65.0,
                85.0,
                105.0,
                125.0,
                145.0
            ],
            "escalado_1": 0.3499999940395355,
            "escalado_2": 0.3499999940395355,
            "parametros_extra": {
                "MonsterMod": [
                    1.0,
                    1.0,
                    1.0,
                    1.0,
                    1.0,
                    1.0,
                    1.0
                ]
            }
        },
        "W": {
            "nombre": "KarthusWallOfPainAbility/KarthusWallOfPain",
            "cooldown": [
                15.0,
                15.0,
                15.0,
                15.0,
                15.0,
                15.0,
                15.0
            ],
            "costo_mana": [
                70.0,
                70.0,
                70.0,
                70.0,
                70.0,
                70.0
            ],
            "rango": [
                1000.0,
                1000.0,
                1000.0,
                1000.0,
                1000.0,
                1000.0,
                1000.0
            ],
            "daño_base": [
                25.0,
                25.0,
                25.0,
                25.0,
                25.0,
                25.0,
                25.0
            ],
            "escalado_1": 1.0,
            "escalado_2": 0.0
        },
        "E": {
            "nombre": "KarthusDefileAbility/KarthusDefile",
            "cooldown": [
                0.5,
                0.5,
                0.5,
                0.5,
                0.5,
                0.5,
                0.5
            ],
            "costo_mana": [
                30.0,
                42.0,
                54.0,
                66.0,
                78.0,
                90.0
            ],
            "rango": [
                550.0,
                550.0,
                550.0,
                550.0,
                550.0,
                550.0,
                550.0
            ],
            "daño_base": [
                10.0,
                30.0,
                50.0,
                70.0,
                90.0,
                110.0,
                130.0
            ],
            "escalado_1": 0.20000000298023224,
            "escalado_2": 0.20000000298023224,
            "parametros_extra": {
                "ManaRestoreOnKill": [
                    0.0,
                    10.0,
                    20.0,
                    30.0,
                    40.0,
                    50.0,
                    60.0
                ]
            }
        },
        "R": {
            "nombre": "KarthusFallenOneAbility/KarthusFallenOne",
            "cooldown": [
                200.0,
                200.0,
                180.0,
                160.0,
                180.0,
                180.0,
                200.0
            ],
            "costo_mana": [
                100.0,
                100.0,
                100.0,
                100.0,
                100.0,
                100.0
            ],
            "rango": [
                10000.0,
                10000.0,
                10000.0,
                10000.0,
                10000.0,
                10000.0,
                10000.0
            ],
            "daño_base": [
                50.0,
                200.0,
                350.0,
                500.0,
                650.0,
                800.0,
                950.0
            ],
            "escalado_1": 0.699999988079071,
            "escalado_2": 0.699999988079071
        }
    },
    "pasiva": {
        "nombre": "KarthusDeathDefiedAbility",
        "descripcion": ""
    }
}