{
    "nombre": "Kassadin",
    "stats_base": {
        "Vida": 646.0,
        "Vida_por_nivel": 113.0,
        "Regen_Vida": 1.2000000476837158,
        "Regen_Vida_por_nivel": 0.10000000149011612,
        "Daño_Ataque": 59.0,
        "Daño_Ataque_por_nivel": 3.9000000953674316,
        "Armadura": 21.0,
        "Armadura_por_nivel": 4.0,
        "Resistencia_Magica_por_nivel": 1.2999999523162842,
        "Vel_Movimiento": 335.0,
        "Rango_Ataque": 150.0,
        "Vel_Ataque_base": 0.6399999856948853,
        "Vel_Ataque_ratio": 0.6399999856948853,
        "Vel_Ataque_por_nivel": 3.700000047683716,
        "Mana": 400.0,
        "Mana_por_nivel": 87.0,
        "Regen_Mana": 1.2000000476837158,
        "Regen_Mana_por_nivel": 0.1599999964237213
    },
    "habilidades": {
        "Q": {
            "nombre": "NullLanceAbility/NullLance",
            "cooldown": [
                10.0,
                10.0,
                9.5,
                9.0,
                8.5,
                8.0,
                8.0
            ],
            "costo_mana": [
                60.0,
                65.0,
                70.0,
                75.0,
                80.0,
                80.0
            ],
            "rango": [
                650.0,
                650.0,
                650.0,
                650.0,
                650.0,
                650.0,
                650.0
            ],
            "daño_base": [
                35.0,
                65.0,
                95.0,
                125.0,
                155.0,
                185.0,
                215.0
            ],
            "escalado_1": 0.699999988079071,
            "escalado_2": 0.4000000059604645,
            "parametros_extra": {
                "ShieldAmount": [
                    50.0,
                    80.0,
                    110.0,
                    140.0,
                    170.0,
                    200.0,
                    230.0
                ],
                "ShieldDuration": [
                    1.5,
                    1.5,
                    1.5,
                    1.5,
                    1.5,
                    1.5,
                    1.5
                ]
            }
        },
        "W": {
            "nombre": "NetherBladeAbility/NetherBlade",
            "cooldown": [
                7.0,
                7.0,
                7.0,
                7.0,
                7.0,
                7.0,
                7.0
            ],
            "costo_mana": [
                1.0,
                1.0,
                1.0,
                1.0,
                1.0,
                1.0
            ],
            "rango": [
                1.0,
                1.0,
                1.0,
                1.0,
                1.0,
                1.0,
                1.0
            ],
            "daño_base": [
                4.0,
                4.0,
                4.5,
                5.0,
                5.5,
                6.0,
                6.0
            ],
            "escalado_1": 0.10000000149011612,
            "escalado_2": 0.800000011920929,
            "parametros_extra": {
                "MissingManaRatio": [
                    3.5,
                    4.0,
                    4.5,
                    5.0,
                    5.5,
                    6.0,
                    6.5
                ],
                "ChampionMissingManaRatio": [
                    17.5,
                    20.0,
                    22.5,
                    25.0,
                    27.5,
                    30.0,
                    32.5
                ]
            }
        },
        "E": {
            "nombre": "ForcePulseAbility/ForcePulse",
            "cooldown": [
                22.0,
                21.0,
                20.0,
                19.0,
                18.0,
                17.0,
                16.0
            ],
            "costo_mana": [
                60.0,
                65.0,
                70.0,
                75.0,
                80.0,
                85.0
            ],
            "rango": [],
            "daño_base": [
                40.0,
                70.0,
                100.0,
                130.0,
                160.0,
                190.0,
                220.0
            ],
            "escalado_1": 0.699999988079071,
            "escalado_2": 0.699999988079071,
            "parametros_extra": {
                "ReductionPerSpellCast": [
                    0.75,
                    0.75,
                    0.75,
                    0.75,
                    0.75,
                    0.75,
                    0.75
                ]
            }
        },
        "R": {
            "nombre": "RiftWalkAbility/RiftWalk",
            "cooldown": [
                5.0,
                5.0,
                3.5,
                2.0,
                2.0,
                2.0,
                2.0
            ],
            "costo_mana": [
                40.0,
                40.0,
                40.0,
                40.0,
                40.0,
                40.0
            ],
            "rango": [
                25000.0,
                25000.0,
                25000.0,
                25000.0,
                25000.0,
                25000.0,
                25000.0
            ],
            "daño_base": [
                70.0,
                70.0,
                90.0,
                110.0,
                110.0,
                110.0,
                110.0
            ],
            "escalado_1": 0.5,
            "escalado_2": 0.5,
            "parametros_extra": {
                "BaseCD": [
                    5.0,
                    5.0,
                    3.5,
                    2.0,
                    2.0,
                    2.0,
                    2.0
                ],
                "RBaseCost": [
                    40.0,
                    40.0,
                    40.0,
                    40.0,
                    40.0,
                    40.0,
                    40.0
                ],
                "APStackRatio": [
                    0.07000000029802322,
                    0.07000000029802322,
                    0.07000000029802322,
                    0.07000000029802322,
                    0.07000000029802322,
                    0.07000000029802322,
                    0.07000000029802322
                ],
                "RStackDuration": [
                    15.0,
                    15.0,
                    15.0,
                    15.0,
                    15.0,
                    15.0,
                    15.0
                ],
                "MaxStacks": [
                    4.0,
                    4.0,
                    4.0,
                    4.0,
                    4.0,
                    4.0,
                    4.0
                ],
                "RManaRatio": [
                    2.0,
                    2.0,
                    2.0,
                    2.0,
                    2.0,
                    2.0,
                    2.0
                ],
                "RStackManaRatio": [
                    1.0,
                    1.0,
                    1.0,
                    1.0,
                    1.0,
                    1.0,
                    1.0
                ],
                "CastRange": [
                    500.0,
                    500.0,
                    500.0,
                    500.0,
                    500.0,
                    500.0,
                    500.0
                ]
            }
        }
    },
    "pasiva": {
        "nombre": "VoidStoneAbility",
        "descripcion": ""
    }
}