{
    "nombre": "Katarina",
    "stats_base": {
        "Vida": 672.0,
        "Vida_por_nivel": 108.0,
        "Regen_Vida": 1.5,
        "Regen_Vida_por_nivel": 0.14000000059604645,
        "Daño_Ataque": 58.0,
        "Daño_Ataque_por_nivel": 3.200000047683716,
        "Armadura": 32.0,
        "Armadura_por_nivel": 4.699999809265137,
        "Resistencia_Magica_por_nivel": 2.049999952316284,
        "Vel_Movimiento": 335.0,
        "Rango_Ataque": 125.0,
        "Vel_Ataque_base": 0.6579999923706055,
        "Vel_Ataque_ratio": 0.6579999923706055,
        "Vel_Ataque_por_nivel": 2.740000009536743,
        "Mana": 0.0,
        "Regen_Mana": 0.0
    },
    "habilidades": {
        "Q": {
            "nombre": "KatarinaQAbility/KatarinaQ",
            "cooldown": [
                12.0,
                11.0,
                10.0,
                9.0,
                8.0,
                7.0,
                7.0
            ],
            "costo_mana": [],
            "rango": [
                625.0,
                625.0,
                625.0,
                625.0,
                625.0,
                625.0,
                625.0
            ],
            "daño_base": [
                45.0,
                80.0,
                115.0,
                150.0,
                185.0,
                220.0,
                255.0
            ],
            "escalado_1": 0.4000000059604645,
            "escalado_2": 0.4000000059604645,
            "parametros_extra": {
                "BounceOffset": [
                    350.0,
                    350.0,
                    350.0,
                    350.0,
                    350.0,
                    350.0,
                    350.0
                ],
                "BounceRadius": [
                    450.0,
                    450.0,
                    450.0,
                    450.0,
                    450.0,
                    450.0,
                    450.0
                ],
                "MaxBounces": [
                    2.0,
                    2.0,
                    2.0,
                    2.0,
                    2.0,
                    2.0,
                    2.0
                ]
            }
        },
        "W": {
            "nombre": "KatarinaWAbility/KatarinaW",
            "cooldown": [
                16.0,
                15.0,
                14.0,
                13.0,
                12.0,
                11.0,
                11.0
            ],
            "costo_mana": [],
            "rango": [
                25000.0,
                25000.0,
                25000.0,
                25000.0,
                25000.0,
                25000.0,
                25000.0
            ],
            "daño_base": [],
            "escalado_1": 0.0,
            "escalado_2": 0.0
        },
        "E": {
            "nombre": "KatarinaEWrapperAbility/KatarinaEWrapper",
            "cooldown": [
                12.0,
                12.0,
                11.0,
                10.0,
                9.0,
                8.0,
                8.0
            ],
            "costo_mana": [],
            "rango": [
                25000.0,
                25000.0,
                25000.0,
                25000.0,
                25000.0,
                25000.0,
                25000.0
            ],
            "daño_base": [
                10.0,
                20.0,
                30.0,
                40.0,
                50.0,
                60.0,
                70.0
            ],
            "escalado_1": 0.4000000059604645,
            "escalado_2": 0.25,
            "parametros_extra": {
                "DataCooldown": [
                    13.0,
                    12.0,
                    11.0,
                    10.0,
                    9.0,
                    8.0,
                    7.0
                ]
            }
        },
        "R": {
            "nombre": "KatarinaRAbility/KatarinaR",
            "cooldown": [
                75.0,
                75.0,
                60.0,
                45.0,
                0.0,
                0.0,
                0.0
            ],
            "costo_mana": [],
            "rango": [
                550.0,
                550.0,
                550.0,
                550.0,
                550.0,
                550.0,
                550.0
            ],
            "daño_base": [
                12.5,
                25.0,
                37.5,
                50.0,
                62.5,
                75.0,
                87.5
            ],
            "escalado_1": 0.1899999976158142,
            "escalado_2": 0.1899999976158142,
            "parametros_extra": {
                "TicksPerSecond": [
                    6.0,
                    6.0,
                    6.0,
                    6.0,
                    6.0,
                    6.0,
                    6.0
                ],
                "Duration": [
                    2.5,
                    2.5,
                    2.5,
                    2.5,
                    2.5,
                    2.5,
                    2.5
                ],
                "GrievousDuration": [
                    3.0,
                    3.0,
                    3.0,
                    3.0,
                    3.0,
                    3.0,
                    3.0
                ],
                "GrievousAmount": [
                    0.4000000059604645,
                    0.4000000059604645,
                    0.4000000059604645,
                    0.4000000059604645,
                    0.4000000059604645,
                    0.4000000059604645,
                    0.4000000059604645
                ],
                "OnHitRatio": [
                    0.20000000298023224,
                    0.25,
                    0.30000001192092896,
                    0.3499999940395355,
                    0.4000000059604645,
                    0.44999998807907104,
                    0.5
                ]
            }
        }
    },
    "pasiva": {
        "nombre": "KatarinaRAbility",
        "descripcion": ""
    }
}