{
    "nombre": "Kayle",
    "stats_base": {
        "Vida": 670.0,
        "Vida_por_nivel": 92.0,
        "Regen_Vida_por_nivel": 0.10000000149011612,
        "Daño_Ataque": 50.0,
        "Daño_Ataque_por_nivel": 2.5,
        "Armadura": 26.0,
        "Armadura_por_nivel": 4.199999809265137,
        "Resistencia_Magica_por_nivel": 1.2999999523162842,
        "Vel_Movimiento": 335.0,
        "Rango_Ataque": 175.0,
        "Vel_Ataque_base": 0.625,
        "Vel_Ataque_ratio": 0.6669999957084656,
        "Vel_Ataque_por_nivel": 1.5,
        "Mana": 330.0,
        "Mana_por_nivel": 50.0,
        "Regen_Mana": 1.600000023841858,
        "Regen_Mana_por_nivel": 0.1599999964237213
    },
    "habilidades": {
        "Q": {
            "nombre": "KayleQAbility/KayleQ",
            "cooldown": [
                12.0,
                12.0,
                11.0,
                10.0,
                9.0,
                8.0,
                7.0
            ],
            "costo_mana": [
                60.0,
                70.0,
                80.0,
                90.0,
                100.0,
                100.0
            ],
            "rango": [
                900.0,
                900.0,
                900.0,
                900.0,
                900.0,
                900.0,
                900.0
            ],
            "daño_base": [
                30.0,
                60.0,
                90.0,
                120.0,
                150.0,
                180.0,
                210.0
            ],
            "escalado_1": 0.0,
            "escalado_2": 0.0,
            "parametros_extra": {
                "ManaRefundPercent": [
                    0.5,
                    0.5,
                    0.5,
                    0.5,
                    0.5,
                    0.5,
                    0.5
                ],
                "CastDelay": [
                    0.25,
                    0.25,
                    0.25,
                    0.25,
                    0.25,
                    0.25,
                    0.25
                ],
                "SlowPercent": [
                    20.0,
                    25.0,
                    30.0,
                    35.0,
                    40.0,
                    45.0,
                    50.0
                ],
                "SlowDuration": [
                    2.0,
                    2.0,
                    2.0,
                    2.0,
                    2.0,
                    2.0,
                    2.0
                ],
                "ShredPercent": [
                    15.0,
                    15.0,
                    15.0,
                    15.0,
                    15.0,
                    15.0,
                    15.0
                ],
                "ShredDuration": [
                    4.0,
                    4.0,
                    4.0,
                    4.0,
                    4.0,
                    4.0,
                    4.0
                ],
                "ExplosionLeftRightDist": [
                    150.0,
                    150.0,
                    150.0,
                    150.0,
                    150.0,
                    150.0,
                    150.0
                ],
                "ExplosionLeftRightWidth": [
                    125.0,
                    125.0,
                    125.0,
                    125.0,
                    125.0,
                    125.0,
                    125.0
                ],
                "ExplosionForwardDist": [
                    400.0,
                    400.0,
                    400.0,
                    400.0,
                    400.0,
                    400.0,
                    400.0
                ],
                "ExplosionBackwardDist": [
                    100.0,
                    100.0,
                    100.0,
                    100.0,
                    100.0,
                    100.0,
                    100.0
                ],
                "ExplosionForwardBackWidth": [
                    90.0,
                    90.0,
                    90.0,
                    90.0,
                    90.0,
                    90.0,
                    90.0
                ],
                "ExplosionCenterAoERadius": [
                    100.0,
                    100.0,
                    100.0,
                    100.0,
                    100.0,
                    100.0,
                    100.0
                ],
                "ExplosionForwardOffset": [
                    100.0,
                    100.0,
                    100.0,
                    100.0,
                    100.0,
                    100.0,
                    100.0
                ]
            }
        },
        "W": {
            "nombre": "KayleWAbility/KayleW",
            "cooldown": [
                15.0,
                15.0,
                15.0,
                15.0,
                15.0,
                15.0,
                15.0
            ],
            "costo_mana": [
                70.0,
                75.0,
                80.0,
                85.0,
                90.0,
                90.0
            ],
            "rango": [
                25000.0,
                25000.0,
                25000.0,
                25000.0,
                25000.0,
                25000.0,
                25000.0
            ],
            "daño_base": [],
            "escalado_1": 0.0,
            "escalado_2": 0.0,
            "parametros_extra": {
                "Heal": [
                    30.0,
                    55.0,
                    80.0,
                    105.0,
                    130.0,
                    155.0,
                    180.0
                ],
                "Haste": [
                    0.20000000298023224,
                    0.23999999463558197,
                    0.2800000011920929,
                    0.3199999928474426,
                    0.36000001430511475,
                    0.4000000059604645,
                    0.4399999976158142
                ],
                "HasteDuration": [
                    2.0,
                    2.0,
                    2.0,
                    2.0,
                    2.0,
                    2.0,
                    2.0
                ]
            }
        },
        "E": {
            "nombre": "KayleEAbility/KayleE",
            "cooldown": [
                8.0,
                8.0,
                7.5,
                7.0,
                6.5,
                6.0,
                8.0
            ],
            "costo_mana": [],
            "rango": [
                550.0,
                550.0,
                550.0,
                550.0,
                550.0,
                550.0,
                550.0
            ],
            "daño_base": [
                15.0,
                15.0,
                20.0,
                25.0,
                30.0,
                35.0,
                40.0
            ],
            "escalado_1": 0.10000000149011612,
            "escalado_2": 0.20000000298023224,
            "parametros_extra": {
                "ActiveExecutePercent": [
                    7.5,
                    8.0,
                    8.5,
                    9.0,
                    9.5,
                    10.0,
                    10.5
                ],
                "MaxExecuteVsMonsters": [
                    400.0,
                    400.0,
                    400.0,
                    400.0,
                    400.0,
                    400.0,
                    400.0
                ],
                "ExplosionRadius": [
                    350.0,
                    350.0,
                    350.0,
                    350.0,
                    350.0,
                    350.0,
                    350.0
                ],