{
    "nombre": "Kayn",
    "stats_base": {
        "Vida": 655.0,
        "Vida_por_nivel": 103.0,
        "Regen_Vida": 1.600000023841858,
        "Regen_Vida_por_nivel": 0.15000000596046448,
        "Daño_Ataque": 68.0,
        "Daño_Ataque_por_nivel": 3.299999952316284,
        "Armadura": 38.0,
        "Armadura_por_nivel": 4.5,
        "Resistencia_Magica_por_nivel": 2.049999952316284,
        "Vel_Movimiento": 340.0,
        "Rango_Ataque": 175.0,
        "Vel_Ataque_base": 0.6690000295639038,
        "Vel_Ataque_ratio": 0.6690000295639038,
        "Vel_Ataque_por_nivel": 2.700000047683716,
        "Mana": 410.0,
        "Mana_por_nivel": 50.0,
        "Regen_Mana": 2.299999952316284,
        "Regen_Mana_por_nivel": 0.1899999976158142
    },
    "habilidades": {
        "Q": {
            "nombre": "KaynQAbility/KaynQ",
            "cooldown": [
                7.5,
                7.0,
                6.5,
                6.0,
                5.5,
                5.0,
                4.5
            ],
            "costo_mana": [
                40.0,
                40.0,
                40.0,
                40.0,
                40.0,
                40.0
            ],
            "rango": [
                25000.0,
                25000.0,
                25000.0,
                25000.0,
                25000.0,
                25000.0,
                25000.0
            ],
            "daño_base": [
                75.0,
                75.0,
                105.0,
                135.0,
                165.0,
                195.0,
                195.0
            ],
            "escalado_1": 0.8500000238418579,
            "escalado_2": 0.0,
            "parametros_extra": {
                "SlayerMaxHPPer100BAD": [
                    3.5,
                    3.5,
                    3.5,
                    3.5,
                    3.5,
                    3.5,
                    3.5
                ],
                "SlayerMaxHPPer100BADTOOLTIPONLY": [
                    0.03500000014901161,
                    0.03500000014901161,
                    0.03500000014901161,
                    0.03500000014901161,
                    0.03500000014901161,
                    0.03500000014901161,
                    0.03500000014901161
                ]
            }
        },
        "W": {
            "nombre": "KaynWAbility/KaynW",
            "cooldown": [
                13.0,
                13.0,
                12.0,
                11.0,
                10.0,
                9.0,
                9.0
            ],
            "costo_mana": [
                40.0,
                45.0,
                50.0,
                55.0,
                60.0,
                65.0
            ],
            "rango": [
                700.0,
                700.0,
                700.0,
                700.0,
                700.0,
                700.0,
                700.0
            ],
            "daño_base": [
                85.0,
                85.0,
                130.0,
                175.0,
                220.0,
                265.0,
                265.0
            ],
            "escalado_1": 1.100000023841858,
            "escalado_2": 0.0
        },
        "E": {
            "nombre": "KaynEAbility/KaynE",
            "cooldown": [
                21.0,
                21.0,
                19.0,
                17.0,
                15.0,
                13.0,
                11.0
            ],
            "costo_mana": [
                90.0,
                90.0,
                90.0,
                90.0,
                90.0,
                90.0
            ],
            "rango": [],
            "daño_base": [
                40.0,
                40.0,
                40.0,
                40.0,
                40.0,
                40.0,
                40.0
            ],
            "escalado_1": 0.4000000059604645,
            "escalado_2": 0.0,
            "parametros_extra": {
                "AssassinCDReduction": [
                    10.0,
                    10.0,
                    10.0,
                    10.0,
                    10.0,
                    10.0,
                    10.0
                ],
                "AssMS": [
                    70.0,
                    70.0,
                    70.0,
                    70.0,
                    70.0,
                    70.0,
                    70.0
                ]
            }
        },
        "R": {
            "nombre": "KaynRAbility/KaynR",
            "cooldown": [
                120.0,
                120.0,
                100.0,
                80.0,
                0.0,
                0.0,
                0.0
            ],
            "costo_mana": [
                100.0,
                100.0,
                100.0,
                0.0,
                0.0,
                0.0
            ],
            "rango": [
                550.0,
                550.0,
                550.0,
                550.0,
                550.0,
                550.0,
                550.0
            ],
            "daño_base": [
                50.0,
                150.0,
                250.0,
                350.0,
                450.0,
                550.0,
                650.0
            ],
            "escalado_1": 0.0,
            "escalado_2": 0.0,
            "parametros_extra": {
                "MinimumInfestTime": [
                    0.5,
                    0.5,
                    0.5,
                    0.5,
                    0.5,
                    0.5,
                    0.5
                ],
                "InfestDuration": [
                    2.5,
                    2.5,
                    2.5,
                    2.5,
                    2.5,
                    2.5,
                    2.5
                ],
                "JumpOutDistance": [
                    300.0,
                    300.0,
                    300.0,
                    300.0,
                    300.0,
                    300.0,
                    300.0
                ],
                "SlayerHealPercent": [
                    0.75,
                    0.75,
                    0.75,
                    0.75,
                    0.75,
                    0.75,
                    0.75
                ],
                "AssassinCastRange": [
                    750.0,
                    750.0,
                    750.0,
                    750.0,
                    750.0,
                    750.0,
                    750.0
                ],
                "BaseCastRange": [
                    550.0,
                    550.0,
                    550.0,
                    550.0,
                    550.0,
                    550.0,
                    550.0
                ],
                "AssassinJumpOutDistance": [
                    500.0,
                    500.0,
                    500.0,
                    500.0,
                    500.0,
                    500.0,
                    500.0
                ]
            }
        }
    },
    "pasiva": {
        "nombre": "KaynPassiveAbility",
        "descripcion": "game_buff_tooltip_KaynPassive"
    }
}