{
    "nombre": "Kennen",
    "stats_base": {
        "Vida": 580.0,
        "Vida_por_nivel": 98.0,
        "Regen_Vida": 1.100000023841858,
        "Regen_Vida_por_nivel": 0.12999999523162842,
        "Daño_Ataque": 48.0,
        "Daño_Ataque_por_nivel": 3.75,
        "Armadura": 29.0,
        "Armadura_por_nivel": 4.949999809265137,
        "Resistencia_Magica_por_nivel": 1.2999999523162842,
        "Vel_Movimiento": 335.0,
        "Rango_Ataque": 550.0,
        "Vel_Ataque_base": 0.625,
        "Vel_Ataque_ratio": 0.6899999976158142,
        "Vel_Ataque_por_nivel": 3.4000000953674316,
        "Mana": 200.0,
        "Regen_Mana": 10.0
    },
    "habilidades": {
        "Q": {
            "nombre": "KennenShurikenHurlMissile1Ability/KennenShurikenHurlMissile1",
            "cooldown": [
                9.0,
                7.0,
                6.25,
                5.5,
                4.75,
                4.0,
                4.0
            ],
            "costo_mana": [
                60.0,
                55.0,
                50.0,
                45.0,
                40.0,
                35.0
            ],
            "rango": [
                1050.0,
                1050.0,
                1050.0,
                1050.0,
                1050.0,
                1050.0,
                1050.0
            ],
            "daño_base": [
                25.0,
                75.0,
                125.0,
                175.0,
                225.0,
                275.0,
                325.0
            ],
            "escalado_1": 0.0,
            "escalado_2": 0.0
        },
        "W": {
            "nombre": "KennenBringTheLightAbility/KennenBringTheLight",
            "cooldown": [
                13.0,
                13.0,
                11.25,
                9.5,
                7.75,
                6.0,
                6.0
            ],
            "costo_mana": [
                40.0,
                40.0,
                40.0,
                40.0,
                40.0,
                40.0
            ],
            "rango": [
                725.0,
                725.0,
                725.0,
                725.0,
                725.0,
                725.0,
                725.0
            ],
            "daño_base": [
                70.0,
                70.0,
                95.0,
                120.0,
                145.0,
                170.0,
                170.0
            ],
            "escalado_1": 0.699999988079071,
            "escalado_2": 0.800000011920929
        },
        "E": {
            "nombre": "KennenLightningRushAbility/KennenLightningRush",
            "cooldown": [
                10.0,
                10.0,
                9.0,
                8.0,
                7.0,
                6.0,
                6.0
            ],
            "costo_mana": [
                80.0,
                80.0,
                80.0,
                80.0,
                80.0,
                80.0
            ],
            "rango": [
                200.0,
                200.0,
                200.0,
                200.0,
                200.0,
                200.0,
                200.0
            ],
            "daño_base": [
                85.0,
                85.0,
                125.0,
                165.0,
                205.0,
                245.0,
                285.0
            ],
            "escalado_1": 0.800000011920929,
            "escalado_2": 0.0,
            "parametros_extra": {
                "EnergyRefund": [
                    40.0,
                    40.0,
                    40.0,
                    40.0,
                    40.0,
                    40.0,
                    40.0
                ],
                "MovementSpeed": [
                    1.0,
                    1.0,
                    1.0,
                    1.0,
                    1.0,
                    1.0,
                    1.0
                ],
                "DurationAsBall": [
                    2.0,
                    2.0,
                    2.0,
                    2.0,
                    2.0,
                    2.0,
                    2.0
                ],
                "TotalAS": [
                    0.30000001192092896,
                    0.4000000059604645,
                    0.5,
                    0.6000000238418579,
                    0.699999988079071,
                    0.800000011920929,
                    0.8999999761581421
                ],
                "DurationAfterBall": [
                    4.0,
                    4.0,
                    4.0,
                    4.0,
                    4.0,
                    4.0,
                    4.0
                ],
                "linger": [
                    0.15000000596046448,
                    0.15000000596046448,
                    0.15000000596046448,
                    0.15000000596046448,
                    0.15000000596046448,
                    0.15000000596046448,
                    0.15000000596046448
                ],
                "CritDurationBonus": [
                    1.0,
                    1.0,
                    1.0,
                    1.0,
                    1.0,
                    1.0,
                    1.0
                ]
            }
        },
        "R": {
            "nombre": "KennenShurikenStormAbility/KennenShurikenStorm",
            "cooldown": [
                120.0,
                120.0,
                120.0,
                120.0,
                120.0,
                120.0,
                120.0
            ],
            "costo_mana": [],
            "rango": [
                550.0,
                550.0,
                550.0,
                550.0,
                550.0,
                550.0,
                550.0
            ],
            "daño_base": [
                5.0,
                40.0,
                75.0,
                110.0,
                145.0,
                180.0,
                215.0
            ],
            "escalado_1": 0.22499999403953552,
            "escalado_2": 0.22499999403953552,
            "parametros_extra": {
                "KennenRTickRate": [
                    0.5,
                    0.5,
                    0.5,
                    0.5,
                    0.5,
                    0.5,
                    0.5
                ],
                "KennenRDefenses": [
                    0.0,
                    20.0,
                    40.0,
                    60.0,
                    80.0,
                    100.0,
                    120.0
                ],
                "KennenRDuration": [
                    3.0,
                    3.0,
                    3.0,
                    3.0,
                    3.0,
                    3.0,
                    3.0
                ]
            }
        }
    },
    "pasiva": {
        "nombre": "KennenBringTheLightAbility",
        "descripcion": ""
    }
}