{
    "nombre": "Khazix",
    "stats_base": {
        "Vida": 643.0,
        "Vida_por_nivel": 99.0,
        "Regen_Vida": 1.5,
        "Regen_Vida_por_nivel": 0.15000000596046448,
        "Daño_Ataque": 60.0,
        "Daño_Ataque_por_nivel": 3.0999999046325684,
        "Armadura": 32.0,
        "Armadura_por_nivel": 4.199999809265137,
        "Resistencia_Magica_por_nivel": 2.049999952316284,
        "Vel_Movimiento": 345.0,
        "Rango_Ataque": 125.0,
        "Vel_Ataque_base": 0.6679999828338623,
        "Vel_Ataque_ratio": 0.6679999828338623,
        "Vel_Ataque_por_nivel": 2.700000047683716,
        "Mana": 327.0,
        "Mana_por_nivel": 40.0,
        "Regen_Mana": 1.5180000066757202,
        "Regen_Mana_por_nivel": 0.10000000149011612
    },
    "habilidades": {
        "Q": {
            "nombre": "KhazixQAbility/KhazixQ",
            "cooldown": [
                4.0,
                4.0,
                4.0,
                4.0,
                4.0,
                4.0,
                4.0
            ],
            "costo_mana": [
                20.0,
                20.0,
                20.0,
                20.0,
                20.0,
                20.0
            ],
            "rango": [
                325.0,
                325.0,
                325.0,
                325.0,
                325.0,
                325.0,
                325.0
            ],
            "daño_base": [
                80.0,
                80.0,
                105.0,
                130.0,
                155.0,
                180.0,
                180.0
            ],
            "escalado_1": 1.0499999523162842,
            "escalado_2": 0.0,
            "parametros_extra": {
                "EvolutionIsolationCDRPercentage": [
                    45.0,
                    45.0,
                    45.0,
                    45.0,
                    45.0,
                    45.0,
                    45.0
                ]
            }
        },
        "W": {
            "nombre": "KhazixWAbility/KhazixW",
            "cooldown": [
                9.0,
                9.0,
                9.0,
                9.0,
                9.0,
                9.0,
                9.0
            ],
            "costo_mana": [
                55.0,
                60.0,
                65.0,
                70.0,
                75.0,
                80.0
            ],
            "rango": [
                25000.0,
                25000.0,
                25000.0,
                25000.0,
                25000.0,
                25000.0,
                25000.0
            ],
            "daño_base": [
                75.0,
                75.0,
                105.0,
                135.0,
                165.0,
                195.0,
                195.0
            ],
            "escalado_1": 1.0,
            "escalado_2": 0.5,
            "parametros_extra": {
                "BaseHeal": [
                    35.0,
                    55.0,
                    75.0,
                    95.0,
                    115.0,
                    135.0,
                    155.0
                ],
                "SlowPercentage": [
                    40.0,
                    40.0,
                    40.0,
                    40.0,
                    40.0,
                    40.0,
                    40.0
                ],
                "SlowDuration": [
                    2.0,
                    2.0,
                    2.0,
                    2.0,
                    2.0,
                    2.0,
                    2.0
                ],
                "IsolatedSlowPercentage": [
                    60.0,
                    60.0,
                    60.0,
                    60.0,
                    60.0,
                    60.0,
                    60.0
                ],
                "IsolatedSlowDuration": [
                    2.0,
                    2.0,
                    2.0,
                    2.0,
                    2.0,
                    2.0,
                    2.0
                ]
            }
        },
        "E": {
            "nombre": "KhazixEAbility/KhazixE",
            "cooldown": [
                22.0,
                20.0,
                18.0,
                16.0,
                14.0,
                12.0,
                12.0
            ],
            "costo_mana": [
                50.0,
                50.0,
                50.0,
                50.0,
                50.0,
                50.0
            ],
            "rango": [
                25000.0,
                25000.0,
                25000.0,
                25000.0,
                25000.0,
                25000.0,
                25000.0
            ],
            "daño_base": [
                30.0,
                65.0,
                100.0,
                135.0,
                170.0,
                205.0,
                240.0
            ],
            "escalado_1": 0.20000000298023224,
            "escalado_2": 0.0,
            "parametros_extra": {
                "EvolvedLeapRange": [
                    900.0,
                    900.0,
                    900.0,
                    900.0,
                    900.0,
                    900.0,
                    900.0
                ]
            }
        },
        "R": {
            "nombre": "KhazixRAbility/KhazixR",
            "cooldown": [
                100.0,
                100.0,
                85.0,
                70.0,
                70.0,
                70.0,
                70.0
            ],
            "costo_mana": [
                100.0,
                100.0,
                100.0,
                100.0,
                100.0,
                100.0
            ],
            "rango": [
                25000.0,
                25000.0,
                25000.0,
                25000.0,
                25000.0,
                25000.0,
                25000.0
            ],
            "daño_base": [],
            "escalado_1": 0.0,
            "escalado_2": 0.0,
            "parametros_extra": {
                "StealthDuration": [
                    1.25,
                    1.25,
                    1.25,
                    1.25,
                    1.25,
                    1.25,
                    1.25
                ],
                "RecastWindow": [
                    12.0,
                    12.0,
                    12.0,
                    12.0,
                    12.0,
                    12.0,
                    12.0
                ],
                "BonusMovementSpeedPercent": [
                    0.4000000059604645,
                    0.4000000059604645,
                    0.4000000059604645,
                    0.4000000059604645,
                    0.4000000059604645,
                    0.4000000059604645,
                    0.4000000059604645
                ],
                "EvolutionsAvailable": [
                    0.0,
                    1.0,
                    2.0,
                    3.0,
                    3.0,
                    3.0,
                    3.0
                ],
                "EvolvedStealthDuration": [
                    2.0,
                    2.0,
                    2.0,
                    2.0,
                    2.0,
                    2.0,
                    2.0
                ],
                "RecastCD": [
                    2.0,
                    2.0,
                    2.0,
                    2.0,
                    2.0,
                    2.0,
                    2.0
                ],
                "NumberOfCasts": [
                    2.0,
                    2.0,
                    2.0,
                    2.0,
                    2.0,
                    2.0,
                    2.0
                ],