{
    "nombre": "Kindred",
    "stats_base": {
        "Vida": 595.0,
        "Vida_por_nivel": 104.0,
        "Regen_Vida": 1.399999976158142,
        "Regen_Vida_por_nivel": 0.10999999940395355,
        "Daño_Ataque": 65.0,
        "Daño_Ataque_por_nivel": 3.25,
        "Armadura": 29.0,
        "Armadura_por_nivel": 4.699999809265137,
        "Resistencia_Magica_por_nivel": 1.2999999523162842,
        "Vel_Movimiento": 325.0,
        "Rango_Ataque": 500.0,
        "Vel_Ataque_base": 0.625,
        "Vel_Ataque_ratio": 0.625,
        "Vel_Ataque_por_nivel": 3.5,
        "Mana": 300.0,
        "Mana_por_nivel": 35.0,
        "Regen_Mana": 1.399999976158142,
        "Regen_Mana_por_nivel": 0.07999999821186066
    },
    "habilidades": {
        "Q": {
            "nombre": "KindredQAbility/KindredQ",
            "cooldown": [
                9.0,
                9.0,
                9.0,
                9.0,
                9.0,
                9.0,
                9.0
            ],
            "costo_mana": [
                35.0,
                35.0,
                35.0,
                35.0,
                35.0,
                35.0
            ],
            "rango": [
                10000.0,
                10000.0,
                10000.0,
                10000.0,
                10000.0,
                10000.0,
                10000.0
            ],
            "daño_base": [
                25.0,
                40.0,
                65.0,
                90.0,
                115.0,
                140.0,
                175.0
            ],
            "escalado_1": 0.75,
            "escalado_2": 0.0,
            "parametros_extra": {
                "DashSpeed": [
                    500.0,
                    500.0,
                    500.0,
                    500.0,
                    500.0,
                    500.0,
                    500.0
                ],
                "DashSpeedScaling": [
                    12.0,
                    12.0,
                    12.0,
                    12.0,
                    12.0,
                    12.0,
                    12.0
                ],
                "BaseASDuration": [
                    4.0,
                    4.0,
                    4.0,
                    4.0,
                    4.0,
                    4.0,
                    4.0
                ],
                "CDNewValue": [
                    4.5,
                    4.0,
                    3.5,
                    3.0,
                    2.5,
                    2.0,
                    1.5
                ]
            }
        },
        "W": {
            "nombre": "KindredWAbility/KindredW",
            "cooldown": [
                19.0,
                18.0,
                17.0,
                16.0,
                15.0,
                14.0,
                14.0
            ],
            "costo_mana": [
                40.0,
                40.0,
                40.0,
                40.0,
                40.0,
                40.0
            ],
            "rango": [
                25000.0,
                25000.0,
                25000.0,
                25000.0,
                25000.0,
                25000.0,
                25000.0
            ],
            "daño_base": [
                40.0,
                40.0,
                45.0,
                50.0,
                55.0,
                60.0,
                65.0
            ],
            "escalado_1": 0.20000000298023224,
            "escalado_2": 0.20000000298023224,
            "parametros_extra": {
                "LambToWolfAttackSpeedConversionPercent": [
                    0.25,
                    0.25,
                    0.25,
                    0.25,
                    0.25,
                    0.25,
                    0.25
                ],
                "RingRange": [
                    800.0,
                    800.0,
                    800.0,
                    800.0,
                    800.0,
                    800.0,
                    800.0
                ]
            }
        },
        "E": {
            "nombre": "KindredEWrapperAbility/KindredEWrapper",
            "cooldown": [
                14.0,
                14.0,
                12.5,
                11.0,
                9.5,
                8.0,
                8.0
            ],
            "costo_mana": [
                50.0,
                50.0,
                50.0,
                50.0,
                50.0,
                50.0
            ],
            "rango": [
                1200.0,
                1200.0,
                1200.0,
                1200.0,
                1200.0,
                1200.0,
                1200.0
            ],
            "daño_base": [
                50.0,
                80.0,
                110.0,
                140.0,
                170.0,
                200.0,
                230.0
            ],
            "escalado_1": 0.800000011920929,
            "escalado_2": 1.0,
            "parametros_extra": {
                "MonsterCap": [
                    200.0,
                    200.0,
                    200.0,
                    200.0,
                    200.0,
                    200.0,
                    200.0
                ],
                "SlowAmount": [
                    30.0,
                    30.0,
                    30.0,
                    30.0,
                    30.0,
                    30.0,
                    30.0
                ],
                "SlowDuration": [
                    1.0,
                    1.0,
                    1.0,
                    1.0,
                    1.0,
                    1.0,
                    1.0
                ],
                "TotalDuration": [
                    4.0,
                    4.0,
                    4.0,
                    4.0,
                    4.0,
                    4.0,
                    4.0
                ],
                "StacksToProc": [
                    4.0,
                    4.0,
                    4.0,
                    4.0,
                    4.0,
                    4.0,
                    4.0
                ],
                "CritMod": [
                    0.5,
                    0.5,
                    0.5,
                    0.5,
                    0.5,
                    0.5,
                    0.5
                ]
            }
        },
        "R": {
            "nombre": "KindredRAbility/KindredR",
            "cooldown": [
                160.0,
                160.0,
                140.0,
                120.0,
                120.0,
                120.0,
                120.0
            ],
            "costo_mana": [
                100.0,
                100.0,
                100.0,
                100.0,
                100.0,
                100.0
            ],
            "rango": [
                500.0,
                500.0,
                500.0,
                500.0,
                500.0,
                500.0,
                500.0
            ],
            "daño_base": [
                225.0,
                225.0,
                300.0,
                375.0,
                400.0,
                400.0,
                400.0
            ],
            "escalado_1": 0.2199999988079071,
            "escalado_2": 0.33000001311302185,
            "parametros_extra": {
                "HealFlat": [
                    150.0,
                    225.0,
                    300.0,
                    375.0,
                    450.0,
                    525.0,
                    600.0
                ],
                "BuffDuration": [
                    4.0,
                    4.0,
                    4.0,
                    4.0,
                    4.0,
                    4.0,
                    4.0
                ],