{
    "nombre": "Kled",
    "stats_base": {
        "Vida": 410.0,
        "Vida_por_nivel": 84.0,
        "Regen_Vida": 1.2000000476837158,
        "Regen_Vida_por_nivel": 0.15000000596046448,
        "Daño_Ataque": 65.0,
        "Daño_Ataque_por_nivel": 3.5,
        "Armadura": 35.0,
        "Armadura_por_nivel": 5.199999809265137,
        "Resistencia_Magica_por_nivel": 2.049999952316284,
        "Vel_Movimiento": 345.0,
        "Rango_Ataque": 125.0,
        "Vel_Ataque_base": 0.625,
        "Vel_Ataque_ratio": 0.625,
        "Vel_Ataque_por_nivel": 3.5,
        "Regen_Mana": 0.0
    },
    "habilidades": {
        "Q": {
            "nombre": "KledQAbility/KledQ",
            "cooldown": [
                12.0,
                11.0,
                10.0,
                9.0,
                8.0,
                7.0,
                6.0
            ],
            "costo_mana": [],
            "rango": [
                800.0,
                800.0,
                800.0,
                800.0,
                800.0,
                800.0,
                800.0
            ],
            "daño_base": [
                20.0,
                35.0,
                50.0,
                65.0,
                80.0,
                95.0,
                110.0
            ],
            "escalado_1": 0.6499999761581421,
            "escalado_2": 0.0,
            "parametros_extra": {
                "GrievousAmount": [
                    0.4000000059604645,
                    0.4000000059604645,
                    0.4000000059604645,
                    0.4000000059604645,
                    0.4000000059604645,
                    0.4000000059604645,
                    0.4000000059604645
                ],
                "GrievousDuration": [
                    5.0,
                    5.0,
                    5.0,
                    5.0,
                    5.0,
                    5.0,
                    5.0
                ],
                "SlowAmount": [
                    -0.25,
                    -0.30000001192092896,
                    -0.3499999940395355,
                    -0.4000000059604645,
                    -0.44999998807907104,
                    -0.5,
                    -0.550000011920929
                ],
                "SlowDuration": [
                    2.5,
                    2.5,
                    2.5,
                    2.5,
                    2.5,
                    2.5,
                    2.5
                ],
                "CouragePerPellet": [
                    5.0,
                    5.0,
                    5.0,
                    5.0,
                    5.0,
                    5.0,
                    5.0
                ],
                "TetherPopTime": [
                    1.75,
                    1.75,
                    1.75,
                    1.75,
                    1.75,
                    1.75,
                    1.75
                ],
                "MissileSpawnCheckRadius": [
                    60.0,
                    60.0,
                    60.0,
                    60.0,
                    60.0,
                    60.0,
                    60.0
                ]
            }
        },
        "W": {
            "nombre": "KledWAbility/KledW",
            "cooldown": [
                14.0,
                13.0,
                12.0,
                11.0,
                10.0,
                9.0,
                9.0
            ],
            "costo_mana": [],
            "rango": [
                0.0,
                0.0,
                0.0,
                0.0,
                0.0,
                0.0,
                0.0
            ],
            "daño_base": [
                4.0,
                4.5,
                5.0,
                5.5,
                6.0,
                6.5,
                7.0
            ],
            "escalado_1": 0.009999999776482582,
            "escalado_2": 0.0,
            "parametros_extra": {
                "WCooldown": [
                    14.0,
                    13.0,
                    12.0,
                    11.0,
                    10.0,
                    9.0,
                    8.0
                ],
                "ChampCooldownRefund": [
                    1.5,
                    1.5,
                    1.5,
                    1.5,
                    1.5,
                    1.5,
                    1.5
                ],
                "NonChampCooldownRefund": [
                    0.5,
                    0.5,
                    0.5,
                    0.5,
                    0.5,
                    0.5,
                    0.5
                ],
                "AttackSpeed": [
                    1.5,
                    1.5,
                    1.5,
                    1.5,
                    1.5,
                    1.5,
                    1.5
                ],
                "ActiveDuration": [
                    4.0,
                    4.0,
                    4.0,
                    4.0,
                    4.0,
                    4.0,
                    4.0
                ],
                "MonsterCap": [
                    200.0,
                    200.0,
                    200.0,
                    200.0,
                    200.0,
                    200.0,
                    200.0
                ]
            }
        },
        "E": {
            "nombre": "KledEAbility/KledE",
            "cooldown": [
                14.0,
                13.0,
                12.0,
                11.0,
                10.0,
                9.0,
                9.0
            ],
            "costo_mana": [],
            "rango": [
                550.0,
                550.0,
                550.0,
                550.0,
                550.0,
                550.0,
                550.0
            ],
            "daño_base": [
                10.0,
                35.0,
                60.0,
                85.0,
                110.0,
                135.0,
                160.0
            ],
            "escalado_1": 0.6499999761581421,
            "escalado_2": 0.0,
            "parametros_extra": {
                "DashSpeed": [
                    600.0,
                    600.0,
                    600.0,
                    600.0,
                    600.0,
                    600.0,
                    600.0
                ],
                "MoveSpeed": [
                    0.5,
                    0.5,
                    0.5,
                    0.5,
                    0.5,
                    0.5,
                    0.5
                ],
                "MoveSpeedDuration": [
                    1.0,
                    1.0,
                    1.0,
                    1.0,
                    1.0,
                    1.0,
                    1.0
                ],
                "RecastWindow": [
                    3.0,
                    3.0,
                    3.0,
                    3.0,
                    3.0,
                    3.0,
                    3.0
                ],
                "PassthroughDistance": [
                    350.0,
                    350.0,
                    350.0,
                    350.0,
                    350.0,
                    350.0,
                    350.0
                ],
                "TetherRange": [
                    700.0,
                    700.0,
                    700.0,
                    700.0,
                    700.0,
                    700.0,
                    700.0
                ]
            }
        },
        "R": {
            "nombre": "KledRAbility/KledR",
            "cooldown": [
                140.0,
                140.0,
                125.0,
                110.0,
                110.0,
                110.0,
                110.0
            ],
            "costo_mana": [],