{
    "nombre": "KogMaw",
    "stats_base": {
        "Vida": 635.0,
        "Vida_por_nivel": 99.0,
        "Regen_Vida": 0.75,
        "Regen_Vida_por_nivel": 0.10999999940395355,
        "Daño_Ataque": 61.0,
        "Daño_Ataque_por_nivel": 3.0999999046325684,
        "Armadura": 24.0,
        "Armadura_por_nivel": 4.449999809265137,
        "Resistencia_Magica_por_nivel": 1.2999999523162842,
        "Vel_Movimiento": 330.0,
        "Rango_Ataque": 500.0,
        "Vel_Ataque_base": 0.6650000214576721,
        "Vel_Ataque_ratio": 0.6650000214576721,
        "Vel_Ataque_por_nivel": 2.6500000953674316,
        "Mana": 325.0,
        "Mana_por_nivel": 40.0,
        "Regen_Mana": 1.75,
        "Regen_Mana_por_nivel": 0.14000000059604645
    },
    "habilidades": {
        "Q": {
            "nombre": "KogMawQAbility/KogMawQ",
            "cooldown": [
                7.0,
                7.0,
                7.0,
                7.0,
                7.0,
                7.0,
                7.0
            ],
            "costo_mana": [
                40.0,
                40.0,
                40.0,
                40.0,
                40.0,
                40.0
            ],
            "rango": [
                1200.0,
                1200.0,
                1200.0,
                1200.0,
                1200.0,
                1200.0,
                1200.0
            ],
            "daño_base": [
                35.0,
                80.0,
                125.0,
                170.0,
                215.0,
                260.0,
                305.0
            ],
            "escalado_1": 0.8999999761581421,
            "escalado_2": 0.8999999761581421,
            "parametros_extra": {
                "AttackSpeed": [
                    0.0,
                    0.05000000074505806,
                    0.10000000149011612,
                    0.15000000596046448,
                    0.20000000298023224,
                    0.25,
                    0.30000001192092896
                ],
                "ShredAmount": [
                    12.0,
                    16.0,
                    20.0,
                    24.0,
                    28.0,
                    32.0,
                    36.0
                ],
                "ShredDuration": [
                    4.0,
                    4.0,
                    4.0,
                    4.0,
                    4.0,
                    4.0,
                    4.0
                ]
            }
        },
        "W": {
            "nombre": "KogMawBioArcaneBarrageAbility/KogMawBioArcaneBarrage",
            "cooldown": [
                17.0,
                17.0,
                17.0,
                17.0,
                17.0,
                17.0,
                17.0
            ],
            "costo_mana": [
                40.0,
                40.0,
                40.0,
                40.0,
                40.0,
                40.0
            ],
            "rango": [
                530.0,
                530.0,
                530.0,
                530.0,
                530.0,
                530.0,
                530.0
            ],
            "daño_base": [
                2.25,
                3.0,
                3.75,
                4.5,
                5.25,
                6.0,
                6.75
            ],
            "escalado_1": 0.014999999664723873,
            "escalado_2": 0.014999999664723873,
            "parametros_extra": {
                "Range": [
                    110.0,
                    130.0,
                    150.0,
                    170.0,
                    190.0,
                    210.0,
                    230.0
                ],
                "Duration": [
                    8.0,
                    8.0,
                    8.0,
                    8.0,
                    8.0,
                    8.0,
                    8.0
                ]
            }
        },
        "E": {
            "nombre": "KogMawVoidOozeAbility/KogMawVoidOoze",
            "cooldown": [
                12.0,
                12.0,
                12.0,
                12.0,
                12.0,
                12.0,
                12.0
            ],
            "costo_mana": [
                40.0,
                55.0,
                70.0,
                85.0,
                100.0,
                110.0
            ],
            "rango": [
                10000.0,
                10000.0,
                10000.0,
                10000.0,
                10000.0,
                10000.0,
                10000.0
            ],
            "daño_base": [
                30.0,
                70.0,
                110.0,
                150.0,
                190.0,
                230.0,
                270.0
            ],
            "escalado_1": 0.6499999761581421,
            "escalado_2": 0.6499999761581421,
            "parametros_extra": {
                "SlowAmount": [
                    35.0,
                    40.0,
                    45.0,
                    50.0,
                    55.0,
                    60.0,
                    65.0
                ],
                "TrailDuration": [
                    3.0,
                    3.0,
                    3.0,
                    3.0,
                    3.0,
                    3.0,
                    3.0
                ],
                "SlowDuration": [
                    0.25,
                    0.25,
                    0.25,
                    0.25,
                    0.25,
                    0.25,
                    0.25
                ]
            }
        },
        "R": {
            "nombre": "KogMawLivingArtilleryAbility/KogMawLivingArtillery",
            "cooldown": [
                2.0,
                2.0,
                1.5,
                1.0,
                2.0,
                2.0,
                2.0
            ],
            "costo_mana": [
                40.0,
                40.0,
                40.0,
                40.0,
                40.0,
                40.0
            ],
            "rango": [
                1300.0,
                1300.0,
                1550.0,
                1800.0,
                1200.0,
                1200.0,
                1200.0
            ],
            "daño_base": [
                60.0,
                100.0,
                140.0,
                180.0,
                220.0,
                260.0,
                300.0
            ],
            "escalado_1": 0.3499999940395355,
            "escalado_2": 0.3499999940395355,
            "parametros_extra": {
                "ManaCostDuration": [
                    8.0,
                    8.0,
                    8.0,
                    8.0,
                    8.0,
                    8.0,
                    8.0
                ],
                "Range": [
                    105.0,
                    130.0,
                    155.0,
                    180.0,
                    205.0,
                    230.0,
                    255.0
                ],
                "BaseCost": [
                    40.0,
                    40.0,
                    40.0,
                    40.0,
                    40.0,
                    40.0,
                    40.0
                ],
                "ManaCostCap": [
                    400.0,
                    400.0,
                    400.0,
                    400.0,
                    400.0,
                    400.0,
                    400.0
                ],
                "VisionDebuffDuration": [
                    2.0,
                    2.0,
                    2.0,
                    2.0,
                    2.0,
                    2.0,
                    2.0
                ],