{
    "nombre": "Leblanc",
    "stats_base": {
        "Vida": 598.0,
        "Vida_por_nivel": 108.0,
        "Regen_Vida": 1.5,
        "Regen_Vida_por_nivel": 0.10999999940395355,
        "Daño_Ataque": 55.0,
        "Daño_Ataque_por_nivel": 2.200000047683716,
        "Armadura": 22.0,
        "Armadura_por_nivel": 4.199999809265137,
        "Resistencia_Magica_por_nivel": 1.2999999523162842,
        "Vel_Movimiento": 340.0,
        "Rango_Ataque": 525.0,
        "Vel_Ataque_base": 0.6579999923706055,
        "Vel_Ataque_ratio": 0.4000000059604645,
        "Vel_Ataque_por_nivel": 2.3499999046325684,
        "Mana": 400.0,
        "Mana_por_nivel": 25.0,
        "Regen_Mana": 1.600000023841858,
        "Regen_Mana_por_nivel": 0.1599999964237213
    },
    "habilidades": {
        "Q": {
            "nombre": "LeblancQAbility/LeblancQ",
            "cooldown": [
                6.0,
                6.0,
                6.0,
                6.0,
                6.0,
                6.0,
                6.0
            ],
            "costo_mana": [
                50.0,
                50.0,
                50.0,
                50.0,
                50.0,
                50.0
            ],
            "rango": [
                700.0,
                700.0,
                700.0,
                700.0,
                700.0,
                700.0,
                700.0
            ],
            "daño_base": [
                40.0,
                65.0,
                90.0,
                115.0,
                140.0,
                165.0,
                190.0
            ],
            "escalado_1": 0.44999998807907104,
            "escalado_2": 0.44999998807907104,
            "parametros_extra": {
                "MarkDuration": [
                    3.5,
                    3.5,
                    3.5,
                    3.5,
                    3.5,
                    3.5,
                    3.5
                ],
                "CooldownRefund": [
                    0.30000001192092896,
                    0.30000001192092896,
                    0.30000001192092896,
                    0.30000001192092896,
                    0.30000001192092896,
                    0.30000001192092896,
                    0.30000001192092896
                ],
                "ManaRefund": [
                    1.0,
                    1.0,
                    1.0,
                    1.0,
                    1.0,
                    1.0,
                    1.0
                ]
            }
        },
        "W": {
            "nombre": "LeblancWAbility/LeblancW",
            "cooldown": [
                15.0,
                15.0,
                13.75,
                12.5,
                11.25,
                10.0,
                10.0
            ],
            "costo_mana": [
                60.0,
                70.0,
                80.0,
                90.0,
                100.0,
                120.0
            ],
            "rango": [
                25000.0,
                25000.0,
                25000.0,
                25000.0,
                25000.0,
                25000.0,
                25000.0
            ],
            "daño_base": [
                35.0,
                75.0,
                115.0,
                155.0,
                195.0,
                235.0,
                275.0
            ],
            "escalado_1": 0.800000011920929,
            "escalado_2": 0.800000011920929,
            "parametros_extra": {
                "SnapbackTimeAllowed": [
                    4.0,
                    4.0,
                    4.0,
                    4.0,
                    4.0,
                    4.0,
                    4.0
                ],
                "SnapbackDelay": [
                    0.20000000298023224,
                    0.20000000298023224,
                    0.20000000298023224,
                    0.20000000298023224,
                    0.20000000298023224,
                    0.20000000298023224,
                    0.20000000298023224
                ],
                "SnapbackQueueWindow": [
                    0.20000000298023224,
                    0.20000000298023224,
                    0.20000000298023224,
                    0.20000000298023224,
                    0.20000000298023224,
                    0.20000000298023224,
                    0.20000000298023224
                ],
                "SpellMaxRange": [
                    600.0,
                    600.0,
                    600.0,
                    600.0,
                    600.0,
                    600.0,
                    600.0
                ]
            }
        },
        "E": {
            "nombre": "LeblancEAbility/LeblancE",
            "cooldown": [
                14.0,
                14.0,
                13.25,
                12.5,
                11.75,
                11.0,
                11.0
            ],
            "costo_mana": [
                50.0,
                50.0,
                50.0,
                50.0,
                50.0,
                50.0
            ],
            "rango": [
                10000.0,
                10000.0,
                10000.0,
                10000.0,
                10000.0,
                10000.0,
                10000.0
            ],
            "daño_base": [
                30.0,
                50.0,
                70.0,
                90.0,
                110.0,
                130.0,
                150.0
            ],
            "escalado_1": 0.4000000059604645,
            "escalado_2": 0.4000000059604645,
            "parametros_extra": {
                "TetherDuration": [
                    1.5,
                    1.5,
                    1.5,
                    1.5,
                    1.5,
                    1.5,
                    1.5
                ],
                "RootDuration": [
                    1.5,
                    1.5,
                    1.5,
                    1.5,
                    1.5,
                    1.5,
                    1.5
                ],
                "TetherDistance": [
                    865.0,
                    865.0,
                    865.0,
                    865.0,
                    865.0,
                    865.0,
                    865.0
                ]
            }
        },
        "R": {
            "nombre": "LeblancRAbility/LeblancR",
            "cooldown": [
                45.0,
                45.0,
                35.0,
                25.0,
                25.0,
                25.0,
                25.0
            ],
            "costo_mana": [],
            "rango": [
                25000.0,
                25000.0,
                25000.0,
                25000.0,
                25000.0,
                25000.0,
                25000.0
            ],
            "daño_base": [
                0.0,
                70.0,
                140.0,
                210.0,
                280.0,
                350.0,
                420.0
            ],
            "escalado_1": 0.4000000059604645,
            "escalado_2": 0.4000000059604645,
            "parametros_extra": {
                "RQ1Base": [
                    0.0,
                    70.0,
                    140.0,
                    210.0,
                    280.0,
                    350.0,
                    420.0
                ],
                "RQ2Base": [
                    0.0,
                    140.0,
                    280.0,
                    420.0,
                    560.0,
                    700.0,
                    840.0
                ],
                "RWBase": [
                    0.0,
                    150.0,
                    300.0,
                    450.0,
                    600.0,
                    750.0,
                    900.0
                ],