{
    "nombre": "LeeSin",
    "stats_base": {
        "Vida": 645.0,
        "Vida_por_nivel": 108.0,
        "Regen_Vida": 1.5,
        "Regen_Vida_por_nivel": 0.14000000059604645,
        "Daño_Ataque": 66.0,
        "Daño_Ataque_por_nivel": 3.700000047683716,
        "Armadura": 36.0,
        "Armadura_por_nivel": 4.5,
        "Resistencia_Magica_por_nivel": 2.049999952316284,
        "Vel_Movimiento": 345.0,
        "Rango_Ataque": 125.0,
        "Vel_Ataque_base": 0.6510000228881836,
        "Vel_Ataque_ratio": 0.6510000228881836,
        "Vel_Ataque_por_nivel": 3.0,
        "Mana": 200.0,
        "Regen_Mana": 10.0
    },
    "habilidades": {
        "Q": {
            "nombre": "LeeSinQOneAbility/LeeSinQOne",
            "cooldown": [
                11.0,
                10.0,
                9.0,
                8.0,
                7.0,
                6.0,
                6.0
            ],
            "costo_mana": [
                50.0,
                50.0,
                50.0,
                50.0,
                50.0,
                50.0
            ],
            "rango": [
                1200.0,
                1200.0,
                1200.0,
                1200.0,
                1200.0,
                1200.0,
                1200.0
            ],
            "daño_base": [
                35.0,
                65.0,
                95.0,
                125.0,
                155.0,
                185.0,
                215.0
            ],
            "escalado_1": 0.949999988079071,
            "escalado_2": 2.0,
            "parametros_extra": {
                "Q2MaxMissingHealthMod": [
                    1.0,
                    1.0,
                    1.0,
                    1.0,
                    1.0,
                    1.0,
                    1.0
                ],
                "ReactivateTime": [
                    3.0,
                    3.0,
                    3.0,
                    3.0,
                    3.0,
                    3.0,
                    3.0
                ],
                "CherryBonusHaste": [
                    30.0,
                    30.0,
                    30.0,
                    30.0,
                    30.0,
                    30.0,
                    30.0
                ],
                "DashSpeed": [
                    1350.0,
                    1350.0,
                    1350.0,
                    1350.0,
                    1350.0,
                    1350.0,
                    1350.0
                ]
            }
        },
        "W": {
            "nombre": "LeeSinWOneAbility/LeeSinWOne",
            "cooldown": [
                12.0,
                12.0,
                12.0,
                12.0,
                12.0,
                12.0,
                12.0
            ],
            "costo_mana": [
                50.0,
                50.0,
                50.0,
                50.0,
                50.0,
                50.0
            ],
            "rango": [
                700.0,
                700.0,
                700.0,
                700.0,
                700.0,
                700.0,
                700.0
            ],
            "daño_base": [],
            "escalado_1": 0.800000011920929,
            "escalado_2": 0.0,
            "parametros_extra": {
                "LifestealAndSpellVamp": [
                    6.0,
                    10.0,
                    14.0,
                    18.0,
                    22.0,
                    26.0,
                    30.0
                ],
                "ShieldValue": [
                    25.0,
                    70.0,
                    115.0,
                    160.0,
                    205.0,
                    250.0,
                    295.0
                ],
                "ShieldDuration": [
                    2.0,
                    2.0,
                    2.0,
                    2.0,
                    2.0,
                    2.0,
                    2.0
                ],
                "DashSpeed": [
                    1350.0,
                    1350.0,
                    1350.0,
                    1350.0,
                    1350.0,
                    1350.0,
                    1350.0
                ],
                "W1ReactivateTime": [
                    3.0,
                    3.0,
                    3.0,
                    3.0,
                    3.0,
                    3.0,
                    3.0
                ],
                "W1CooldownRecovered": [
                    0.5,
                    0.5,
                    0.5,
                    0.5,
                    0.5,
                    0.5,
                    0.5
                ],
                "LifestealAndSpellVampTime": [
                    4.0,
                    4.0,
                    4.0,
                    4.0,
                    4.0,
                    4.0,
                    4.0
                ]
            }
        },
        "E": {
            "nombre": "LeeSinEOneAbility/LeeSinEOne",
            "cooldown": [
                8.0,
                8.0,
                8.0,
                8.0,
                8.0,
                8.0,
                8.0
            ],
            "costo_mana": [
                50.0,
                50.0,
                50.0,
                50.0,
                50.0,
                50.0
            ],
            "rango": [
                450.0,
                450.0,
                450.0,
                450.0,
                450.0,
                450.0,
                450.0
            ],
            "daño_base": [
                10.0,
                35.0,
                60.0,
                85.0,
                110.0,
                135.0,
                160.0
            ],
            "escalado_1": 1.0,
            "escalado_2": 0.0,
            "parametros_extra": {
                "SlowAmount": [
                    25.0,
                    35.0,
                    45.0,
                    55.0,
                    65.0,
                    75.0,
                    85.0
                ],
                "ReactivateTime": [
                    3.0,
                    3.0,
                    3.0,
                    3.0,
                    3.0,
                    3.0,
                    3.0
                ],
                "SlowDuration": [
                    4.0,
                    4.0,
                    4.0,
                    4.0,
                    4.0,
                    4.0,
                    4.0
                ]
            }
        },
        "R": {
            "nombre": "LeeSinRAbility/LeeSinR",
            "cooldown": [
                100.0,
                110.0,
                85.0,
                60.0,
                60.0,
                60.0,
                60.0
            ],
            "costo_mana": [],
            "rango": [
                375.0,
                375.0,
                375.0,
                375.0,
                375.0,
                375.0,
                375.0
            ],
            "daño_base": [
                -50.0,
                175.0,
                400.0,
                625.0,
                850.0,
                1075.0,
                1300.0
            ],
            "escalado_1": 0.0,
            "escalado_2": 0.5,
            "parametros_extra": {
                "PercentHPCarryThrough": [
                    12.0,
                    12.0,
                    15.0,
                    18.0,
                    21.0,
                    24.0,
                    27.0
                ],
                "KickDistance": [
                    800.0,
                    800.0,
                    800.0,
                    800.0,
                    800.0,
                    800.0,
                    800.0
                ]
            }
        }
    },