{
    "nombre": "Leona",
    "stats_base": {
        "Vida": 646.0,
        "Vida_por_nivel": 101.0,
        "Regen_Vida": 1.7000000476837158,
        "Regen_Vida_por_nivel": 0.17000000178813934,
        "Daño_Ataque": 60.0,
        "Daño_Ataque_por_nivel": 3.0,
        "Armadura": 43.0,
        "Armadura_por_nivel": 4.799999713897705,
        "Resistencia_Magica_por_nivel": 2.049999952316284,
        "Vel_Movimiento": 335.0,
        "Rango_Ataque": 125.0,
        "Vel_Ataque_base": 0.625,
        "Vel_Ataque_ratio": 0.625,
        "Vel_Ataque_por_nivel": 2.9000000953674316,
        "Mana": 302.0,
        "Mana_por_nivel": 40.0,
        "Regen_Mana": 1.2000000476837158,
        "Regen_Mana_por_nivel": 0.1599999964237213
    },
    "habilidades": {
        "Q": {
            "nombre": "LeonaShieldOfDaybreakAbility/LeonaShieldOfDaybreak",
            "cooldown": [
                5.0,
                5.0,
                5.0,
                5.0,
                5.0,
                5.0,
                5.0
            ],
            "costo_mana": [
                30.0,
                35.0,
                40.0,
                45.0,
                50.0,
                55.0
            ],
            "rango": [
                100.0,
                100.0,
                100.0,
                100.0,
                100.0,
                100.0,
                100.0
            ],
            "daño_base": [
                1.0,
                1.0,
                1.0,
                1.0,
                1.0,
                1.0,
                1.0
            ],
            "escalado_1": 0.30000001192092896,
            "escalado_2": 0.0
        },
        "W": {
            "nombre": "LeonaSolarBarrierAbility/LeonaSolarBarrier",
            "cooldown": [
                14.0,
                14.0,
                13.0,
                12.0,
                11.0,
                10.0,
                9.0
            ],
            "costo_mana": [
                60.0,
                60.0,
                60.0,
                60.0,
                60.0,
                60.0
            ],
            "rango": [
                25000.0,
                25000.0,
                25000.0,
                25000.0,
                25000.0,
                25000.0,
                25000.0
            ],
            "daño_base": [
                45.0,
                55.0,
                85.0,
                115.0,
                145.0,
                175.0,
                175.0
            ],
            "escalado_1": 0.4000000059604645,
            "escalado_2": 0.20000000298023224
        },
        "E": {
            "nombre": "LeonaZenithBladeAbility/LeonaZenithBlade",
            "cooldown": [
                13.0,
                12.0,
                10.5,
                9.0,
                7.5,
                6.0,
                6.0
            ],
            "costo_mana": [
                40.0,
                45.0,
                50.0,
                55.0,
                60.0,
                65.0
            ],
            "rango": [
                25000.0,
                25000.0,
                25000.0,
                25000.0,
                25000.0,
                25000.0,
                25000.0
            ],
            "daño_base": [
                10.0,
                50.0,
                90.0,
                130.0,
                170.0,
                210.0,
                250.0
            ],
            "escalado_1": 0.4000000059604645,
            "escalado_2": 0.0
        },
        "R": {
            "nombre": "LeonaSolarFlareAbility/LeonaSolarFlare",
            "cooldown": [
                90.0,
                90.0,
                75.0,
                60.0,
                90.0,
                90.0,
                150.0
            ],
            "costo_mana": [
                100.0,
                100.0,
                100.0,
                0.0,
                0.0,
                0.0
            ],
            "rango": [
                1200.0,
                1200.0,
                1200.0,
                1200.0,
                1200.0,
                1200.0,
                1200.0
            ],
            "daño_base": [
                20.0,
                30.0,
                40.0,
                50.0,
                60.0,
                70.0,
                80.0
            ],
            "escalado_1": 0.15000000596046448,
            "escalado_2": 0.15000000596046448,
            "parametros_extra": {
                "OnHitStacks": [
                    2.0,
                    3.0,
                    4.0,
                    5.0,
                    6.0,
                    7.0,
                    8.0
                ],
                "OnHitDuration": [
                    5.0,
                    5.0,
                    5.0,
                    5.0,
                    5.0,
                    5.0,
                    5.0
                ],
                "AttackRangeIncrease": [
                    100.0,
                    100.0,
                    100.0,
                    100.0,
                    100.0,
                    100.0,
                    100.0
                ],
                "SlowPercent": [
                    80.0,
                    80.0,
                    80.0,
                    80.0,
                    80.0,
                    80.0,
                    80.0
                ],
                "CCDuration": [
                    1.75,
                    1.75,
                    1.75,
                    1.75,
                    1.75,
                    1.75,
                    1.75
                ]
            }
        }
    },
    "pasiva": {
        "nombre": "LeonaSunlightPassiveAbility",
        "descripcion": "game_buff_tooltip_LeonaSunlightPassive"
    }
}