{
    "nombre": "Lillia",
    "stats_base": {
        "Vida": 605.0,
        "Vida_por_nivel": 105.0,
        "Regen_Vida": 0.5,
        "Regen_Vida_por_nivel": 0.10999999940395355,
        "Daño_Ataque": 61.0,
        "Daño_Ataque_por_nivel": 3.0999999046325684,
        "Armadura": 22.0,
        "Armadura_por_nivel": 4.5,
        "Resistencia_Magica_por_nivel": 1.5499999523162842,
        "Vel_Movimiento": 330.0,
        "Rango_Ataque": 325.0,
        "Vel_Ataque_base": 0.625,
        "Vel_Ataque_ratio": 0.625,
        "Vel_Ataque_por_nivel": 2.700000047683716,
        "Mana": 410.0,
        "Mana_por_nivel": 50.0,
        "Regen_Mana": 2.299999952316284,
        "Regen_Mana_por_nivel": 0.1899999976158142
    },
    "habilidades": {
        "Q": {
            "nombre": "LilliaQAbility/LilliaQ",
            "cooldown": [
                4.0,
                6.0,
                5.5,
                5.0,
                4.5,
                4.0,
                4.0
            ],
            "costo_mana": [
                65.0,
                65.0,
                65.0,
                65.0,
                65.0,
                65.0
            ],
            "rango": [
                500.0,
                500.0,
                500.0,
                500.0,
                500.0,
                500.0,
                500.0
            ],
            "daño_base": [
                25.0,
                35.0,
                45.0,
                55.0,
                65.0,
                75.0,
                85.0
            ],
            "escalado_1": 0.4000000059604645,
            "escalado_2": 1.0,
            "parametros_extra": {
                "MinimumRadius": [
                    225.0,
                    225.0,
                    225.0,
                    225.0,
                    225.0,
                    225.0,
                    225.0
                ],
                "MaximumRadius": [
                    485.0,
                    485.0,
                    485.0,
                    485.0,
                    485.0,
                    485.0,
                    485.0
                ],
                "PranceDuration": [
                    6.5,
                    6.5,
                    6.5,
                    6.5,
                    6.5,
                    6.5,
                    6.5
                ],
                "PranceMaxStacks": [
                    4.0,
                    4.0,
                    4.0,
                    4.0,
                    4.0,
                    4.0,
                    4.0
                ],
                "PranceFalloffTime": [
                    1.0,
                    1.0,
                    1.0,
                    1.0,
                    1.0,
                    1.0,
                    1.0
                ],
                "PranceBonusPerStack": [
                    0.019999999552965164,
                    0.029999999329447746,
                    0.03999999910593033,
                    0.05000000074505806,
                    0.05999999865889549,
                    0.07000000029802322,
                    0.07999999821186066
                ]
            }
        },
        "W": {
            "nombre": "LilliaWAbility/LilliaW",
            "cooldown": [
                18.0,
                14.0,
                13.0,
                12.0,
                11.0,
                10.0,
                9.0
            ],
            "costo_mana": [
                50.0,
                50.0,
                50.0,
                50.0,
                50.0,
                50.0
            ],
            "rango": [
                25000.0,
                25000.0,
                25000.0,
                25000.0,
                25000.0,
                25000.0,
                25000.0
            ],
            "daño_base": [
                60.0,
                80.0,
                100.0,
                120.0,
                140.0,
                160.0,
                180.0
            ],
            "escalado_1": 0.4000000059604645,
            "escalado_2": 1.0,
            "parametros_extra": {
                "MaximumDistance": [
                    700.0,
                    700.0,
                    700.0,
                    700.0,
                    700.0,
                    700.0,
                    700.0
                ],
                "MaxSpeed": [
                    500.0,
                    500.0,
                    500.0,
                    500.0,
                    500.0,
                    500.0,
                    500.0
                ],
                "MinimumDistance": [
                    500.0,
                    500.0,
                    500.0,
                    500.0,
                    500.0,
                    500.0,
                    500.0
                ],
                "LandingOffset": [
                    150.0,
                    150.0,
                    150.0,
                    150.0,
                    150.0,
                    150.0,
                    150.0
                ],
                "MaximumCastTime": [
                    0.75,
                    0.75,
                    0.75,
                    0.75,
                    0.75,
                    0.75,
                    0.75
                ],
                "MinimumCastTime": [
                    0.6000000238418579,
                    0.6000000238418579,
                    0.6000000238418579,
                    0.6000000238418579,
                    0.6000000238418579,
                    0.6000000238418579,
                    0.6000000238418579
                ],
                "MinimumRadius": [
                    250.0,
                    250.0,
                    250.0,
                    250.0,
                    250.0,
                    250.0,
                    250.0
                ],
                "SweetSpotRadius": [
                    65.0,
                    65.0,
                    65.0,
                    65.0,
                    65.0,
                    65.0,
                    65.0
                ],
                "SweetSpotBonus": [
                    3.0,
                    3.0,
                    3.0,
                    3.0,
                    3.0,
                    3.0,
                    3.0
                ],
                "AnimRangeCutoff": [
                    300.0,
                    300.0,
                    300.0,
                    300.0,
                    300.0,
                    300.0,
                    300.0
                ]
            }
        },
        "E": {
            "nombre": "LilliaEAbility/LilliaE",
            "cooldown": [
                12.0,
                12.0,
                12.0,
                12.0,
                12.0,
                12.0,
                12.0
            ],
            "costo_mana": [
                70.0,
                70.0,
                70.0,
                70.0,
                70.0,
                70.0
            ],
            "rango": [
                700.0,
                700.0,
                700.0,
                700.0,
                700.0,
                700.0,
                700.0
            ],
            "daño_base": [
                35.0,
                60.0,
                85.0,
                110.0,
                135.0,
                160.0,
                185.0
            ],
            "escalado_1": 0.5,
            "escalado_2": 0.5,
            "parametros_extra": {
                "SlowAmount": [
                    0.4000000059604645,
                    0.4000000059604645,
                    0.4000000059604645,
                    0.4000000059604645,
                    0.4000000059604645,
                    0.4000000059604645,
                    0.4000000059604645
                ],