{
    "nombre": "Lissandra",
    "stats_base": {
        "Vida": 620.0,
        "Vida_por_nivel": 110.0,
        "Regen_Vida": 1.399999976158142,
        "Regen_Vida_por_nivel": 0.10999999940395355,
        "Daño_Ataque": 55.0,
        "Daño_Ataque_por_nivel": 2.700000047683716,
        "Armadura": 22.0,
        "Armadura_por_nivel": 4.199999809265137,
        "Resistencia_Magica_por_nivel": 1.2999999523162842,
        "Vel_Movimiento": 325.0,
        "Rango_Ataque": 550.0,
        "Vel_Ataque_base": 0.656000018119812,
        "Vel_Ataque_ratio": 0.625,
        "Vel_Ataque_por_nivel": 1.5,
        "Mana": 475.0,
        "Mana_por_nivel": 30.0,
        "Regen_Mana": 1.600000023841858,
        "Regen_Mana_por_nivel": 0.07999999821186066
    },
    "habilidades": {
        "Q": {
            "nombre": "LissandraQAbility/LissandraQ",
            "cooldown": [
                8.0,
                7.0,
                6.0,
                5.0,
                4.0,
                3.0,
                3.0
            ],
            "costo_mana": [
                55.0,
                60.0,
                65.0,
                70.0,
                75.0,
                80.0
            ],
            "rango": [
                10000.0,
                10000.0,
                10000.0,
                10000.0,
                10000.0,
                10000.0,
                10000.0
            ],
            "daño_base": [],
            "escalado_1": 0.0,
            "escalado_2": 0.0,
            "parametros_extra": {
                "damage": [
                    45.0,
                    80.0,
                    115.0,
                    150.0,
                    185.0,
                    220.0,
                    255.0
                ],
                "slowDuration": [
                    1.5,
                    1.5,
                    1.5,
                    1.5,
                    1.5,
                    1.5,
                    1.5
                ],
                "slowPercentage": [
                    -0.1599999964237213,
                    -0.20000000298023224,
                    -0.23999999463558197,
                    -0.2800000011920929,
                    -0.3199999928474426,
                    -0.36000001430511475,
                    -0.4000000059604645
                ]
            }
        },
        "W": {
            "nombre": "LissandraWAbility/LissandraW",
            "cooldown": [
                10.0,
                10.0,
                9.5,
                9.0,
                8.5,
                8.0,
                8.0
            ],
            "costo_mana": [
                40.0,
                40.0,
                40.0,
                40.0,
                40.0,
                40.0
            ],
            "rango": [
                450.0,
                450.0,
                450.0,
                450.0,
                450.0,
                450.0,
                450.0
            ],
            "daño_base": [
                30.0,
                70.0,
                105.0,
                140.0,
                175.0,
                210.0,
                245.0
            ],
            "escalado_1": 0.699999988079071,
            "escalado_2": 0.0
        },
        "E": {
            "nombre": "LissandraEAbility/LissandraE",
            "cooldown": [
                27.0,
                24.0,
                21.0,
                18.0,
                15.0,
                12.0,
                12.0
            ],
            "costo_mana": [
                80.0,
                85.0,
                90.0,
                95.0,
                100.0,
                105.0
            ],
            "rango": [
                25000.0,
                25000.0,
                25000.0,
                25000.0,
                25000.0,
                25000.0,
                25000.0
            ],
            "daño_base": [
                25.0,
                70.0,
                105.0,
                140.0,
                175.0,
                210.0,
                245.0
            ],
            "escalado_1": 0.6000000238418579,
            "escalado_2": 0.0
        },
        "R": {
            "nombre": "LissandraRAbility/LissandraR",
            "cooldown": [
                10.0,
                120.0,
                100.0,
                80.0,
                10.0,
                10.0,
                10.0
            ],
            "costo_mana": [
                100.0,
                100.0,
                100.0,
                0.0,
                0.0,
                0.0
            ],
            "rango": [
                400.0,
                550.0,
                550.0,
                550.0,
                400.0,
                400.0,
                550.0
            ],
            "daño_base": [
                50.0,
                150.0,
                250.0,
                350.0,
                450.0,
                550.0,
                650.0
            ],
            "escalado_1": 0.75,
            "escalado_2": 0.75,
            "parametros_extra": {
                "SlowAmount": [
                    -0.30000001192092896,
                    -0.44999998807907104,
                    -0.6000000238418579,
                    -0.75,
                    -0.8999999761581421,
                    -1.0499999523162842,
                    -1.2000000476837158
                ],
                "SlowDuration": [
                    3.0,
                    3.0,
                    3.0,
                    3.0,
                    3.0,
                    3.0,
                    3.0
                ],
                "EnemyCastDuration": [
                    1.5,
                    1.5,
                    1.5,
                    1.5,
                    1.5,
                    1.5,
                    1.5
                ],
                "SelfCastDuration": [
                    2.5,
                    2.5,
                    2.5,
                    2.5,
                    2.5,
                    2.5,
                    2.5
                ],
                "SelfCastFlatHeal": [
                    50.0,
                    100.0,
                    150.0,
                    200.0,
                    250.0,
                    300.0,
                    350.0
                ],
                "SelfCastMissingHPRatio": [
                    1.0,
                    1.0,
                    1.0,
                    1.0,
                    1.0,
                    1.0,
                    1.0
                ],
                "SelfCastMissingHPPerAbove": [
                    1.0,
                    1.0,
                    1.0,
                    1.0,
                    1.0,
                    1.0,
                    1.0
                ],
                "StartingAoESize": [
                    292.0,
                    292.0,
                    292.0,
                    292.0,
                    292.0,
                    292.0,
                    292.0
                ],
                "PercentMissingHPRatio": [
                    0.550000011920929,
                    0.550000011920929,
                    0.550000011920929,
                    0.550000011920929,
                    0.550000011920929,
                    0.550000011920929,
                    0.550000011920929
                ]
            }
        }
    },
    "pasiva": {
        "nombre": "LissandraPassiveAbility",
        "descripcion": "game_buff_tooltip_LissandraPassive"
    }
}