{
    "nombre": "Lucian",
    "stats_base": {
        "Vida": 641.0,
        "Vida_por_nivel": 100.0,
        "Regen_Vida": 0.75,
        "Regen_Vida_por_nivel": 0.12999999523162842,
        "Daño_Ataque": 60.0,
        "Daño_Ataque_por_nivel": 2.5,
        "Armadura": 28.0,
        "Armadura_por_nivel": 4.199999809265137,
        "Resistencia_Magica_por_nivel": 1.2999999523162842,
        "Vel_Movimiento": 335.0,
        "Rango_Ataque": 500.0,
        "Vel_Ataque_base": 0.6380000114440918,
        "Vel_Ataque_ratio": 0.6380000114440918,
        "Vel_Ataque_por_nivel": 2.5,
        "Mana": 320.0,
        "Mana_por_nivel": 43.0,
        "Regen_Mana": 1.399999976158142,
        "Regen_Mana_por_nivel": 0.1599999964237213
    },
    "habilidades": {
        "Q": {
            "nombre": "LucianQAbility/LucianQ",
            "cooldown": [
                10.0,
                9.0,
                8.0,
                7.0,
                6.0,
                5.0,
                5.0
            ],
            "costo_mana": [
                48.0,
                56.0,
                64.0,
                72.0,
                80.0,
                90.0
            ],
            "rango": [
                500.0,
                500.0,
                500.0,
                500.0,
                500.0,
                500.0,
                500.0
            ],
            "daño_base": [
                45.0,
                80.0,
                115.0,
                150.0,
                185.0,
                220.0,
                255.0
            ],
            "escalado_1": 1.0,
            "escalado_2": 0.0,
            "parametros_extra": {
                "Range": [
                    1000.0,
                    1000.0,
                    1000.0,
                    1000.0,
                    1000.0,
                    1000.0,
                    1000.0
                ],
                "Width": [
                    100.0,
                    100.0,
                    100.0,
                    100.0,
                    100.0,
                    100.0,
                    100.0
                ]
            }
        },
        "W": {
            "nombre": "LucianWAbility/LucianW",
            "cooldown": [
                15.0,
                14.0,
                13.0,
                12.0,
                11.0,
                10.0,
                10.0
            ],
            "costo_mana": [
                60.0,
                60.0,
                60.0,
                60.0,
                60.0,
                60.0
            ],
            "rango": [
                25000.0,
                25000.0,
                25000.0,
                25000.0,
                25000.0,
                25000.0,
                25000.0
            ],
            "daño_base": [
                75.0,
                75.0,
                110.0,
                145.0,
                180.0,
                215.0,
                215.0
            ],
            "escalado_1": 0.8999999761581421,
            "escalado_2": 0.0
        },
        "E": {
            "nombre": "LucianEAbility/LucianE",
            "cooldown": [
                16.0,
                16.0,
                15.5,
                15.0,
                14.5,
                14.0,
                13.5
            ],
            "costo_mana": [
                32.0,
                24.0,
                16.0,
                8.0,
                0.0,
                0.0
            ],
            "rango": [
                25000.0,
                25000.0,
                25000.0,
                25000.0,
                25000.0,
                25000.0,
                25000.0
            ],
            "daño_base": [
                1.0,
                1.0,
                1.0,
                1.0,
                1.0,
                1.0,
                1.0
            ],
            "escalado_1": 0.6000000238418579,
            "escalado_2": 0.0
        },
        "R": {
            "nombre": "LucianRAbility/LucianR",
            "cooldown": [
                10.0,
                110.0,
                100.0,
                90.0,
                10.0,
                10.0,
                10.0
            ],
            "costo_mana": [
                100.0,
                100.0,
                100.0,
                0.0,
                0.0,
                0.0
            ],
            "rango": [
                10000.0,
                10000.0,
                10000.0,
                10000.0,
                10000.0,
                10000.0,
                10000.0
            ],
            "daño_base": [
                0.0,
                15.0,
                30.0,
                45.0,
                60.0,
                75.0,
                90.0
            ],
            "escalado_1": 0.25,
            "escalado_2": 0.15000000596046448,
            "parametros_extra": {
                "CritValueMod": [
                    1.0,
                    1.0,
                    1.0,
                    1.0,
                    1.0,
                    1.0,
                    1.0
                ],
                "NumShots": [
                    22.0,
                    22.0,
                    22.0,
                    22.0,
                    22.0,
                    22.0,
                    22.0
                ],
                "Duration": [
                    3.0,
                    3.0,
                    3.0,
                    3.0,
                    3.0,
                    3.0,
                    3.0
                ],
                "RecastLockout": [
                    0.75,
                    0.75,
                    0.75,
                    0.75,
                    0.75,
                    0.75,
                    0.75
                ],
                "RangeCheck": [
                    1050.0,
                    1050.0,
                    1050.0,
                    1050.0,
                    1050.0,
                    1050.0,
                    1050.0
                ]
            }
        }
    },
    "pasiva": {
        "nombre": "LucianPassiveAbility",
        "descripcion": "game_buff_tooltip_LucianPassive"
    }
}