{
    "nombre": "Lulu",
    "stats_base": {
        "Vida": 565.0,
        "Vida_por_nivel": 92.0,
        "Regen_Vida": 1.2000000476837158,
        "Regen_Vida_por_nivel": 0.11999999731779099,
        "Daño_Ataque": 47.0,
        "Daño_Ataque_por_nivel": 2.5999999046325684,
        "Armadura": 26.0,
        "Armadura_por_nivel": 4.599999904632568,
        "Resistencia_Magica_por_nivel": 1.2999999523162842,
        "Vel_Movimiento": 330.0,
        "Rango_Ataque": 550.0,
        "Vel_Ataque_base": 0.625,
        "Vel_Ataque_ratio": 0.625,
        "Vel_Ataque_por_nivel": 2.25,
        "Mana": 350.0,
        "Mana_por_nivel": 55.0,
        "Regen_Mana": 2.200000047683716,
        "Regen_Mana_por_nivel": 0.11999999731779099
    },
    "habilidades": {
        "Q": {
            "nombre": "LuluQAbility/LuluQ",
            "cooldown": [
                7.0,
                7.0,
                7.0,
                7.0,
                7.0,
                7.0,
                7.0
            ],
            "costo_mana": [
                50.0,
                55.0,
                60.0,
                65.0,
                70.0,
                75.0
            ],
            "rango": [
                25000.0,
                25000.0,
                25000.0,
                25000.0,
                25000.0,
                25000.0,
                25000.0
            ],
            "daño_base": [
                25.0,
                60.0,
                95.0,
                130.0,
                165.0,
                200.0,
                235.0
            ],
            "escalado_1": 0.5,
            "escalado_2": 0.5,
            "parametros_extra": {
                "MinionMod": [
                    0.699999988079071,
                    0.699999988079071,
                    0.699999988079071,
                    0.699999988079071,
                    0.699999988079071,
                    0.699999988079071,
                    0.699999988079071
                ],
                "DoubleHitBonus": [
                    0.5,
                    0.5,
                    0.5,
                    0.5,
                    0.5,
                    0.5,
                    0.5
                ],
                "SlowAmount": [
                    -0.800000011920929,
                    -0.800000011920929,
                    -0.800000011920929,
                    -0.800000011920929,
                    -0.800000011920929,
                    -0.800000011920929,
                    -0.800000011920929
                ],
                "SlowDuration": [
                    2.0,
                    2.0,
                    2.0,
                    2.0,
                    2.0,
                    2.0,
                    2.0
                ],
                "SlowDecayTicks": [
                    8.0,
                    8.0,
                    8.0,
                    8.0,
                    8.0,
                    8.0,
                    8.0
                ]
            }
        },
        "W": {
            "nombre": "LuluWAbility/LuluW",
            "cooldown": [
                18.0,
                18.0,
                18.0,
                18.0,
                18.0,
                18.0,
                18.0
            ],
            "costo_mana": [
                65.0,
                65.0,
                65.0,
                65.0,
                65.0,
                65.0
            ],
            "rango": [
                650.0,
                650.0,
                650.0,
                650.0,
                650.0,
                650.0,
                650.0
            ],
            "daño_base": [
                0.25,
                0.25,
                0.25,
                0.25,
                0.25,
                0.25,
                0.25
            ],
            "escalado_1": 0.6000000238418579,
            "escalado_2": 0.05000000074505806
        },
        "E": {
            "nombre": "LuluEAbility/LuluE",
            "cooldown": [
                10.0,
                10.0,
                9.5,
                9.0,
                8.5,
                8.0,
                7.5
            ],
            "costo_mana": [
                60.0,
                65.0,
                70.0,
                75.0,
                80.0,
                85.0
            ],
            "rango": [
                650.0,
                650.0,
                650.0,
                650.0,
                650.0,
                650.0,
                650.0
            ],
            "daño_base": [
                6.0,
                6.0,
                6.0,
                6.0,
                6.0,
                6.0,
                6.0
            ],
            "escalado_1": 0.5,
            "escalado_2": 0.5,
            "parametros_extra": {
                "BaseShield": [
                    30.0,
                    70.0,
                    110.0,
                    150.0,
                    190.0,
                    230.0,
                    270.0
                ],
                "ShieldDuration": [
                    2.5,
                    2.5,
                    2.5,
                    2.5,
                    2.5,
                    2.5,
                    2.5
                ]
            }
        },
        "R": {
            "nombre": "LuluRAbility/LuluR",
            "cooldown": [
                130.0,
                120.0,
                100.0,
                80.0,
                60.0,
                40.0,
                20.0
            ],
            "costo_mana": [
                100.0,
                100.0,
                100.0,
                100.0,
                100.0,
                0.0
            ],
            "rango": [
                900.0,
                900.0,
                900.0,
                900.0,
                900.0,
                900.0,
                900.0
            ],
            "daño_base": [],
            "escalado_1": 0.550000011920929,
            "escalado_2": 0.0,
            "parametros_extra": {
                "BonusHealth": [
                    125.0,
                    275.0,
                    425.0,
                    575.0,
                    725.0,
                    875.0,
                    1025.0
                ],
                "SlowPercent": [
                    15.0,
                    30.0,
                    45.0,
                    60.0,
                    75.0,
                    90.0,
                    105.0
                ],
                "BuffDuration": [
                    7.0,
                    7.0,
                    7.0,
                    7.0,
                    7.0,
                    7.0,
                    7.0
                ],
                "AoERadius": [
                    400.0,
                    400.0,
                    400.0,
                    400.0,
                    400.0,
                    400.0,
                    400.0
                ],
                "KnockbackDuration": [
                    1.0,
                    1.0,
                    1.0,
                    1.0,
                    1.0,
                    1.0,
                    1.0
                ],
                "KnockbackDistance": [
                    275.0,
                    275.0,
                    275.0,
                    275.0,
                    275.0,
                    275.0,
                    275.0
                ]
            }
        }
    },
    "pasiva": {
        "nombre": "LuluPassiveAbility",
        "descripcion": "game_buff_tooltip_LuluPassive"
    }
}