{
    "nombre": "Lux",
    "stats_base": {
        "Vida": 580.0,
        "Vida_por_nivel": 99.0,
        "Regen_Vida": 1.100000023841858,
        "Regen_Vida_por_nivel": 0.10999999940395355,
        "Daño_Ataque": 54.0,
        "Daño_Ataque_por_nivel": 3.299999952316284,
        "Armadura": 21.0,
        "Armadura_por_nivel": 5.199999809265137,
        "Resistencia_Magica_por_nivel": 1.2999999523162842,
        "Vel_Movimiento": 330.0,
        "Rango_Ataque": 550.0,
        "Vel_Ataque_base": 0.6690000295639038,
        "Vel_Ataque_ratio": 0.625,
        "Vel_Ataque_por_nivel": 3.0,
        "Mana": 440.0,
        "Mana_por_nivel": 23.5,
        "Regen_Mana": 1.7999999523162842,
        "Regen_Mana_por_nivel": 0.1599999964237213
    },
    "habilidades": {
        "Q": {
            "nombre": "LuxLightBindingAbility/LuxLightBinding",
            "cooldown": [],
            "costo_mana": [
                50.0,
                50.0,
                50.0,
                50.0,
                50.0,
                50.0
            ],
            "rango": [
                10000.0,
                10000.0,
                10000.0,
                10000.0,
                10000.0,
                10000.0,
                10000.0
            ],
            "daño_base": [
                40.0,
                80.0,
                120.0,
                160.0,
                200.0,
                240.0,
                280.0
            ],
            "escalado_1": 0.75,
            "escalado_2": 0.75,
            "parametros_extra": {
                "RootDuration": [
                    2.0,
                    2.0,
                    2.0,
                    2.0,
                    2.0,
                    2.0,
                    2.0
                ]
            }
        },
        "W": {
            "nombre": "LuxPrismaticWaveAbility/LuxPrismaticWave",
            "cooldown": [
                12.0,
                12.0,
                11.5,
                11.0,
                10.5,
                10.0,
                9.5
            ],
            "costo_mana": [
                60.0,
                65.0,
                70.0,
                75.0,
                80.0,
                85.0
            ],
            "rango": [
                10000.0,
                10000.0,
                10000.0,
                10000.0,
                10000.0,
                10000.0,
                10000.0
            ],
            "daño_base": [
                0.0,
                2.0,
                4.0,
                6.0,
                8.0,
                10.0,
                12.0
            ],
            "escalado_1": 0.4000000059604645,
            "escalado_2": 0.4000000059604645,
            "parametros_extra": {
                "BaseShieldAmount": [
                    25.0,
                    40.0,
                    55.0,
                    70.0,
                    85.0,
                    100.0,
                    115.0
                ],
                "ShieldDuration": [
                    2.5,
                    2.5,
                    2.5,
                    2.5,
                    2.5,
                    2.5,
                    2.5
                ]
            }
        },
        "E": {
            "nombre": "LuxLightStrikeKugelAbility/LuxLightStrikeKugel",
            "cooldown": [
                10.0,
                10.0,
                9.5,
                9.0,
                8.5,
                8.0,
                8.0
            ],
            "costo_mana": [
                70.0,
                80.0,
                90.0,
                100.0,
                110.0,
                110.0
            ],
            "rango": [
                1100.0,
                1100.0,
                1100.0,
                1100.0,
                1100.0,
                1100.0,
                1100.0
            ],
            "daño_base": [
                20.0,
                25.0,
                30.0,
                35.0,
                40.0,
                45.0,
                50.0
            ],
            "escalado_1": 0.800000011920929,
            "escalado_2": 0.0,
            "parametros_extra": {
                "VisionRadius": [
                    650.0,
                    650.0,
                    650.0,
                    650.0,
                    650.0,
                    650.0,
                    650.0
                ],
                "SlowLingerDuration": [
                    1.0,
                    1.0,
                    1.0,
                    1.0,
                    1.0,
                    1.0,
                    1.0
                ],
                "SlowPercent": [
                    20.0,
                    25.0,
                    30.0,
                    35.0,
                    40.0,
                    45.0,
                    50.0
                ],
                "SlowZoneDuration": [
                    5.0,
                    5.0,
                    5.0,
                    5.0,
                    5.0,
                    5.0,
                    5.0
                ]
            }
        },
        "R": {
            "nombre": "LuxRAbility/LuxR",
            "cooldown": [
                60.0,
                60.0,
                50.0,
                40.0,
                40.0,
                40.0,
                30.0
            ],
            "costo_mana": [
                100.0,
                100.0,
                100.0,
                100.0,
                100.0,
                100.0
            ],
            "rango": [
                25000.0,
                25000.0,
                25000.0,
                25000.0,
                25000.0,
                25000.0,
                25000.0
            ],
            "daño_base": [
                200.0,
                300.0,
                400.0,
                500.0,
                600.0,
                700.0,
                800.0
            ],
            "escalado_1": 0.0,
            "escalado_2": 0.0,
            "parametros_extra": {
                "ResetPercent": [
                    0.20000000298023224,
                    0.30000001192092896,
                    0.4000000059604645,
                    0.5,
                    0.6000000238418579,
                    0.699999988079071,
                    0.800000011920929
                ],
                "ResetAssistWindow": [
                    1.75,
                    1.75,
                    1.75,
                    1.75,
                    1.75,
                    1.75,
                    1.75
                ]
            }
        }
    },
    "pasiva": {
        "nombre": "LuxIlluminationPassiveAbility",
        "descripcion": "game_buff_tooltip_LuxIlluminationPassive"
    }
}