{
    "nombre": "Malphite",
    "stats_base": {
        "Vida": 665.0,
        "Vida_por_nivel": 104.0,
        "Regen_Vida": 1.399999976158142,
        "Regen_Vida_por_nivel": 0.10999999940395355,
        "Daño_Ataque": 62.0,
        "Daño_Ataque_por_nivel": 4.0,
        "Armadura": 40.0,
        "Armadura_por_nivel": 4.949999809265137,
        "Resistencia_Magica_por_nivel": 2.049999952316284,
        "Vel_Movimiento": 335.0,
        "Rango_Ataque": 125.0,
        "Vel_Ataque_base": 0.7360000014305115,
        "Vel_Ataque_ratio": 0.6380000114440918,
        "Vel_Ataque_por_nivel": 3.4000000953674316,
        "Mana": 280.0,
        "Mana_por_nivel": 60.0,
        "Regen_Mana": 1.4600000381469727,
        "Regen_Mana_por_nivel": 0.10999999940395355
    },
    "habilidades": {
        "Q": {
            "nombre": "SeismicShardAbility/SeismicShard",
            "cooldown": [
                8.0,
                8.0,
                8.0,
                8.0,
                8.0,
                8.0,
                8.0
            ],
            "costo_mana": [
                70.0,
                75.0,
                80.0,
                85.0,
                90.0,
                95.0
            ],
            "rango": [
                625.0,
                625.0,
                625.0,
                625.0,
                625.0,
                625.0,
                625.0
            ],
            "daño_base": [
                20.0,
                70.0,
                120.0,
                170.0,
                220.0,
                270.0,
                320.0
            ],
            "escalado_1": 0.6000000238418579,
            "escalado_2": 0.0,
            "parametros_extra": {
                "SpeedSteal": [
                    10.0,
                    15.0,
                    20.0,
                    25.0,
                    30.0,
                    35.0,
                    40.0
                ],
                "SlowDuration": [
                    3.0,
                    3.0,
                    3.0,
                    3.0,
                    3.0,
                    3.0,
                    3.0
                ]
            }
        },
        "W": {
            "nombre": "ObduracyAbility/Obduracy",
            "cooldown": [
                10.0,
                10.0,
                9.5,
                9.0,
                8.5,
                8.0,
                8.0
            ],
            "costo_mana": [
                30.0,
                35.0,
                40.0,
                45.0,
                50.0,
                55.0
            ],
            "rango": [],
            "daño_base": [
                20.0,
                30.0,
                40.0,
                50.0,
                60.0,
                70.0,
                80.0
            ],
            "escalado_1": 0.20000000298023224,
            "escalado_2": 0.20000000298023224,
            "parametros_extra": {
                "ThunderclapBuffDuration": [
                    5.0,
                    5.0,
                    5.0,
                    5.0,
                    5.0,
                    5.0,
                    5.0
                ],
                "ThunderclapSplashAP": [
                    0.30000001192092896,
                    0.30000001192092896,
                    0.30000001192092896,
                    0.30000001192092896,
                    0.30000001192092896,
                    0.30000001192092896,
                    0.30000001192092896
                ],
                "ThunderclapSplashArmor": [
                    0.15000000596046448,
                    0.15000000596046448,
                    0.15000000596046448,
                    0.15000000596046448,
                    0.15000000596046448,
                    0.15000000596046448,
                    0.15000000596046448
                ],
                "BonusArmorPassive": [
                    0.05000000074505806,
                    0.10000000149011612,
                    0.15000000596046448,
                    0.20000000298023224,
                    0.25,
                    0.30000001192092896,
                    0.3499999940395355
                ],
                "BonusArmorPassiveMultiplier": [
                    3.0,
                    3.0,
                    3.0,
                    3.0,
                    3.0,
                    3.0,
                    3.0
                ],
                "ThunderClapSplashRange": [
                    400.0,
                    400.0,
                    400.0,
                    400.0,
                    400.0,
                    400.0,
                    400.0
                ]
            }
        },
        "E": {
            "nombre": "LandslideAbility/Landslide",
            "cooldown": [
                7.0,
                7.0,
                7.0,
                7.0,
                7.0,
                7.0,
                7.0
            ],
            "costo_mana": [
                50.0,
                55.0,
                60.0,
                65.0,
                70.0,
                75.0
            ],
            "rango": [],
            "daño_base": [
                25.0,
                60.0,
                95.0,
                130.0,
                165.0,
                200.0,
                235.0
            ],
            "escalado_1": 0.0,
            "escalado_2": 0.0,
            "parametros_extra": {
                "ASReduction": [
                    25.0,
                    30.0,
                    35.0,
                    40.0,
                    45.0,
                    50.0,
                    55.0
                ],
                "Duration": [
                    3.0,
                    3.0,
                    3.0,
                    3.0,
                    3.0,
                    3.0,
                    3.0
                ]
            }
        },
        "R": {
            "nombre": "UFSlashAbility/UFSlash",
            "cooldown": [
                130.0,
                130.0,
                115.0,
                100.0,
                100.0,
                100.0,
                100.0
            ],
            "costo_mana": [
                100.0,
                100.0,
                100.0,
                0.0,
                0.0,
                0.0
            ],
            "rango": [
                1000.0,
                1000.0,
                1000.0,
                1000.0,
                1000.0,
                1000.0,
                1000.0
            ],
            "daño_base": [
                0.0,
                1.5,
                1.75,
                2.0,
                0.0,
                0.0,
                0.0
            ],
            "escalado_1": 0.0,
            "escalado_2": 0.0,
            "parametros_extra": {
                "KnockupDuration": [
                    1.5,
                    1.5,
                    1.5,
                    1.5,
                    1.5,
                    1.5,
                    1.5
                ]
            }
        }
    },
    "pasiva": {
        "nombre": "MalphiteShieldAbility",
        "descripcion": "game_buff_tooltip_MalphiteShield"
    }
}