{
    "nombre": "Malzahar",
    "stats_base": {
        "Vida": 580.0,
        "Vida_por_nivel": 101.0,
        "Regen_Vida": 1.2000000476837158,
        "Regen_Vida_por_nivel": 0.11999999731779099,
        "Daño_Ataque": 55.0,
        "Daño_Ataque_por_nivel": 3.0,
        "Armadura": 18.0,
        "Armadura_por_nivel": 4.699999809265137,
        "Resistencia_Magica_por_nivel": 1.2999999523162842,
        "Vel_Movimiento": 335.0,
        "Rango_Ataque": 500.0,
        "Vel_Ataque_base": 0.625,
        "Vel_Ataque_ratio": 0.625,
        "Vel_Ataque_por_nivel": 1.5,
        "Mana": 375.0,
        "Mana_por_nivel": 28.0,
        "Regen_Mana": 1.600000023841858,
        "Regen_Mana_por_nivel": 0.1599999964237213
    },
    "habilidades": {
        "Q": {
            "nombre": "MalzaharQAbility/MalzaharQ",
            "cooldown": [
                6.0,
                6.0,
                6.0,
                6.0,
                6.0,
                6.0,
                6.0
            ],
            "costo_mana": [
                60.0,
                65.0,
                70.0,
                75.0,
                80.0,
                80.0
            ],
            "rango": [
                900.0,
                900.0,
                900.0,
                900.0,
                900.0,
                900.0,
                900.0
            ],
            "daño_base": [
                70.0,
                70.0,
                105.0,
                140.0,
                175.0,
                210.0,
                245.0
            ],
            "escalado_1": 0.550000011920929,
            "escalado_2": 0.0,
            "parametros_extra": {
                "SilenceDuration": [
                    1.0,
                    1.0,
                    1.25,
                    1.5,
                    1.75,
                    2.0,
                    2.25
                ],
                "DelayPostCast": [
                    0.4000000059604645,
                    0.4000000059604645,
                    0.4000000059604645,
                    0.4000000059604645,
                    0.4000000059604645,
                    0.4000000059604645,
                    0.4000000059604645
                ]
            }
        },
        "W": {
            "nombre": "MalzaharWAbility/MalzaharW",
            "cooldown": [
                8.0,
                8.0,
                8.0,
                8.0,
                8.0,
                8.0,
                8.0
            ],
            "costo_mana": [
                40.0,
                45.0,
                50.0,
                55.0,
                60.0,
                60.0
            ],
            "rango": [
                25000.0,
                25000.0,
                25000.0,
                25000.0,
                25000.0,
                25000.0,
                25000.0
            ],
            "daño_base": [
                10.0,
                12.0,
                14.0,
                16.0,
                18.0,
                20.0,
                22.0
            ],
            "escalado_1": 0.4000000059604645,
            "escalado_2": 0.20000000298023224,
            "parametros_extra": {
                "VoidlingDuration": [
                    8.0,
                    8.0,
                    8.0,
                    9.0,
                    9.0,
                    10.0,
                    8.0
                ],
                "LaneMinionMod": [
                    3.0,
                    3.0,
                    3.0,
                    3.0,
                    3.0,
                    3.0,
                    3.0
                ],
                "EpicMonsterMod": [
                    0.5,
                    0.5,
                    0.5,
                    0.5,
                    0.5,
                    0.5,
                    0.5
                ],
                "StackCap": [
                    2.0,
                    2.0,
                    2.0,
                    2.0,
                    2.0,
                    2.0,
                    2.0
                ],
                "SummonDelay": [
                    0.5,
                    0.5,
                    0.5,
                    0.5,
                    0.5,
                    0.5,
                    0.5
                ],
                "StackDuration": [
                    25000.0,
                    25000.0,
                    25000.0,
                    25000.0,
                    25000.0,
                    25000.0,
                    25000.0
                ],
                "MaxStacks": [
                    2.0,
                    2.0,
                    2.0,
                    2.0,
                    2.0,
                    2.0,
                    2.0
                ]
            }
        },
        "E": {
            "nombre": "MalzaharEAbility/MalzaharE",
            "cooldown": [
                11.0,
                11.0,
                10.0,
                9.0,
                8.0,
                7.0,
                7.0
            ],
            "costo_mana": [
                60.0,
                70.0,
                80.0,
                90.0,
                100.0,
                110.0
            ],
            "rango": [
                650.0,
                650.0,
                650.0,
                650.0,
                650.0,
                650.0,
                650.0
            ],
            "daño_base": [
                45.0,
                80.0,
                115.0,
                150.0,
                185.0,
                220.0,
                255.0
            ],
            "escalado_1": 0.800000011920929,
            "escalado_2": 0.0,
            "parametros_extra": {
                "SecondsPerTick": [
                    0.25,
                    0.25,
                    0.25,
                    0.25,
                    0.25,
                    0.25,
                    0.25
                ],
                "Duration": [
                    4.0,
                    4.0,
                    4.0,
                    4.0,
                    4.0,
                    4.0,
                    4.0
                ]
            }
        },
        "R": {
            "nombre": "MalzaharRAbility/MalzaharR",
            "cooldown": [
                140.0,
                140.0,
                110.0,
                80.0,
                80.0,
                80.0,
                80.0
            ],
            "costo_mana": [
                100.0,
                100.0,
                100.0,
                100.0,
                100.0,
                100.0
            ],
            "rango": [
                700.0,
                700.0,
                700.0,
                700.0,
                700.0,
                700.0,
                700.0
            ],
            "daño_base": [
                50.0,
                125.0,
                200.0,
                275.0,
                350.0,
                425.0,
                500.0
            ],
            "escalado_1": 0.800000011920929,
            "escalado_2": 0.800000011920929,
            "parametros_extra": {
                "SuppressDuration": [
                    2.5,
                    2.5,
                    2.5,
                    2.5,
                    2.5,
                    2.5,
                    2.5
                ],
                "ZoneDuration": [
                    5.0,
                    5.0,
                    5.0,
                    5.0,
                    5.0,
                    5.0,
                    5.0
                ],