{
    "nombre": "Maokai",
    "stats_base": {
        "Vida": 665.0,
        "Vida_por_nivel": 109.0,
        "Regen_Vida_por_nivel": 0.15000000596046448,
        "Daño_Ataque": 64.0,
        "Daño_Ataque_por_nivel": 3.299999952316284,
        "Armadura": 35.0,
        "Armadura_por_nivel": 5.199999809265137,
        "Resistencia_Magica_por_nivel": 2.049999952316284,
        "Vel_Movimiento": 335.0,
        "Rango_Ataque": 125.0,
        "Vel_Ataque_base": 0.800000011920929,
        "Vel_Ataque_ratio": 0.6949999928474426,
        "Vel_Ataque_por_nivel": 2.125,
        "Mana": 375.0,
        "Mana_por_nivel": 43.0,
        "Regen_Mana": 1.2000000476837158,
        "Regen_Mana_por_nivel": 0.11999999731779099
    },
    "habilidades": {
        "Q": {
            "nombre": "MaokaiQAbility/MaokaiQ",
            "cooldown": [
                7.0,
                7.0,
                6.5,
                6.0,
                5.5,
                5.0,
                5.0
            ],
            "costo_mana": [
                40.0,
                40.0,
                40.0,
                40.0,
                40.0,
                40.0
            ],
            "rango": [
                25000.0,
                25000.0,
                25000.0,
                25000.0,
                25000.0,
                25000.0,
                25000.0
            ],
            "daño_base": [
                30.0,
                75.0,
                120.0,
                165.0,
                210.0,
                255.0,
                300.0
            ],
            "escalado_1": 0.4000000059604645,
            "escalado_2": 0.4000000059604645,
            "parametros_extra": {
                "SlowAmount": [
                    0.9900000095367432,
                    0.9900000095367432,
                    0.9900000095367432,
                    0.9900000095367432,
                    0.9900000095367432,
                    0.9900000095367432,
                    0.9900000095367432
                ],
                "SlowDuration": [
                    0.25,
                    0.25,
                    0.25,
                    0.25,
                    0.25,
                    0.25,
                    0.25
                ],
                "LolipopRadius": [
                    325.0,
                    325.0,
                    325.0,
                    325.0,
                    325.0,
                    325.0,
                    325.0
                ],
                "KnockbackSpeed": [
                    950.0,
                    950.0,
                    950.0,
                    950.0,
                    950.0,
                    950.0,
                    950.0
                ],
                "KnockbackDistance": [
                    400.0,
                    400.0,
                    400.0,
                    400.0,
                    400.0,
                    400.0,
                    400.0
                ],
                "BasePercentHealth": [
                    0.014999999664723873,
                    0.019999999552965164,
                    0.02500000037252903,
                    0.029999999329447746,
                    0.03500000014901161,
                    0.03999999910593033,
                    0.04500000178813934
                ],
                "NonChampMax": [
                    9999.0,
                    9999.0,
                    9999.0,
                    9999.0,
                    9999.0,
                    9999.0,
                    9999.0
                ]
            }
        },
        "W": {
            "nombre": "MaokaiWAbility/MaokaiW",
            "cooldown": [
                14.0,
                14.0,
                13.0,
                12.0,
                11.0,
                10.0,
                10.0
            ],
            "costo_mana": [
                60.0,
                60.0,
                60.0,
                60.0,
                60.0,
                60.0
            ],
            "rango": [
                525.0,
                525.0,
                525.0,
                525.0,
                525.0,
                525.0,
                525.0
            ],
            "daño_base": [
                45.0,
                60.0,
                85.0,
                110.0,
                135.0,
                160.0,
                185.0
            ],
            "escalado_1": 0.0,
            "escalado_2": 0.0,
            "parametros_extra": {
                "RootDuration": [
                    0.8999999761581421,
                    1.0,
                    1.100000023841858,
                    1.2000000476837158,
                    1.2999999523162842,
                    1.399999976158142,
                    1.5
                ],
                "DashSpeed": [
                    1300.0,
                    1300.0,
                    1300.0,
                    1300.0,
                    1300.0,
                    1300.0,
                    1300.0
                ]
            }
        },
        "E": {
            "nombre": "MaokaiEAbility/MaokaiE",
            "cooldown": [
                18.0,
                18.0,
                17.0,
                16.0,
                15.0,
                14.0,
                14.0
            ],
            "costo_mana": [
                60.0,
                65.0,
                70.0,
                75.0,
                80.0,
                80.0
            ],
            "rango": [
                1100.0,
                1100.0,
                1100.0,
                1100.0,
                1100.0,
                1100.0,
                1100.0
            ],
            "daño_base": [
                25.0,
                50.0,
                75.0,
                100.0,
                125.0,
                150.0,
                175.0
            ],
            "escalado_1": 0.25,
            "escalado_2": 0.25,
            "parametros_extra": {
                "SaplingDuration": [
                    30.0,
                    30.0,
                    30.0,
                    30.0,
                    30.0,
                    30.0,
                    30.0
                ],
                "GrowthDuration": [
                    0.5,
                    0.5,
                    0.5,
                    0.5,
                    0.5,
                    0.5,
                    0.5
                ],
                "SlowAmount": [
                    0.44999998807907104,
                    0.44999998807907104,
                    0.44999998807907104,
                    0.44999998807907104,
                    0.44999998807907104,
                    0.44999998807907104,
                    0.44999998807907104
                ],
                "SlowDuration": [
                    2.0,
                    2.0,
                    2.0,
                    2.0,
                    2.0,
                    2.0,
                    2.0
                ],
                "EmpoweredDoTDuration": [
                    2.0,
                    2.0,
                    2.0,
                    2.0,
                    2.0,
                    2.0,
                    2.0
                ],
                "SaplingDetectionRadius": [
                    550.0,
                    550.0,
                    550.0,
                    550.0,
                    550.0,
                    550.0,
                    550.0
                ],
                "BaseEmpoweredSlowAmount": [
                    0.44999998807907104,
                    0.44999998807907104,
                    0.44999998807907104,
                    0.44999998807907104,
                    0.44999998807907104,
                    0.44999998807907104,
                    0.44999998807907104
                ],