{
    "nombre": "MasterYi",
    "stats_base": {
        "Vida": 640.0,
        "Vida_por_nivel": 105.0,
        "Regen_Vida": 1.5,
        "Regen_Vida_por_nivel": 0.12999999523162842,
        "Daño_Ataque": 65.0,
        "Daño_Ataque_por_nivel": 2.5,
        "Armadura": 33.0,
        "Armadura_por_nivel": 4.5,
        "Resistencia_Magica_por_nivel": 2.049999952316284,
        "Vel_Movimiento": 355.0,
        "Rango_Ataque": 175.0,
        "Vel_Ataque_base": 0.6790000200271606,
        "Vel_Ataque_ratio": 0.6790000200271606,
        "Vel_Ataque_por_nivel": 2.5,
        "Mana": 251.0,
        "Mana_por_nivel": 42.0,
        "Regen_Mana": 1.4500000476837158,
        "Regen_Mana_por_nivel": 0.09000000357627869
    },
    "habilidades": {
        "Q": {
            "nombre": "AlphaStrikeAbility/AlphaStrike",
            "cooldown": [
                20.5,
                20.0,
                19.5,
                19.0,
                18.5,
                18.0,
                17.5
            ],
            "costo_mana": [
                50.0,
                55.0,
                60.0,
                65.0,
                70.0,
                75.0
            ],
            "rango": [
                600.0,
                600.0,
                600.0,
                600.0,
                600.0,
                600.0,
                600.0
            ],
            "daño_base": [
                0.0,
                20.0,
                40.0,
                60.0,
                80.0,
                100.0,
                120.0
            ],
            "escalado_1": 0.0,
            "escalado_2": 0.0,
            "parametros_extra": {
                "SubsequentHitMultiplier": [
                    0.25,
                    0.25,
                    0.25,
                    0.25,
                    0.25,
                    0.25,
                    0.25
                ],
                "BaseBasicAttackCDR": [
                    1.0,
                    1.0,
                    1.0,
                    1.0,
                    1.0,
                    1.0,
                    1.0
                ],
                "AlphaStrikeBounces": [
                    4.0,
                    4.0,
                    4.0,
                    4.0,
                    4.0,
                    4.0,
                    4.0
                ],
                "BaseOnHitMultiplier": [
                    0.75,
                    0.75,
                    0.75,
                    0.75,
                    0.75,
                    0.75,
                    0.75
                ]
            }
        },
        "W": {
            "nombre": "MeditateAbility/Meditate",
            "cooldown": [],
            "costo_mana": [
                40.0,
                40.0,
                40.0,
                40.0,
                40.0,
                40.0
            ],
            "rango": [
                20.0,
                20.0,
                20.0,
                20.0,
                20.0,
                20.0,
                20.0
            ],
            "daño_base": [
                0.42500001192092896,
                0.44999998807907104,
                0.4749999940395355,
                0.5,
                0.5249999761581421,
                0.550000011920929,
                0.574999988079071
            ],
            "escalado_1": 1.0,
            "escalado_2": 0.0,
            "parametros_extra": {
                "BaseHeal": [
                    40.0,
                    120.0,
                    200.0,
                    280.0,
                    360.0,
                    440.0,
                    520.0
                ],
                "HealDuration": [
                    4.0,
                    4.0,
                    4.0,
                    4.0,
                    4.0,
                    4.0,
                    4.0
                ],
                "MaxMissingHealthPercent": [
                    1.0,
                    1.0,
                    1.0,
                    1.0,
                    1.0,
                    1.0,
                    1.0
                ],
                "TickFrequency": [
                    0.5,
                    0.5,
                    0.5,
                    0.5,
                    0.5,
                    0.5,
                    0.5
                ],
                "BaseManaCost": [
                    40.0,
                    40.0,
                    40.0,
                    40.0,
                    40.0,
                    40.0,
                    40.0
                ],
                "PercentManaCostPerSecond": [
                    0.05999999865889549,
                    0.05999999865889549,
                    0.05999999865889549,
                    0.05999999865889549,
                    0.05999999865889549,
                    0.05999999865889549,
                    0.05999999865889549
                ],
                "InitialExtraDR": [
                    0.2750000059604645,
                    0.25,
                    0.22499999403953552,
                    0.20000000298023224,
                    0.17499999701976776,
                    0.15000000596046448,
                    0.125
                ],
                "InitialExtraDRDuration": [
                    0.5,
                    0.5,
                    0.5,
                    0.5,
                    0.5,
                    0.5,
                    0.5
                ],
                "DRLinger": [
                    0.5,
                    0.5,
                    0.5,
                    0.5,
                    0.5,
                    0.5,
                    0.5
                ]
            }
        },
        "E": {
            "nombre": "WujuStyleAbility/WujuStyle",
            "cooldown": [
                14.0,
                14.0,
                14.0,
                14.0,
                14.0,
                14.0,
                14.0
            ],
            "costo_mana": [],
            "rango": [
                20.0,
                20.0,
                20.0,
                20.0,
                20.0,
                20.0,
                20.0
            ],
            "daño_base": [
                15.0,
                20.0,
                25.0,
                30.0,
                35.0,
                40.0,
                45.0
            ],
            "escalado_1": 0.3499999940395355,
            "escalado_2": 0.0,
            "parametros_extra": {
                "Duration": [
                    5.0,
                    5.0,
                    5.0,
                    5.0,
                    5.0,
                    5.0,
                    5.0
                ],
                "LegacySwordVFXDuration": [
                    3.0,
                    3.0,
                    3.0,
                    3.0,
                    3.0,
                    3.0,
                    3.0
                ]
            }
        },
        "R": {
            "nombre": "HighlanderAbility/Highlander",
            "cooldown": [
                85.0,
                85.0,
                85.0,
                85.0,
                85.0,
                85.0,
                85.0
            ],
            "costo_mana": [
                100.0,
                100.0,
                100.0,
                100.0,
                100.0,
                0.0
            ],
            "rango": [
                1.0,
                1.0,
                1.0,
                1.0,
                1.0,
                1.0,
                1.0
            ],
            "daño_base": [],
            "escalado_1": 0.0,
            "escalado_2": 0.0,