{
    "nombre": "Mel",
    "stats_base": {
        "Vida": 630.0,
        "Vida_por_nivel": 99.0,
        "Regen_Vida": 1.2000000476837158,
        "Regen_Vida_por_nivel": 0.10999999940395355,
        "Daño_Ataque": 54.0,
        "Daño_Ataque_por_nivel": 3.299999952316284,
        "Armadura": 21.0,
        "Armadura_por_nivel": 5.199999809265137,
        "Resistencia_Magica_por_nivel": 1.2999999523162842,
        "Vel_Movimiento": 330.0,
        "Rango_Ataque": 550.0,
        "Vel_Ataque_base": 0.625,
        "Vel_Ataque_ratio": 0.625,
        "Vel_Ataque_por_nivel": 2.5,
        "Mana": 480.0,
        "Mana_por_nivel": 28.0,
        "Regen_Mana": 1.7999999523162842,
        "Regen_Mana_por_nivel": 0.18000000715255737
    },
    "habilidades": {
        "Q": {
            "nombre": "MelQAbility/MelQ",
            "cooldown": [
                10.0,
                10.0,
                9.0,
                8.0,
                7.0,
                6.0,
                6.0
            ],
            "costo_mana": [
                70.0,
                75.0,
                80.0,
                85.0,
                90.0,
                90.0
            ],
            "rango": [
                950.0,
                950.0,
                950.0,
                950.0,
                950.0,
                950.0,
                950.0
            ],
            "daño_base": [
                3.0,
                5.0,
                7.0,
                9.0,
                11.0,
                13.0,
                15.0
            ],
            "escalado_1": 0.0,
            "escalado_2": 0.0,
            "parametros_extra": {
                "ExplosionCount": [
                    5.0,
                    6.0,
                    7.0,
                    8.0,
                    9.0,
                    10.0,
                    11.0
                ],
                "Spread": [
                    25.0,
                    25.0,
                    25.0,
                    25.0,
                    25.0,
                    25.0,
                    25.0
                ],
                "ExplosionRadius": [
                    200.0,
                    200.0,
                    200.0,
                    200.0,
                    200.0,
                    200.0,
                    200.0
                ],
                "ChannelDuration": [
                    0.5,
                    0.5,
                    0.5,
                    0.5,
                    0.5,
                    0.5,
                    0.5
                ],
                "MinionMod": [
                    1.0,
                    1.0,
                    1.0,
                    1.0,
                    1.0,
                    1.0,
                    1.0
                ]
            }
        },
        "W": {
            "nombre": "MelWAbility/MelW",
            "cooldown": [
                38.0,
                38.0,
                35.0,
                33.0,
                29.0,
                26.0,
                26.0
            ],
            "costo_mana": [
                80.0,
                60.0,
                40.0,
                20.0,
                0.0,
                0.0
            ],
            "rango": [
                250.0,
                250.0,
                250.0,
                250.0,
                250.0,
                250.0,
                250.0
            ],
            "daño_base": [
                0.3499999940395355,
                0.4000000059604645,
                0.44999998807907104,
                0.5,
                0.550000011920929,
                0.6000000238418579,
                0.6499999761581421
            ],
            "escalado_1": 0.0,
            "escalado_2": 0.0,
            "parametros_extra": {
                "Duration": [
                    0.75,
                    0.75,
                    0.75,
                    0.75,
                    0.75,
                    0.75,
                    0.75
                ],
                "ShieldRadius": [
                    175.0,
                    175.0,
                    175.0,
                    175.0,
                    175.0,
                    175.0,
                    175.0
                ],
                "MoveSpeed": [
                    0.4000000059604645,
                    0.4000000059604645,
                    0.4000000059604645,
                    0.4000000059604645,
                    0.4000000059604645,
                    0.4000000059604645,
                    0.4000000059604645
                ],
                "BaseShieldAmount": [
                    50.0,
                    80.0,
                    110.0,
                    140.0,
                    170.0,
                    200.0,
                    230.0
                ],
                "MoveSpeedDuration": [
                    0.75,
                    0.75,
                    0.75,
                    0.75,
                    0.75,
                    0.75,
                    0.75
                ]
            }
        },
        "E": {
            "nombre": "MelEAbility/MelE",
            "cooldown": [
                11.0,
                11.0,
                10.5,
                10.0,
                9.5,
                9.0,
                9.0
            ],
            "costo_mana": [
                50.0,
                60.0,
                70.0,
                80.0,
                90.0,
                90.0
            ],
            "rango": [
                1000.0,
                1000.0,
                1000.0,
                1000.0,
                1000.0,
                1000.0,
                1000.0
            ],
            "daño_base": [
                15.0,
                60.0,
                105.0,
                150.0,
                195.0,
                240.0,
                285.0
            ],
            "escalado_1": 0.07999999821186066,
            "escalado_2": 0.07999999821186066,
            "parametros_extra": {
                "RootDuration": [
                    1.5,
                    1.5,
                    1.5,
                    1.5,
                    1.5,
                    1.5,
                    1.5
                ],
                "AreaSlowAmount": [
                    0.30000001192092896,
                    0.30000001192092896,
                    0.30000001192092896,
                    0.30000001192092896,
                    0.30000001192092896,
                    0.30000001192092896,
                    0.30000001192092896
                ],
                "AreaSlowDuration": [
                    0.25,
                    0.25,
                    0.25,
                    0.25,
                    0.25,
                    0.25,
                    0.25
                ],
                "MinionMod": [
                    0.5,
                    0.5,
                    0.5,
                    0.5,
                    0.5,
                    0.5,
                    0.5
                ],
                "MaxAreaRadius": [
                    230.0,
                    230.0,
                    230.0,
                    230.0,
                    230.0,
                    230.0,
                    230.0
                ],
                "TimeToMaxRadius": [
                    0.5,
                    0.5,
                    0.5,
                    0.5,
                    0.5,
                    0.5,
                    0.5
                ],
                "AreaTicksPerSecond": [
                    8.0,
                    8.0,
                    8.0,
                    8.0,
                    8.0,
                    8.0,
                    8.0
                ],