{
    "nombre": "Milio",
    "stats_base": {
        "Vida": 560.0,
        "Vida_por_nivel": 88.0,
        "Regen_Vida_por_nivel": 0.10000000149011612,
        "Daño_Ataque": 48.0,
        "Daño_Ataque_por_nivel": 3.200000047683716,
        "Armadura": 26.0,
        "Armadura_por_nivel": 4.599999904632568,
        "Resistencia_Magica_por_nivel": 1.2999999523162842,
        "Vel_Movimiento": 330.0,
        "Rango_Ataque": 525.0,
        "Vel_Ataque_base": 0.625,
        "Vel_Ataque_ratio": 0.625,
        "Vel_Ataque_por_nivel": 3.0,
        "Mana": 365.0,
        "Mana_por_nivel": 43.0,
        "Regen_Mana": 2.299999952316284,
        "Regen_Mana_por_nivel": 0.07999999821186066
    },
    "habilidades": {
        "Q": {
            "nombre": "MilioQAbility/MilioQ",
            "cooldown": [],
            "costo_mana": [
                50.0,
                55.0,
                60.0,
                65.0,
                70.0,
                75.0
            ],
            "rango": [
                1200.0,
                1200.0,
                1200.0,
                1200.0,
                1200.0,
                1200.0,
                1200.0
            ],
            "daño_base": [
                20.0,
                80.0,
                140.0,
                200.0,
                260.0,
                320.0,
                380.0
            ],
            "escalado_1": 0.0,
            "escalado_2": 0.0,
            "parametros_extra": {
                "SlowAmount": [
                    0.3499999940395355,
                    0.4000000059604645,
                    0.44999998807907104,
                    0.5,
                    0.550000011920929,
                    0.6000000238418579,
                    0.6499999761581421
                ],
                "SlowDuration": [
                    1.5,
                    1.5,
                    1.5,
                    1.5,
                    1.5,
                    1.5,
                    1.5
                ],
                "FallTime": [
                    0.800000011920929,
                    0.800000011920929,
                    0.800000011920929,
                    0.800000011920929,
                    0.800000011920929,
                    0.800000011920929,
                    0.800000011920929
                ],
                "FallRadius": [
                    250.0,
                    250.0,
                    250.0,
                    250.0,
                    250.0,
                    250.0,
                    250.0
                ],
                "KnockbackDistance": [
                    140.0,
                    140.0,
                    140.0,
                    140.0,
                    140.0,
                    140.0,
                    140.0
                ],
                "KnockbackMinionDistance": [
                    340.0,
                    340.0,
                    340.0,
                    340.0,
                    340.0,
                    340.0,
                    340.0
                ],
                "ImpactAdjustment": [
                    50.0,
                    50.0,
                    50.0,
                    50.0,
                    50.0,
                    50.0,
                    50.0
                ],
                "ExtraVisionDuration": [
                    1.25,
                    1.25,
                    1.25,
                    1.25,
                    1.25,
                    1.25,
                    1.25
                ],
                "MinionFallRadius": [
                    275.0,
                    275.0,
                    275.0,
                    275.0,
                    275.0,
                    275.0,
                    275.0
                ],
                "MinionFallTime": [
                    0.8999999761581421,
                    0.8999999761581421,
                    0.8999999761581421,
                    0.8999999761581421,
                    0.8999999761581421,
                    0.8999999761581421,
                    0.8999999761581421
                ],
                "RefundRatio": [
                    0.5,
                    0.5,
                    0.5,
                    0.5,
                    0.5,
                    0.5,
                    0.5
                ]
            }
        },
        "W": {
            "nombre": "MilioWAbility/MilioW",
            "cooldown": [
                29.0,
                29.0,
                27.0,
                25.0,
                23.0,
                21.0,
                19.0
            ],
            "costo_mana": [
                90.0,
                100.0,
                110.0,
                120.0,
                130.0,
                140.0
            ],
            "rango": [
                650.0,
                650.0,
                650.0,
                650.0,
                650.0,
                650.0,
                650.0
            ],
            "daño_base": [],
            "escalado_1": 1.0,
            "escalado_2": 0.15000000596046448,
            "parametros_extra": {
                "ZoneDuration": [
                    6.0,
                    6.0,
                    6.0,
                    6.0,
                    6.0,
                    6.0,
                    6.0
                ],
                "Radius": [
                    350.0,
                    350.0,
                    350.0,
                    350.0,
                    350.0,
                    350.0,
                    350.0
                ],
                "RangePctIncrease": [
                    0.07500000298023224,
                    0.10000000149011612,
                    0.125,
                    0.15000000596046448,
                    0.17499999701976776,
                    0.20000000298023224,
                    0.22499999403953552
                ],
                "HealFrequencySeconds": [
                    3.0,
                    3.0,
                    3.0,
                    3.0,
                    3.0,
                    3.0,
                    3.0
                ],
                "TotalHealingOverTime": [
                    50.0,
                    70.0,
                    90.0,
                    110.0,
                    130.0,
                    150.0,
                    170.0
                ]
            }
        },
        "E": {
            "nombre": "MilioEAbility/MilioE",
            "cooldown": [
                0.5,
                0.5,
                0.5,
                0.5,
                0.5,
                0.5,
                0.5
            ],
            "costo_mana": [
                50.0,
                60.0,
                70.0,
                80.0,
                90.0,
                100.0
            ],
            "rango": [
                650.0,
                650.0,
                650.0,
                650.0,
                650.0,
                650.0,
                650.0
            ],
            "daño_base": [],
            "escalado_1": 0.0,
            "escalado_2": 0.0,
            "parametros_extra": {
                "MoveSpeedAmount": [
                    0.10000000149011612,
                    0.11999999731779099,
                    0.14000000059604645,
                    0.1599999964237213,
                    0.18000000715255737,
                    0.20000000298023224,
                    0.2199999988079071
                ],
                "MoveSpeedDuration": [
                    2.5,
                    2.5,
                    2.5,
                    2.5,
                    2.5,
                    2.5,
                    2.5
                ],