{
    "nombre": "MissFortune",
    "stats_base": {
        "Vida": 625.0,
        "Vida_por_nivel": 100.0,
        "Regen_Vida": 0.75,
        "Regen_Vida_por_nivel": 0.12999999523162842,
        "Daño_Ataque": 55.0,
        "Daño_Ataque_por_nivel": 2.4000000953674316,
        "Armadura": 25.0,
        "Armadura_por_nivel": 4.0,
        "Resistencia_Magica_por_nivel": 1.2999999523162842,
        "Vel_Movimiento": 325.0,
        "Rango_Ataque": 550.0,
        "Vel_Ataque_base": 0.656000018119812,
        "Vel_Ataque_ratio": 0.656000018119812,
        "Vel_Ataque_por_nivel": 3.0,
        "Mana": 300.0,
        "Mana_por_nivel": 40.0,
        "Regen_Mana": 1.600000023841858,
        "Regen_Mana_por_nivel": 0.1599999964237213
    },
    "habilidades": {
        "Q": {
            "nombre": "MissFortuneRicochetShotAbility/MissFortuneRicochetShot",
            "cooldown": [
                8.0,
                7.0,
                6.0,
                5.0,
                4.0,
                3.0,
                3.0
            ],
            "costo_mana": [
                40.0,
                40.0,
                40.0,
                40.0,
                40.0,
                40.0
            ],
            "rango": [
                550.0,
                550.0,
                550.0,
                550.0,
                550.0,
                550.0,
                550.0
            ],
            "daño_base": [
                -5.0,
                20.0,
                45.0,
                70.0,
                95.0,
                120.0,
                145.0
            ],
            "escalado_1": 0.3499999940395355,
            "escalado_2": 1.0,
            "parametros_extra": {
                "BounceCriticalMod": [
                    0.5,
                    0.5,
                    0.5,
                    0.5,
                    0.5,
                    0.5,
                    0.5
                ]
            }
        },
        "W": {
            "nombre": "MissFortuneViciousStrikesAbility/MissFortuneViciousStrikes",
            "cooldown": [
                12.0,
                12.0,
                12.0,
                12.0,
                12.0,
                12.0,
                12.0
            ],
            "costo_mana": [
                45.0,
                45.0,
                45.0,
                45.0,
                45.0,
                45.0
            ],
            "rango": [
                600.0,
                600.0,
                600.0,
                600.0,
                600.0,
                600.0,
                600.0
            ],
            "daño_base": [
                25.0,
                30.0,
                35.0,
                40.0,
                45.0,
                50.0,
                55.0
            ],
            "escalado_1": 0.0,
            "escalado_2": 0.0,
            "parametros_extra": {
                "PassiveBaseMS": [
                    25.0,
                    30.0,
                    35.0,
                    40.0,
                    45.0,
                    50.0,
                    55.0
                ],
                "PassiveMaxMS": [
                    50.0,
                    60.0,
                    70.0,
                    80.0,
                    90.0,
                    100.0,
                    110.0
                ],
                "LoveTapBaseRefund": [
                    2.0,
                    2.0,
                    2.0,
                    2.0,
                    2.0,
                    2.0,
                    2.0
                ],
                "ActiveAS": [
                    0.25,
                    0.4000000059604645,
                    0.550000011920929,
                    0.699999988079071,
                    0.8500000238418579,
                    1.0,
                    1.149999976158142
                ],
                "ActiveDuration": [
                    4.0,
                    4.0,
                    4.0,
                    4.0,
                    4.0,
                    4.0,
                    4.0
                ],
                "PassiveBaseMSOOC": [
                    4.0,
                    4.0,
                    4.0,
                    4.0,
                    4.0,
                    4.0,
                    4.0
                ],
                "PassiveMaxMSExtraOOC": [
                    3.0,
                    3.0,
                    3.0,
                    3.0,
                    3.0,
                    3.0,
                    3.0
                ]
            }
        },
        "E": {
            "nombre": "MissFortuneScattershotAbility/MissFortuneScattershot",
            "cooldown": [
                20.0,
                18.0,
                17.0,
                16.0,
                15.0,
                14.0,
                13.0
            ],
            "costo_mana": [
                80.0,
                80.0,
                80.0,
                80.0,
                80.0,
                80.0
            ],
            "rango": [
                1000.0,
                1000.0,
                1000.0,
                1000.0,
                1000.0,
                1000.0,
                1000.0
            ],
            "daño_base": [
                20.0,
                35.0,
                50.0,
                65.0,
                80.0,
                95.0,
                110.0
            ],
            "escalado_1": 0.6000000238418579,
            "escalado_2": 0.6000000238418579,
            "parametros_extra": {
                "BaseDuration": [
                    2.0,
                    2.0,
                    2.0,
                    2.0,
                    2.0,
                    2.0,
                    2.0
                ],
                "BaseSlowAmount": [
                    0.4000000059604645,
                    0.4000000059604645,
                    0.4000000059604645,
                    0.4000000059604645,
                    0.4000000059604645,
                    0.4000000059604645,
                    0.4000000059604645
                ],
                "TicksPerSecond": [
                    4.0,
                    4.0,
                    4.0,
                    4.0,
                    4.0,
                    4.0,
                    4.0
                ],
                "CastDelay": [
                    0.25,
                    0.25,
                    0.25,
                    0.25,
                    0.25,
                    0.25,
                    0.25
                ],
                "SlowPer100AP": [
                    0.0006000000284984708,
                    0.0006000000284984708,
                    0.0006000000284984708,
                    0.0006000000284984708,
                    0.0006000000284984708,
                    0.0006000000284984708,
                    0.0006000000284984708
                ]
            }
        },
        "R": {
            "nombre": "MissFortuneBulletTimeAbility/MissFortuneBulletTime",
            "cooldown": [
                130.0,
                120.0,
                110.0,
                100.0,
                90.0,
                80.0,
                70.0
            ],
            "costo_mana": [
                100.0,
                100.0,
                100.0,
                100.0,
                100.0,
                100.0
            ],
            "rango": [
                25000.0,
                25000.0,
                25000.0,
                25000.0,
                25000.0,
                25000.0,
                25000.0
            ],
            "daño_base": [
                10.0,
                20.0,
                30.0,
                40.0,
                50.0,
                60.0,
                70.0
            ],
            "escalado_1": 0.6000000238418579,
            "escalado_2": 0.25,