{
    "nombre": "MonkeyKing",
    "stats_base": {
        "Vida": 610.0,
        "Vida_por_nivel": 99.0,
        "Regen_Vida": 0.699999988079071,
        "Regen_Vida_por_nivel": 0.12999999523162842,
        "Daño_Ataque": 66.0,
        "Daño_Ataque_por_nivel": 3.5,
        "Armadura": 31.0,
        "Armadura_por_nivel": 4.699999809265137,
        "Resistencia_Magica_por_nivel": 2.049999952316284,
        "Vel_Movimiento": 340.0,
        "Rango_Ataque": 175.0,
        "Vel_Ataque_base": 0.6899999976158142,
        "Vel_Ataque_ratio": 0.6579999923706055,
        "Vel_Ataque_por_nivel": 3.0,
        "Mana": 330.0,
        "Mana_por_nivel": 65.0,
        "Regen_Mana": 1.600000023841858,
        "Regen_Mana_por_nivel": 0.1599999964237213
    },
    "habilidades": {
        "Q": {
            "nombre": "MonkeyKingDoubleAttackAbility/MonkeyKingDoubleAttack",
            "cooldown": [
                8.0,
                8.0,
                7.5,
                7.0,
                6.5,
                6.0,
                6.0
            ],
            "costo_mana": [
                20.0,
                20.0,
                20.0,
                20.0,
                20.0,
                20.0
            ],
            "rango": [
                10000.0,
                10000.0,
                10000.0,
                10000.0,
                10000.0,
                10000.0,
                10000.0
            ],
            "daño_base": [
                -5.0,
                20.0,
                45.0,
                70.0,
                95.0,
                120.0,
                145.0
            ],
            "escalado_1": 0.5,
            "escalado_2": 0.0,
            "parametros_extra": {
                "ArmorShredPercent": [
                    0.05000000074505806,
                    0.10000000149011612,
                    0.15000000596046448,
                    0.20000000298023224,
                    0.25,
                    0.30000001192092896,
                    0.3499999940395355
                ],
                "ShredDuration": [
                    3.0,
                    3.0,
                    3.0,
                    3.0,
                    3.0,
                    3.0,
                    3.0
                ],
                "BuffDuration": [
                    6.0,
                    6.0,
                    6.0,
                    6.0,
                    6.0,
                    6.0,
                    6.0
                ],
                "AttackRangeBonus": [
                    125.0,
                    135.0,
                    145.0,
                    155.0,
                    165.0,
                    175.0,
                    185.0
                ],
                "CooldownDecrease": [
                    0.5,
                    0.5,
                    0.5,
                    0.5,
                    0.5,
                    0.5,
                    0.5
                ]
            }
        },
        "W": {
            "nombre": "MonkeyKingDecoyAbility/MonkeyKingDecoy",
            "cooldown": [
                22.0,
                22.0,
                21.0,
                20.0,
                19.0,
                18.0,
                18.0
            ],
            "costo_mana": [
                60.0,
                55.0,
                50.0,
                45.0,
                40.0,
                40.0
            ],
            "rango": [
                10000.0,
                10000.0,
                10000.0,
                10000.0,
                10000.0,
                10000.0,
                10000.0
            ],
            "daño_base": [
                0.25,
                0.30000001192092896,
                0.3499999940395355,
                0.4000000059604645,
                0.44999998807907104,
                0.5,
                0.550000011920929
            ],
            "escalado_1": 0.0,
            "escalado_2": 0.0,
            "parametros_extra": {
                "StealthDuration": [
                    1.0,
                    1.0,
                    1.0,
                    1.0,
                    1.0,
                    1.0,
                    1.0
                ],
                "CloneDuration": [
                    3.25,
                    3.25,
                    3.25,
                    3.25,
                    3.25,
                    3.25,
                    3.25
                ],
                "DashSpeed": [
                    900.0,
                    900.0,
                    900.0,
                    900.0,
                    900.0,
                    900.0,
                    900.0
                ],
                "RangeClamp": [
                    300.0,
                    300.0,
                    300.0,
                    300.0,
                    300.0,
                    300.0,
                    300.0
                ],
                "MinRange": [
                    100.0,
                    100.0,
                    100.0,
                    100.0,
                    100.0,
                    100.0,
                    100.0
                ]
            }
        },
        "E": {
            "nombre": "MonkeyKingNimbusAbility/MonkeyKingNimbus",
            "cooldown": [
                10.0,
                10.0,
                9.25,
                8.5,
                7.75,
                7.0,
                7.0
            ],
            "costo_mana": [
                30.0,
                35.0,
                40.0,
                45.0,
                50.0,
                50.0
            ],
            "rango": [
                650.0,
                650.0,
                650.0,
                650.0,
                650.0,
                650.0,
                650.0
            ],
            "daño_base": [
                40.0,
                80.0,
                120.0,
                160.0,
                200.0,
                240.0,
                280.0
            ],
            "escalado_1": 0.0,
            "escalado_2": 0.0,
            "parametros_extra": {
                "AttackSpeed": [
                    0.30000001192092896,
                    0.3499999940395355,
                    0.4000000059604645,
                    0.44999998807907104,
                    0.5,
                    0.550000011920929,
                    0.6000000238418579
                ],
                "AttackSpeedDuration": [
                    5.0,
                    5.0,
                    5.0,
                    5.0,
                    5.0,
                    5.0,
                    5.0
                ],
                "DashSpeed": [
                    1050.0,
                    1050.0,
                    1050.0,
                    1050.0,
                    1050.0,
                    1050.0,
                    1050.0
                ],
                "EndPointOffsetDistance": [
                    75.0,
                    75.0,
                    75.0,
                    75.0,
                    75.0,
                    75.0,
                    75.0
                ],
                "ExtraTargets": [
                    2.0,
                    2.0,
                    2.0,
                    2.0,
                    2.0,
                    2.0,
                    2.0
                ],
                "ExtraTargetRange": [
                    700.0,
                    700.0,
                    700.0,
                    700.0,
                    700.0,
                    700.0,
                    700.0
                ]
            }
        },
        "R": {
            "nombre": "MonkeyKingSpinToWinAbility/MonkeyKingSpinToWin",
            "cooldown": [
                10.0,
                130.0,
                110.0,
                90.0,
                90.0,
                90.0,
                10.0
            ],