{
    "nombre": "Mordekaiser",
    "stats_base": {
        "Vida": 645.0,
        "Vida_por_nivel": 104.0,
        "Regen_Vida_por_nivel": 0.15000000596046448,
        "Daño_Ataque": 61.0,
        "Daño_Ataque_por_nivel": 4.0,
        "Armadura": 37.0,
        "Armadura_por_nivel": 4.199999809265137,
        "Resistencia_Magica_por_nivel": 2.049999952316284,
        "Vel_Movimiento": 335.0,
        "Rango_Ataque": 175.0,
        "Vel_Ataque_base": 0.625,
        "Vel_Ataque_ratio": 0.625,
        "Vel_Ataque_por_nivel": 1.0,
        "Regen_Mana": 0.0
    },
    "habilidades": {
        "Q": {
            "nombre": "MordekaiserQAbility/MordekaiserQ",
            "cooldown": [
                8.0,
                8.0,
                7.0,
                6.0,
                5.0,
                4.0,
                4.0
            ],
            "costo_mana": [],
            "rango": [
                25000.0,
                25000.0,
                25000.0,
                25000.0,
                25000.0,
                25000.0,
                25000.0
            ],
            "daño_base": [
                45.0,
                80.0,
                115.0,
                150.0,
                185.0,
                220.0,
                255.0
            ],
            "escalado_1": 1.2000000476837158,
            "escalado_2": 0.699999988079071,
            "parametros_extra": {
                "IsolationScalar": [
                    1.25,
                    1.2999999523162842,
                    1.350000023841858,
                    1.399999976158142,
                    1.4500000476837158,
                    1.5,
                    1.5499999523162842
                ],
                "IsolationTooltip": [
                    0.25,
                    0.30000001192092896,
                    0.3499999940395355,
                    0.4000000059604645,
                    0.44999998807907104,
                    0.5,
                    0.550000011920929
                ],
                "MaceStartDistance": [
                    400.0,
                    400.0,
                    400.0,
                    400.0,
                    400.0,
                    400.0,
                    400.0
                ],
                "MaceLength": [
                    625.0,
                    625.0,
                    625.0,
                    625.0,
                    625.0,
                    625.0,
                    625.0
                ],
                "RectangleWidth": [
                    160.0,
                    160.0,
                    160.0,
                    160.0,
                    160.0,
                    160.0,
                    160.0
                ]
            }
        },
        "W": {
            "nombre": "MordekaiserWAbility/MordekaiserW",
            "cooldown": [
                12.0,
                12.0,
                11.0,
                10.0,
                9.0,
                8.0,
                8.0
            ],
            "costo_mana": [],
            "rango": [
                25000.0,
                25000.0,
                25000.0,
                25000.0,
                25000.0,
                25000.0,
                25000.0
            ],
            "daño_base": [
                0.44999998807907104,
                0.44999998807907104,
                0.44999998807907104,
                0.44999998807907104,
                0.44999998807907104,
                0.44999998807907104,
                0.44999998807907104
            ],
            "escalado_1": 0.0,
            "escalado_2": 0.0,
            "parametros_extra": {
                "Duration": [
                    5.0,
                    5.0,
                    5.0,
                    5.0,
                    5.0,
                    5.0,
                    5.0
                ],
                "BaseShield": [
                    0.05000000074505806,
                    0.05000000074505806,
                    0.05000000074505806,
                    0.05000000074505806,
                    0.05000000074505806,
                    0.05000000074505806,
                    0.05000000074505806
                ],
                "HealingPercent": [
                    0.32499998807907104,
                    0.3499999940395355,
                    0.375,
                    0.4000000059604645,
                    0.42500001192092896,
                    0.44999998807907104,
                    0.4749999940395355
                ],
                "MinionPenalty": [
                    0.25,
                    0.25,
                    0.25,
                    0.25,
                    0.25,
                    0.25,
                    0.25
                ],
                "MaxHealthCap": [
                    0.30000001192092896,
                    0.30000001192092896,
                    0.30000001192092896,
                    0.30000001192092896,
                    0.30000001192092896,
                    0.30000001192092896,
                    0.30000001192092896
                ],
                "TimeBeforeDecay": [
                    1.0,
                    1.0,
                    1.0,
                    1.0,
                    1.0,
                    1.0,
                    1.0
                ],
                "DecayPerSecond": [
                    0.004999999888241291,
                    0.004999999888241291,
                    0.004999999888241291,
                    0.004999999888241291,
                    0.004999999888241291,
                    0.004999999888241291,
                    0.004999999888241291
                ]
            }
        },
        "E": {
            "nombre": "MordekaiserEAbility/MordekaiserE",
            "cooldown": [
                18.0,
                18.0,
                16.0,
                14.0,
                12.0,
                10.0,
                10.0
            ],
            "costo_mana": [],
            "rango": [
                700.0,
                700.0,
                700.0,
                700.0,
                700.0,
                700.0,
                700.0
            ],
            "daño_base": [
                45.0,
                60.0,
                75.0,
                90.0,
                105.0,
                120.0,
                135.0
            ],
            "escalado_1": 0.0,
            "escalado_2": 0.0,
            "parametros_extra": {
                "DelayBeforeMovement": [
                    0.5,
                    0.5,
                    0.5,
                    0.5,
                    0.5,
                    0.5,
                    0.5
                ],
                "MaxDistance": [
                    550.0,
                    550.0,
                    550.0,
                    550.0,
                    550.0,
                    550.0,
                    550.0
                ],
                "KnockTowardsDistance": [
                    250.0,
                    250.0,
                    250.0,
                    250.0,
                    250.0,
                    250.0,
                    250.0
                ],
                "StandAsideRange": [
                    900.0,
                    900.0,
                    900.0,
                    900.0,
                    900.0,
                    900.0,
                    900.0
                ],
                "MagicPen": [
                    0.02500000037252903,
                    0.05000000074505806,
                    0.07500000298023224,
                    0.10000000149011612,
                    0.125,
                    0.15000000596046448,
                    0.17499999701976776
                ]
            }
        },
        "R": {
            "nombre": "MordekaiserRAbility/MordekaiserR",