{
    "nombre": "Morgana",
    "stats_base": {
        "Vida": 630.0,
        "Vida_por_nivel": 104.0,
        "Regen_Vida": 1.100000023841858,
        "Regen_Vida_por_nivel": 0.07999999821186066,
        "Daño_Ataque": 56.0,
        "Daño_Ataque_por_nivel": 3.5,
        "Armadura": 25.0,
        "Armadura_por_nivel": 4.199999809265137,
        "Resistencia_Magica_por_nivel": 1.2999999523162842,
        "Vel_Movimiento": 335.0,
        "Rango_Ataque": 450.0,
        "Vel_Ataque_base": 0.625,
        "Vel_Ataque_ratio": 0.625,
        "Vel_Ataque_por_nivel": 1.5299999713897705,
        "Mana": 340.0,
        "Mana_por_nivel": 60.0,
        "Regen_Mana": 2.200000047683716,
        "Regen_Mana_por_nivel": 0.07999999821186066
    },
    "habilidades": {
        "Q": {
            "nombre": "MorganaQAbility/MorganaQ",
            "cooldown": [],
            "costo_mana": [
                50.0,
                55.0,
                60.0,
                65.0,
                70.0,
                75.0
            ],
            "rango": [
                1300.0,
                1300.0,
                1300.0,
                1300.0,
                1300.0,
                1300.0,
                1300.0
            ],
            "daño_base": [
                25.0,
                80.0,
                135.0,
                190.0,
                245.0,
                300.0,
                355.0
            ],
            "escalado_1": 0.0,
            "escalado_2": 0.0,
            "parametros_extra": {
                "RootDuration": [
                    1.75,
                    2.0,
                    2.25,
                    2.5,
                    2.75,
                    3.0,
                    3.25
                ]
            }
        },
        "W": {
            "nombre": "MorganaWAbility/MorganaW",
            "cooldown": [
                12.0,
                12.0,
                12.0,
                12.0,
                12.0,
                12.0,
                12.0
            ],
            "costo_mana": [
                70.0,
                80.0,
                90.0,
                100.0,
                110.0,
                120.0
            ],
            "rango": [
                900.0,
                900.0,
                900.0,
                900.0,
                900.0,
                900.0,
                900.0
            ],
            "daño_base": [
                5.0,
                18.0,
                31.0,
                44.0,
                57.0,
                70.0,
                83.0
            ],
            "escalado_1": 0.20000000298023224,
            "escalado_2": 0.20000000298023224,
            "parametros_extra": {
                "TickRate": [
                    0.5,
                    0.5,
                    0.5,
                    0.5,
                    0.5,
                    0.5,
                    0.5
                ],
                "MissingHealthAmpPercent": [
                    1.0,
                    1.0,
                    1.0,
                    1.0,
                    1.0,
                    1.0,
                    1.0
                ],
                "WDuration": [
                    5.0,
                    5.0,
                    5.0,
                    5.0,
                    5.0,
                    5.0,
                    5.0
                ],
                "CDRefundPercent": [
                    0.05000000074505806,
                    0.05000000074505806,
                    0.05000000074505806,
                    0.05000000074505806,
                    0.05000000074505806,
                    0.05000000074505806,
                    0.05000000074505806
                ],
                "MonsterMod": [
                    170.0,
                    170.0,
                    170.0,
                    170.0,
                    170.0,
                    170.0,
                    170.0
                ]
            }
        },
        "E": {
            "nombre": "MorganaEAbility/MorganaE",
            "cooldown": [
                26.0,
                26.0,
                23.5,
                21.0,
                18.5,
                16.0,
                16.0
            ],
            "costo_mana": [
                80.0,
                80.0,
                80.0,
                80.0,
                80.0,
                80.0
            ],
            "rango": [
                800.0,
                800.0,
                800.0,
                800.0,
                800.0,
                800.0,
                800.0
            ],
            "daño_base": [],
            "escalado_1": 0.0,
            "escalado_2": 0.0,
            "parametros_extra": {
                "ShieldStrength": [
                    45.0,
                    100.0,
                    155.0,
                    210.0,
                    265.0,
                    320.0,
                    375.0
                ],
                "ShieldDuration": [
                    5.0,
                    5.0,
                    5.0,
                    5.0,
                    5.0,
                    5.0,
                    5.0
                ]
            }
        },
        "R": {
            "nombre": "MorganaRAbility/MorganaR",
            "cooldown": [
                10.0,
                120.0,
                110.0,
                100.0,
                10.0,
                10.0,
                10.0
            ],
            "costo_mana": [
                100.0,
                100.0,
                100.0,
                0.0,
                0.0,
                0.0
            ],
            "rango": [
                625.0,
                625.0,
                625.0,
                625.0,
                625.0,
                625.0,
                625.0
            ],
            "daño_base": [
                125.0,
                200.0,
                275.0,
                350.0,
                425.0,
                500.0,
                575.0
            ],
            "escalado_1": 0.0,
            "escalado_2": 0.0,
            "parametros_extra": {
                "ChainDuration": [
                    3.0,
                    3.0,
                    3.0,
                    3.0,
                    3.0,
                    3.0,
                    3.0
                ],
                "StunDuration": [
                    1.25,
                    1.5,
                    1.75,
                    2.0,
                    2.25,
                    2.5,
                    2.75
                ],
                "SlowPercent": [
                    20.0,
                    20.0,
                    20.0,
                    20.0,
                    20.0,
                    20.0,
                    20.0
                ],
                "HastePercent": [
                    0.0,
                    20.0,
                    40.0,
                    60.0,
                    80.0,
                    100.0,
                    120.0
                ]
            }
        }
    },
    "pasiva": {
        "nombre": "MorganaPassiveAbility",
        "descripcion": ""
    }
}