{
    "nombre": "Naafiri",
    "stats_base": {
        "Vida": 610.0,
        "Vida_por_nivel": 105.0,
        "Regen_Vida": 1.25,
        "Regen_Vida_por_nivel": 0.11999999731779099,
        "Daño_Ataque": 55.0,
        "Daño_Ataque_por_nivel": 2.0,
        "Armadura": 28.0,
        "Armadura_por_nivel": 4.199999809265137,
        "Resistencia_Magica_por_nivel": 2.049999952316284,
        "Vel_Movimiento": 340.0,
        "Rango_Ataque": 125.0,
        "Vel_Ataque_base": 0.6629999876022339,
        "Vel_Ataque_ratio": 0.625,
        "Vel_Ataque_por_nivel": 2.0999999046325684,
        "Mana": 400.0,
        "Mana_por_nivel": 55.0,
        "Regen_Mana": 1.5,
        "Regen_Mana_por_nivel": 0.20000000298023224
    },
    "habilidades": {
        "Q": {
            "nombre": "NaafiriQAbility/NaafiriQ",
            "cooldown": [
                9.0,
                9.0,
                8.5,
                8.0,
                7.5,
                7.0,
                7.0
            ],
            "costo_mana": [
                50.0,
                60.0,
                70.0,
                80.0,
                90.0,
                90.0
            ],
            "rango": [
                900.0,
                900.0,
                900.0,
                900.0,
                900.0,
                900.0,
                900.0
            ],
            "daño_base": [
                30.0,
                35.0,
                40.0,
                45.0,
                50.0,
                55.0,
                60.0
            ],
            "escalado_1": 0.20000000298023224,
            "escalado_2": 0.0,
            "parametros_extra": {
                "BleedInterval": [
                    0.5,
                    0.5,
                    0.5,
                    0.5,
                    0.5,
                    0.5,
                    0.5
                ],
                "RecastWindow": [
                    4.0,
                    4.0,
                    4.0,
                    4.0,
                    4.0,
                    4.0,
                    4.0
                ],
                "RecastLockout": [
                    0.75,
                    0.75,
                    0.75,
                    0.75,
                    0.75,
                    0.75,
                    0.75
                ],
                "BaseHealSecondCast": [
                    30.0,
                    45.0,
                    60.0,
                    75.0,
                    90.0,
                    105.0,
                    120.0
                ],
                "BleedDuration": [
                    5.0,
                    5.0,
                    5.0,
                    5.0,
                    5.0,
                    5.0,
                    5.0
                ],
                "ExecuteMultiplier": [
                    2.0,
                    2.0,
                    2.0,
                    2.0,
                    2.0,
                    2.0,
                    2.0
                ],
                "MinionMod": [
                    1.0,
                    1.0,
                    1.0,
                    1.0,
                    1.0,
                    1.0,
                    1.0
                ]
            }
        },
        "W": {
            "nombre": "NaafiriRAbility/NaafiriR",
            "cooldown": [
                26.0,
                26.0,
                24.0,
                22.0,
                20.0,
                18.0,
                18.0
            ],
            "costo_mana": [
                60.0,
                60.0,
                60.0,
                60.0,
                60.0,
                60.0
            ],
            "rango": [],
            "daño_base": [],
            "escalado_1": 0.0,
            "escalado_2": 0.0,
            "parametros_extra": {
                "PackmatesToAdd": [
                    2.0,
                    2.0,
                    2.0,
                    2.0,
                    2.0,
                    2.0,
                    2.0
                ],
                "Duration": [
                    5.0,
                    5.0,
                    5.0,
                    5.0,
                    5.0,
                    5.0,
                    5.0
                ],
                "MoveSpeedAmount": [
                    0.17499999701976776,
                    0.20000000298023224,
                    0.22499999403953552,
                    0.25,
                    0.2750000059604645,
                    0.30000001192092896,
                    0.32499998807907104
                ],
                "MoveSpeedDuration": [
                    5.0,
                    5.0,
                    5.0,
                    5.0,
                    5.0,
                    5.0,
                    5.0
                ],
                "PackmateSpawnRateIncrease": [
                    0.5,
                    0.5,
                    0.5,
                    0.5,
                    0.5,
                    0.5,
                    0.5
                ],
                "NaafiriADPercentBoost": [
                    0.20000000298023224,
                    0.20000000298023224,
                    0.20000000298023224,
                    0.20000000298023224,
                    0.20000000298023224,
                    0.20000000298023224,
                    0.20000000298023224
                ],
                "UntargetableDuration": [
                    1.0,
                    1.0,
                    1.0,
                    1.0,
                    1.0,
                    1.0,
                    1.0
                ]
            }
        },
        "E": {
            "nombre": "NaafiriEAbility/NaafiriE",
            "cooldown": [
                11.0,
                11.0,
                10.0,
                9.0,
                8.0,
                7.0,
                7.0
            ],
            "costo_mana": [
                40.0,
                40.0,
                40.0,
                40.0,
                40.0,
                40.0
            ],
            "rango": [
                450.0,
                450.0,
                450.0,
                450.0,
                450.0,
                450.0,
                450.0
            ],
            "daño_base": [
                5.0,
                15.0,
                25.0,
                35.0,
                45.0,
                55.0,
                65.0
            ],
            "escalado_1": 0.4000000059604645,
            "escalado_2": 0.0,
            "parametros_extra": {
                "RadiusSecondSlash": [
                    230.0,
                    230.0,
                    230.0,
                    230.0,
                    230.0,
                    230.0,
                    230.0
                ],
                "DashDistance": [
                    450.0,
                    450.0,
                    450.0,
                    450.0,
                    450.0,
                    450.0,
                    450.0
                ],
                "DashSpeed": [
                    900.0,
                    900.0,
                    900.0,
                    900.0,
                    900.0,
                    900.0,
                    900.0
                ],
                "MaxDashCheatDistance": [
                    650.0,
                    650.0,
                    650.0,
                    650.0,
                    650.0,
                    650.0,
                    650.0
                ],
                "MinDashDistance": [
                    250.0,
                    250.0,
                    250.0,
                    250.0,
                    250.0,
                    250.0,
                    250.0
                ]
            }
        },
        "R": {
            "nombre": "NaafiriWAbility/Naafiriw",