{
    "nombre": "Nami",
    "stats_base": {
        "Vida": 560.0,
        "Vida_por_nivel": 88.0,
        "Regen_Vida": 1.100000023841858,
        "Regen_Vida_por_nivel": 0.10999999940395355,
        "Daño_Ataque": 54.0,
        "Daño_Ataque_por_nivel": 3.0999999046325684,
        "Armadura": 29.0,
        "Armadura_por_nivel": 5.199999809265137,
        "Resistencia_Magica_por_nivel": 1.2999999523162842,
        "Vel_Movimiento": 335.0,
        "Rango_Ataque": 550.0,
        "Vel_Ataque_base": 0.6439999938011169,
        "Vel_Ataque_ratio": 0.6439999938011169,
        "Vel_Ataque_por_nivel": 2.609999895095825,
        "Mana": 365.0,
        "Mana_por_nivel": 43.0,
        "Regen_Mana": 2.299999952316284,
        "Regen_Mana_por_nivel": 0.07999999821186066
    },
    "habilidades": {
        "Q": {
            "nombre": "NamiQAbility/NamiQ",
            "cooldown": [
                12.0,
                12.0,
                11.0,
                10.0,
                9.0,
                8.0,
                8.0
            ],
            "costo_mana": [
                60.0,
                60.0,
                60.0,
                60.0,
                60.0,
                60.0
            ],
            "rango": [
                850.0,
                850.0,
                850.0,
                850.0,
                850.0,
                850.0,
                850.0
            ],
            "daño_base": [
                20.0,
                75.0,
                130.0,
                185.0,
                240.0,
                295.0,
                350.0
            ],
            "escalado_1": 0.5,
            "escalado_2": 0.5
        },
        "W": {
            "nombre": "NamiWAbility/NamiW",
            "cooldown": [],
            "costo_mana": [
                70.0,
                75.0,
                80.0,
                85.0,
                90.0,
                90.0
            ],
            "rango": [
                725.0,
                725.0,
                725.0,
                725.0,
                725.0,
                725.0,
                725.0
            ],
            "daño_base": [
                25.0,
                60.0,
                95.0,
                130.0,
                165.0,
                200.0,
                235.0
            ],
            "escalado_1": 0.5,
            "escalado_2": 0.5,
            "parametros_extra": {
                "BaseHeal": [
                    30.0,
                    55.0,
                    80.0,
                    105.0,
                    130.0,
                    155.0,
                    180.0
                ],
                "BounceRatio": [
                    -20.0,
                    -20.0,
                    -20.0,
                    -20.0,
                    -20.0,
                    -20.0,
                    -20.0
                ],
                "BounceRatioScaling": [
                    0.15000000596046448,
                    0.15000000596046448,
                    0.15000000596046448,
                    0.15000000596046448,
                    0.15000000596046448,
                    0.15000000596046448,
                    0.15000000596046448
                ],
                "MaxTargets": [
                    3.0,
                    3.0,
                    3.0,
                    3.0,
                    3.0,
                    3.0,
                    3.0
                ]
            }
        },
        "E": {
            "nombre": "NamiEAbility/NamiE",
            "cooldown": [
                11.0,
                11.0,
                11.0,
                11.0,
                11.0,
                11.0,
                11.0
            ],
            "costo_mana": [
                55.0,
                60.0,
                65.0,
                70.0,
                75.0,
                80.0
            ],
            "rango": [
                800.0,
                800.0,
                800.0,
                800.0,
                800.0,
                800.0,
                800.0
            ],
            "daño_base": [
                20.0,
                20.0,
                30.0,
                40.0,
                50.0,
                60.0,
                60.0
            ],
            "escalado_1": 0.20000000298023224,
            "escalado_2": 0.05000000074505806,
            "parametros_extra": {
                "BaseSlow": [
                    10.0,
                    15.0,
                    20.0,
                    25.0,
                    30.0,
                    35.0,
                    40.0
                ],
                "SlowRatio": [
                    0.05000000074505806,
                    0.05000000074505806,
                    0.05000000074505806,
                    0.05000000074505806,
                    0.05000000074505806,
                    0.05000000074505806,
                    0.05000000074505806
                ],
                "SlowDuration": [
                    1.0,
                    1.0,
                    1.0,
                    1.0,
                    1.0,
                    1.0,
                    1.0
                ],
                "HitCount": [
                    3.0,
                    3.0,
                    3.0,
                    3.0,
                    3.0,
                    3.0,
                    3.0
                ],
                "BuffDuration": [
                    6.0,
                    6.0,
                    6.0,
                    6.0,
                    6.0,
                    6.0,
                    6.0
                ]
            }
        },
        "R": {
            "nombre": "NamiRAbility/NamiR",
            "cooldown": [
                10.0,
                120.0,
                110.0,
                100.0,
                10.0,
                10.0,
                10.0
            ],
            "costo_mana": [
                100.0,
                100.0,
                100.0,
                0.0,
                0.0,
                0.0
            ],
            "rango": [
                400.0,
                2200.0,
                2200.0,
                2200.0,
                400.0,
                400.0,
                400.0
            ],
            "daño_base": [
                150.0,
                150.0,
                250.0,
                350.0,
                0.0,
                0.0,
                0.0
            ],
            "escalado_1": 0.6000000238418579,
            "escalado_2": 0.0
        }
    },
    "pasiva": {
        "nombre": "NamiPassiveAbility",
        "descripcion": ""
    }
}