{
    "nombre": "Nasus",
    "stats_base": {
        "Vida": 650.0,
        "Vida_por_nivel": 104.0,
        "Regen_Vida": 1.7999999523162842,
        "Regen_Vida_por_nivel": 0.18000000715255737,
        "Daño_Ataque": 67.0,
        "Daño_Ataque_por_nivel": 4.0,
        "Armadura": 34.0,
        "Armadura_por_nivel": 4.699999809265137,
        "Resistencia_Magica_por_nivel": 2.049999952316284,
        "Vel_Movimiento": 350.0,
        "Rango_Ataque": 125.0,
        "Vel_Ataque_base": 0.6380000114440918,
        "Vel_Ataque_ratio": 0.6380000114440918,
        "Vel_Ataque_por_nivel": 3.4800000190734863,
        "Mana": 326.0,
        "Mana_por_nivel": 62.0,
        "Regen_Mana": 1.4900000095367432,
        "Regen_Mana_por_nivel": 0.10000000149011612
    },
    "habilidades": {
        "Q": {
            "nombre": "NasusQAbility/NasusQ",
            "cooldown": [
                8.5,
                7.5,
                6.5,
                5.5,
                4.5,
                3.5,
                2.5
            ],
            "costo_mana": [
                20.0,
                20.0,
                20.0,
                20.0,
                20.0,
                20.0
            ],
            "rango": [
                255.0,
                255.0,
                255.0,
                255.0,
                255.0,
                255.0,
                255.0
            ],
            "daño_base": [
                20.0,
                40.0,
                60.0,
                80.0,
                100.0,
                120.0,
                140.0
            ],
            "escalado_1": 0.0,
            "escalado_2": 1.0,
            "parametros_extra": {
                "BonusRange": [
                    50.0,
                    50.0,
                    50.0,
                    50.0,
                    50.0,
                    50.0,
                    50.0
                ],
                "BasicStacks": [
                    3.0,
                    3.0,
                    3.0,
                    3.0,
                    3.0,
                    3.0,
                    3.0
                ],
                "BigStacks": [
                    12.0,
                    12.0,
                    12.0,
                    12.0,
                    12.0,
                    12.0,
                    12.0
                ],
                "BuffDuration": [
                    10.0,
                    10.0,
                    10.0,
                    10.0,
                    10.0,
                    10.0,
                    10.0
                ]
            }
        },
        "W": {
            "nombre": "NasusWAbility/NasusW",
            "cooldown": [
                16.0,
                15.0,
                14.0,
                13.0,
                12.0,
                11.0,
                11.0
            ],
            "costo_mana": [
                80.0,
                80.0,
                80.0,
                80.0,
                80.0,
                80.0
            ],
            "rango": [
                700.0,
                700.0,
                700.0,
                700.0,
                700.0,
                700.0,
                700.0
            ],
            "daño_base": [
                35.0,
                35.0,
                35.0,
                35.0,
                35.0,
                35.0,
                35.0
            ],
            "escalado_1": 1.0,
            "escalado_2": 0.0,
            "parametros_extra": {
                "SlowBase": [
                    35.0,
                    35.0,
                    35.0,
                    35.0,
                    35.0,
                    35.0,
                    35.0
                ],
                "SlowPerTick": [
                    0.0,
                    3.0,
                    6.0,
                    9.0,
                    12.0,
                    15.0,
                    18.0
                ],
                "MaxSlowTooltipOnly": [
                    35.0,
                    47.0,
                    59.0,
                    71.0,
                    83.0,
                    95.0,
                    107.0
                ],
                "AttackSpeedSlowMult": [
                    0.75,
                    0.75,
                    0.75,
                    0.75,
                    0.75,
                    0.75,
                    0.75
                ],
                "Duration": [
                    5.0,
                    5.0,
                    5.0,
                    5.0,
                    5.0,
                    5.0,
                    5.0
                ]
            }
        },
        "E": {
            "nombre": "NasusEAbility/NasusE",
            "cooldown": [
                12.0,
                12.0,
                12.0,
                12.0,
                12.0,
                12.0,
                12.0
            ],
            "costo_mana": [
                60.0,
                70.0,
                80.0,
                90.0,
                100.0,
                100.0
            ],
            "rango": [
                650.0,
                650.0,
                650.0,
                650.0,
                650.0,
                650.0,
                650.0
            ],
            "daño_base": [
                10.0,
                10.0,
                16.0,
                22.0,
                28.0,
                34.0,
                34.0
            ],
            "escalado_1": 0.11999999731779099,
            "escalado_2": 0.6000000238418579
        },
        "R": {
            "nombre": "NasusRAbility/NasusR",
            "cooldown": [
                120.0,
                120.0,
                100.0,
                80.0,
                80.0,
                80.0,
                80.0
            ],
            "costo_mana": [
                100.0,
                100.0,
                100.0,
                100.0,
                100.0,
                0.0
            ],
            "rango": [],
            "daño_base": [
                0.019999999552965164,
                0.029999999329447746,
                0.03999999910593033,
                0.05000000074505806,
                0.05999999865889549,
                0.07000000029802322,
                0.07999999821186066
            ],
            "escalado_1": 0.009999999776482582,
            "escalado_2": 0.0,
            "parametros_extra": {
                "BonusHealth": [
                    150.0,
                    300.0,
                    450.0,
                    600.0,
                    750.0,
                    900.0,
                    1050.0
                ],
                "AttackRangeIncrease": [
                    50.0,
                    50.0,
                    50.0,
                    50.0,
                    50.0,
                    50.0,
                    50.0
                ],
                "TickRate": [
                    0.5,
                    0.5,
                    0.5,
                    0.5,
                    0.5,
                    0.5,
                    0.5
                ],
                "InitialResistGain": [
                    25.0,
                    40.0,
                    55.0,
                    70.0,
                    85.0,
                    100.0,
                    115.0
                ],
                "Duration": [
                    15.0,
                    15.0,
                    15.0,
                    15.0,
                    15.0,
                    15.0,
                    15.0
                ],
                "QCDR": [
                    0.5,
                    0.5,
                    0.5,
                    0.5,
                    0.5,
                    0.5,
                    0.5
                ],