{
    "nombre": "Nautilus",
    "stats_base": {
        "Vida": 646.0,
        "Vida_por_nivel": 100.0,
        "Regen_Vida": 1.7000000476837158,
        "Regen_Vida_por_nivel": 0.10999999940395355,
        "Daño_Ataque": 61.0,
        "Daño_Ataque_por_nivel": 3.299999952316284,
        "Armadura": 39.0,
        "Armadura_por_nivel": 4.949999809265137,
        "Resistencia_Magica_por_nivel": 2.049999952316284,
        "Vel_Movimiento": 325.0,
        "Rango_Ataque": 175.0,
        "Vel_Ataque_base": 0.7059999704360962,
        "Vel_Ataque_ratio": 0.6119999885559082,
        "Vel_Ataque_por_nivel": 1.0,
        "Mana": 400.0,
        "Mana_por_nivel": 47.0,
        "Regen_Mana": 1.7300000190734863,
        "Regen_Mana_por_nivel": 0.10000000149011612
    },
    "habilidades": {
        "Q": {
            "nombre": "NautilusAnchorDragAbility/NautilusAnchorDrag",
            "cooldown": [
                14.0,
                14.0,
                13.0,
                12.0,
                11.0,
                10.0,
                9.0
            ],
            "costo_mana": [
                60.0,
                60.0,
                60.0,
                60.0,
                60.0,
                60.0
            ],
            "rango": [
                10000.0,
                10000.0,
                10000.0,
                10000.0,
                10000.0,
                10000.0,
                10000.0
            ],
            "daño_base": [
                70.0,
                70.0,
                115.0,
                160.0,
                205.0,
                250.0,
                250.0
            ],
            "escalado_1": 0.8999999761581421,
            "escalado_2": 0.0,
            "parametros_extra": {
                "TerrainCDR": [
                    0.5,
                    0.5,
                    0.5,
                    0.5,
                    0.5,
                    0.5,
                    0.5
                ],
                "TerrainMana": [
                    0.5,
                    0.5,
                    0.5,
                    0.5,
                    0.5,
                    0.5,
                    0.5
                ],
                "TerrainReduction": [
                    0.5,
                    0.5,
                    0.5,
                    0.5,
                    0.5,
                    0.5,
                    0.5
                ],
                "TerrainManaRefund": [
                    0.5,
                    0.5,
                    0.5,
                    0.5,
                    0.5,
                    0.5,
                    0.5
                ]
            }
        },
        "W": {
            "nombre": "NautilusPiercingGazeAbility/NautilusPiercingGaze",
            "cooldown": [
                12.0,
                12.0,
                12.0,
                12.0,
                12.0,
                12.0,
                12.0
            ],
            "costo_mana": [
                60.0,
                60.0,
                60.0,
                60.0,
                60.0,
                60.0
            ],
            "rango": [
                600.0,
                700.0,
                800.0,
                900.0,
                1000.0,
                1100.0,
                1200.0
            ],
            "daño_base": [
                20.0,
                30.0,
                40.0,
                50.0,
                60.0,
                70.0,
                80.0
            ],
            "escalado_1": 0.4000000059604645,
            "escalado_2": 0.4000000059604645,
            "parametros_extra": {
                "ShieldBase": [
                    40.0,
                    50.0,
                    60.0,
                    70.0,
                    80.0,
                    90.0,
                    100.0
                ],
                "ShieldHealthRatio": [
                    0.07000000029802322,
                    0.07999999821186066,
                    0.09000000357627869,
                    0.10000000149011612,
                    0.10999999940395355,
                    0.11999999731779099,
                    0.12999999523162842
                ],
                "ShieldDuration": [
                    6.0,
                    6.0,
                    6.0,
                    6.0,
                    6.0,
                    6.0,
                    6.0
                ]
            }
        },
        "E": {
            "nombre": "NautilusSplashZoneAbility/NautilusSplashZone",
            "cooldown": [
                7.5,
                7.0,
                6.5,
                6.0,
                5.5,
                5.0,
                5.0
            ],
            "costo_mana": [
                50.0,
                60.0,
                70.0,
                80.0,
                90.0,
                100.0
            ],
            "rango": [],
            "daño_base": [
                20.0,
                55.0,
                90.0,
                125.0,
                160.0,
                195.0,
                230.0
            ],
            "escalado_1": 0.5,
            "escalado_2": 0.5,
            "parametros_extra": {
                "SlowPercent": [
                    0.25,
                    0.30000001192092896,
                    0.3499999940395355,
                    0.4000000059604645,
                    0.44999998807907104,
                    0.5,
                    0.550000011920929
                ],
                "SlowDuration": [
                    1.25,
                    1.25,
                    1.25,
                    1.25,
                    1.25,
                    1.25,
                    1.25
                ],
                "MultiHitReduction": [
                    0.5,
                    0.5,
                    0.5,
                    0.5,
                    0.5,
                    0.5,
                    0.5
                ],
                "ExtraWavePenalty": [
                    0.5,
                    0.5,
                    0.5,
                    0.5,
                    0.5,
                    0.5,
                    0.5
                ]
            }
        },
        "R": {
            "nombre": "NautilusGrandLineAbility/NautilusGrandLine",
            "cooldown": [
                120.0,
                120.0,
                100.0,
                80.0,
                80.0,
                80.0,
                80.0
            ],
            "costo_mana": [
                100.0,
                100.0,
                100.0,
                100.0,
                100.0,
                0.0
            ],
            "rango": [
                825.0,
                825.0,
                825.0,
                825.0,
                825.0,
                825.0,
                825.0
            ],
            "daño_base": [
                25.0,
                150.0,
                275.0,
                400.0,
                525.0,
                650.0,
                775.0
            ],
            "escalado_1": 0.0,
            "escalado_2": 0.0,
            "parametros_extra": {
                "StunDuration": [
                    0.5,
                    1.0,
                    1.5,
                    2.0,
                    2.5,
                    3.0,
                    3.5
                ]
            }
        }
    },
    "pasiva": {
        "nombre": "NautilusPassiveAbility",
        "descripcion": "game_buff_tooltip_NautilusPassive"
    }
}