{
    "nombre": "Neeko",
    "stats_base": {
        "Vida": 610.0,
        "Vida_por_nivel": 104.0,
        "Regen_Vida": 1.5,
        "Regen_Vida_por_nivel": 0.15000000596046448,
        "Daño_Ataque": 48.0,
        "Daño_Ataque_por_nivel": 2.5,
        "Armadura": 21.0,
        "Armadura_por_nivel": 5.199999809265137,
        "Resistencia_Magica_por_nivel": 1.2999999523162842,
        "Vel_Movimiento": 340.0,
        "Rango_Ataque": 550.0,
        "Vel_Ataque_base": 0.625,
        "Vel_Ataque_ratio": 0.6700000166893005,
        "Vel_Ataque_por_nivel": 3.5,
        "Mana": 450.0,
        "Mana_por_nivel": 30.0,
        "Regen_Mana": 1.399999976158142,
        "Regen_Mana_por_nivel": 0.14000000059604645
    },
    "habilidades": {
        "Q": {
            "nombre": "NeekoQAbility/NeekoQ",
            "cooldown": [
                9.0,
                9.0,
                8.5,
                8.0,
                7.5,
                7.0,
                7.0
            ],
            "costo_mana": [
                50.0,
                60.0,
                70.0,
                80.0,
                90.0,
                85.0
            ],
            "rango": [
                800.0,
                800.0,
                800.0,
                800.0,
                800.0,
                800.0,
                800.0
            ],
            "daño_base": [
                10.0,
                60.0,
                110.0,
                160.0,
                210.0,
                260.0,
                310.0
            ],
            "escalado_1": 0.0,
            "escalado_2": 0.0,
            "parametros_extra": {
                "SlowAmount": [
                    40.0,
                    40.0,
                    40.0,
                    40.0,
                    40.0,
                    40.0,
                    40.0
                ],
                "SlowDuration": [
                    1.0,
                    1.0,
                    1.0,
                    1.0,
                    1.0,
                    1.0,
                    1.0
                ],
                "RepeatDelay": [
                    0.75,
                    0.75,
                    0.75,
                    0.75,
                    0.75,
                    0.75,
                    0.75
                ],
                "MonsterBonus": [
                    20.0,
                    35.0,
                    50.0,
                    65.0,
                    80.0,
                    95.0,
                    110.0
                ]
            }
        },
        "W": {
            "nombre": "NeekoWAbility/NeekoW",
            "cooldown": [
                16.0,
                16.0,
                15.0,
                14.0,
                13.0,
                12.0,
                12.0
            ],
            "costo_mana": [],
            "rango": [
                900.0,
                900.0,
                900.0,
                900.0,
                900.0,
                900.0,
                900.0
            ],
            "daño_base": [
                0.0,
                0.75,
                0.75,
                0.75,
                0.75,
                0.75,
                0.75
            ],
            "escalado_1": 0.6000000238418579,
            "escalado_2": 0.6000000238418579,
            "parametros_extra": {
                "CloneDuration": [
                    3.0,
                    3.0,
                    3.0,
                    3.0,
                    3.0,
                    3.0,
                    3.0
                ],
                "StealthDuration": [
                    0.0,
                    0.5,
                    0.5,
                    0.5,
                    0.5,
                    0.5,
                    0.5
                ],
                "Haste": [
                    15.0,
                    20.0,
                    25.0,
                    30.0,
                    35.0,
                    40.0,
                    45.0
                ],
                "HasteDuration": [
                    3.0,
                    3.0,
                    3.0,
                    3.0,
                    3.0,
                    3.0,
                    3.0
                ],
                "PassiveHaste": [
                    2.5,
                    10.0,
                    17.5,
                    25.0,
                    32.5,
                    40.0,
                    47.5
                ],
                "PassiveHasteDuration": [
                    1.0,
                    1.0,
                    1.0,
                    1.0,
                    1.0,
                    1.0,
                    1.0
                ],
                "MonsterBonus": [
                    75.0,
                    75.0,
                    75.0,
                    75.0,
                    75.0,
                    75.0,
                    75.0
                ]
            }
        },
        "E": {
            "nombre": "NeekoEAbility/NeekoE",
            "cooldown": [
                12.0,
                12.0,
                11.5,
                11.0,
                10.5,
                10.0,
                10.0
            ],
            "costo_mana": [
                60.0,
                65.0,
                70.0,
                75.0,
                80.0,
                60.0
            ],
            "rango": [
                1000.0,
                1000.0,
                1000.0,
                1000.0,
                1000.0,
                1000.0,
                1000.0
            ],
            "daño_base": [
                35.0,
                70.0,
                105.0,
                140.0,
                175.0,
                210.0,
                245.0
            ],
            "escalado_1": 0.0,
            "escalado_2": 0.0,
            "parametros_extra": {
                "BaseRootDuration": [
                    0.0,
                    0.5,
                    0.5,
                    0.5,
                    0.5,
                    0.5,
                    0.5
                ],
                "MinRootDuration": [
                    0.5,
                    0.699999988079071,
                    0.8999999761581421,
                    1.100000023841858,
                    1.2999999523162842,
                    1.5,
                    1.7000000476837158
                ],
                "TargetsRequiredForMaxValue": [
                    0.0,
                    2.0,
                    2.0,
                    2.0,
                    2.0,
                    2.0,
                    2.0
                ],
                "MaxRootDuration": [
                    1.5,
                    1.7999999523162842,
                    2.0999999046325684,
                    2.4000000953674316,
                    2.700000047683716,
                    3.0,
                    3.299999952316284
                ],
                "EmpoweredWidth": [
                    100.0,
                    100.0,
                    100.0,
                    100.0,
                    100.0,
                    100.0,
                    100.0
                ],
                "EmpoweredSpeed": [
                    200.0,
                    200.0,
                    200.0,
                    200.0,
                    200.0,
                    200.0,
                    200.0
                ]
            }
        },
        "R": {
            "nombre": "NeekoRAbility/NeekoR",
            "cooldown": [
                120.0,
                120.0,
                105.0,
                90.0,
                90.0,
                90.0,
                90.0
            ],