{
    "nombre": "Nidalee",
    "stats_base": {
        "Vida": 610.0,
        "Vida_por_nivel": 109.0,
        "Regen_Vida": 1.2000000476837158,
        "Regen_Vida_por_nivel": 0.11999999731779099,
        "Daño_Ataque": 58.0,
        "Daño_Ataque_por_nivel": 3.5,
        "Armadura": 32.0,
        "Armadura_por_nivel": 5.0,
        "Resistencia_Magica_por_nivel": 1.4500000476837158,
        "Vel_Movimiento": 335.0,
        "Rango_Ataque": 525.0,
        "Vel_Ataque_base": 0.6380000114440918,
        "Vel_Ataque_ratio": 0.6380000114440918,
        "Vel_Ataque_por_nivel": 3.2200000286102295,
        "Mana": 295.0,
        "Mana_por_nivel": 45.0,
        "Regen_Mana": 1.2000000476837158,
        "Regen_Mana_por_nivel": 0.1599999964237213
    },
    "habilidades": {
        "Q": {
            "nombre": "JavelinTossAbility/JavelinToss",
            "cooldown": [
                6.0,
                6.0,
                6.0,
                6.0,
                6.0,
                6.0,
                6.0
            ],
            "costo_mana": [
                50.0,
                55.0,
                60.0,
                65.0,
                70.0,
                75.0
            ],
            "rango": [
                1500.0,
                1500.0,
                1500.0,
                1500.0,
                1500.0,
                1500.0,
                1500.0
            ],
            "daño_base": [
                50.0,
                70.0,
                90.0,
                110.0,
                130.0,
                150.0,
                170.0
            ],
            "escalado_1": 1.5,
            "escalado_2": 0.5
        },
        "W": {
            "nombre": "BushwhackAbility/Bushwhack",
            "cooldown": [
                14.0,
                13.0,
                12.0,
                11.0,
                10.0,
                9.0,
                9.0
            ],
            "costo_mana": [
                30.0,
                35.0,
                40.0,
                45.0,
                50.0,
                55.0
            ],
            "rango": [
                900.0,
                900.0,
                900.0,
                900.0,
                900.0,
                900.0,
                900.0
            ],
            "daño_base": [],
            "escalado_1": 0.05000000074505806,
            "escalado_2": 0.20000000298023224
        },
        "E": {
            "nombre": "PrimalSurgeAbility/PrimalSurge",
            "cooldown": [
                12.0,
                12.0,
                12.0,
                12.0,
                12.0,
                12.0,
                12.0
            ],
            "costo_mana": [
                50.0,
                55.0,
                60.0,
                65.0,
                70.0,
                75.0
            ],
            "rango": [
                900.0,
                900.0,
                900.0,
                900.0,
                900.0,
                900.0,
                900.0
            ],
            "daño_base": [],
            "escalado_1": 0.0,
            "escalado_2": 0.0,
            "parametros_extra": {
                "BaseHeal": [
                    25.0,
                    50.0,
                    75.0,
                    100.0,
                    125.0,
                    150.0,
                    175.0
                ],
                "MaxHealMult": [
                    1.0,
                    1.0,
                    1.0,
                    1.0,
                    1.0,
                    1.0,
                    1.0
                ],
                "MaxHealThreshold": [
                    0.05000000074505806,
                    0.05000000074505806,
                    0.05000000074505806,
                    0.05000000074505806,
                    0.05000000074505806,
                    0.05000000074505806,
                    0.05000000074505806
                ],
                "BonusAS": [
                    0.20000000298023224,
                    0.30000001192092896,
                    0.4000000059604645,
                    0.5,
                    0.6000000238418579,
                    0.699999988079071,
                    0.800000011920929
                ],
                "ASDuration": [
                    7.0,
                    7.0,
                    7.0,
                    7.0,
                    7.0,
                    7.0,
                    7.0
                ]
            }
        },
        "R": {
            "nombre": "AspectOfTheCougarAbility/AspectOfTheCougar",
            "cooldown": [
                3.0,
                3.0,
                3.0,
                3.0,
                3.0,
                3.0,
                3.0
            ],
            "costo_mana": [],
            "rango": [
                20.0,
                20.0,
                20.0,
                20.0,
                20.0,
                20.0,
                20.0
            ],
            "daño_base": [
                -20.0,
                5.0,
                30.0,
                55.0,
                80.0,
                105.0,
                130.0
            ],
            "escalado_1": 0.75,
            "escalado_2": 0.4000000059604645,
            "parametros_extra": {
                "PassivePercentMS": [
                    10.0,
                    10.0,
                    10.0,
                    10.0,
                    10.0,
                    10.0,
                    10.0
                ],
                "PounceCooldown": [
                    3.5,
                    3.0,
                    2.5,
                    2.0,
                    1.5,
                    1.5,
                    1.5
                ]
            }
        }
    },
    "pasiva": {
        "nombre": "NidaleePassiveHuntAbility",
        "descripcion": "game_buff_tooltip_NidaleePassiveHunt"
    }
}