{
    "nombre": "Nilah",
    "stats_base": {
        "Vida": 570.0,
        "Vida_por_nivel": 101.0,
        "Regen_Vida": 1.2000000476837158,
        "Regen_Vida_por_nivel": 0.18000000715255737,
        "Daño_Ataque": 58.0,
        "Daño_Ataque_por_nivel": 2.0,
        "Armadura": 27.0,
        "Armadura_por_nivel": 4.199999809265137,
        "Resistencia_Magica_por_nivel": 2.049999952316284,
        "Vel_Movimiento": 340.0,
        "Rango_Ataque": 225.0,
        "Vel_Ataque_base": 0.6970000267028809,
        "Vel_Ataque_ratio": 0.6700000166893005,
        "Vel_Ataque_por_nivel": 1.25,
        "Mana": 350.0,
        "Mana_por_nivel": 35.0,
        "Regen_Mana": 1.6399999856948853,
        "Regen_Mana_por_nivel": 0.14000000059604645
    },
    "habilidades": {
        "Q": {
            "nombre": "NilahQAbility/NilahQ",
            "cooldown": [
                4.0,
                4.0,
                4.0,
                4.0,
                4.0,
                4.0,
                4.0
            ],
            "costo_mana": [
                30.0,
                30.0,
                30.0,
                30.0,
                30.0,
                30.0
            ],
            "rango": [
                25000.0,
                25000.0,
                25000.0,
                25000.0,
                25000.0,
                25000.0,
                25000.0
            ],
            "daño_base": [
                -10.0,
                0.0,
                10.0,
                20.0,
                30.0,
                40.0,
                50.0
            ],
            "escalado_1": 1.0,
            "escalado_2": 0.0,
            "parametros_extra": {
                "CheatingThreshold": [
                    20.0,
                    20.0,
                    20.0,
                    20.0,
                    20.0,
                    20.0,
                    20.0
                ],
                "CastRange": [
                    600.0,
                    600.0,
                    600.0,
                    600.0,
                    600.0,
                    600.0,
                    600.0
                ],
                "CritHealScalar": [
                    0.20000000298023224,
                    0.20000000298023224,
                    0.20000000298023224,
                    0.20000000298023224,
                    0.20000000298023224,
                    0.20000000298023224,
                    0.20000000298023224
                ],
                "CritArmorPenScalar": [
                    0.30000001192092896,
                    0.30000001192092896,
                    0.30000001192092896,
                    0.30000001192092896,
                    0.30000001192092896,
                    0.30000001192092896,
                    0.30000001192092896
                ],
                "MinionMod": [
                    0.33000001311302185,
                    0.33000001311302185,
                    0.33000001311302185,
                    0.33000001311302185,
                    0.33000001311302185,
                    0.33000001311302185,
                    0.33000001311302185
                ],
                "BuffDuration": [
                    4.0,
                    4.0,
                    4.0,
                    4.0,
                    4.0,
                    4.0,
                    4.0
                ],
                "RangeIncrease": [
                    125.0,
                    125.0,
                    125.0,
                    125.0,
                    125.0,
                    125.0,
                    125.0
                ],
                "MonsterMod": [
                    1.0,
                    1.0,
                    1.0,
                    1.0,
                    1.0,
                    1.0,
                    1.0
                ],
                "ShieldDuration": [
                    4.0,
                    4.0,
                    4.0,
                    4.0,
                    4.0,
                    4.0,
                    4.0
                ],
                "ActiveCritScaling": [
                    0.699999988079071,
                    0.699999988079071,
                    0.699999988079071,
                    0.699999988079071,
                    0.699999988079071,
                    0.699999988079071,
                    0.699999988079071
                ]
            }
        },
        "W": {
            "nombre": "NilahWAbility/NilahW",
            "cooldown": [
                26.0,
                26.0,
                25.0,
                24.0,
                23.0,
                22.0,
                21.0
            ],
            "costo_mana": [
                60.0,
                45.0,
                30.0,
                15.0,
                0.0,
                0.0
            ],
            "rango": [
                150.0,
                150.0,
                150.0,
                150.0,
                150.0,
                150.0,
                150.0
            ],
            "daño_base": [
                0.25,
                0.25,
                0.25,
                0.25,
                0.25,
                0.25,
                0.25
            ],
            "escalado_1": 0.0,
            "escalado_2": 0.0,
            "parametros_extra": {
                "MoveSpeedPercent": [
                    0.125,
                    0.15000000596046448,
                    0.17499999701976776,
                    0.20000000298023224,
                    0.22499999403953552,
                    0.25,
                    0.2750000059604645
                ],
                "BaseDuration": [
                    2.25,
                    2.25,
                    2.25,
                    2.25,
                    2.25,
                    2.25,
                    2.25
                ],
                "ShareBaseDuration": [
                    1.5,
                    1.5,
                    1.5,
                    1.5,
                    1.5,
                    1.5,
                    1.5
                ],
                "ExtensionBonus": [
                    0.75,
                    0.75,
                    0.75,
                    0.75,
                    0.75,
                    0.75,
                    0.75
                ],
                "AreaTriggerSize": [
                    150.0,
                    150.0,
                    150.0,
                    150.0,
                    150.0,
                    150.0,
                    150.0
                ]
            }
        },
        "E": {
            "nombre": "NilahEAbility/NilahE",
            "cooldown": [
                0.5,
                0.5,
                0.5,
                0.5,
                0.5,
                0.5,
                0.5
            ],
            "costo_mana": [
                40.0,
                40.0,
                40.0,
                40.0,
                40.0,
                40.0
            ],
            "rango": [
                550.0,
                550.0,
                550.0,
                550.0,
                550.0,
                550.0,
                550.0
            ],
            "daño_base": [
                50.0,
                60.0,
                70.0,
                80.0,
                90.0,
                100.0,
                110.0
            ],
            "escalado_1": 0.6000000238418579,
            "escalado_2": 0.0,
            "parametros_extra": {
                "DashSpeed": [
                    2200.0,
                    2200.0,
                    2200.0,
                    2200.0,
                    2200.0,
                    2200.0,
                    2200.0
                ],