{
    "nombre": "Nocturne",
    "stats_base": {
        "Vida": 655.0,
        "Vida_por_nivel": 109.0,
        "Regen_Vida": 1.399999976158142,
        "Regen_Vida_por_nivel": 0.15000000596046448,
        "Daño_Ataque": 62.0,
        "Daño_Ataque_por_nivel": 2.5999999046325684,
        "Armadura": 38.0,
        "Armadura_por_nivel": 4.199999809265137,
        "Resistencia_Magica_por_nivel": 1.5499999523162842,
        "Vel_Movimiento": 345.0,
        "Rango_Ataque": 125.0,
        "Vel_Ataque_base": 0.7210000157356262,
        "Vel_Ataque_ratio": 0.7210000157356262,
        "Vel_Ataque_por_nivel": 2.700000047683716,
        "Mana": 275.0,
        "Mana_por_nivel": 35.0,
        "Regen_Mana": 1.399999976158142,
        "Regen_Mana_por_nivel": 0.09000000357627869
    },
    "habilidades": {
        "Q": {
            "nombre": "NocturneDuskbringerAbility/NocturneDuskbringer",
            "cooldown": [
                8.0,
                8.0,
                8.0,
                8.0,
                8.0,
                8.0,
                8.0
            ],
            "costo_mana": [
                60.0,
                65.0,
                70.0,
                75.0,
                80.0,
                85.0
            ],
            "rango": [
                1200.0,
                1200.0,
                1200.0,
                1200.0,
                1200.0,
                1200.0,
                1200.0
            ],
            "daño_base": [
                15.0,
                15.0,
                20.0,
                25.0,
                30.0,
                35.0,
                40.0
            ],
            "escalado_1": 0.8500000238418579,
            "escalado_2": 0.0,
            "parametros_extra": {
                "MoveSpeed": [
                    15.0,
                    20.0,
                    25.0,
                    30.0,
                    35.0,
                    40.0,
                    45.0
                ],
                "BonusTrailAD": [
                    5.0,
                    15.0,
                    25.0,
                    35.0,
                    45.0,
                    55.0,
                    65.0
                ],
                "TrailDuration": [
                    5.0,
                    5.0,
                    5.0,
                    5.0,
                    5.0,
                    5.0,
                    5.0
                ]
            }
        },
        "W": {
            "nombre": "NocturneShroudofDarknessAbility/NocturneShroudofDarkness",
            "cooldown": [
                22.0,
                20.0,
                18.0,
                16.0,
                14.0,
                12.0,
                12.0
            ],
            "costo_mana": [
                50.0,
                50.0,
                50.0,
                50.0,
                50.0,
                50.0
            ],
            "rango": [
                20.0,
                20.0,
                20.0,
                20.0,
                20.0,
                20.0,
                20.0
            ],
            "daño_base": [
                30.0,
                30.0,
                35.0,
                40.0,
                45.0,
                50.0,
                55.0
            ],
            "escalado_1": 1.0,
            "escalado_2": 0.0,
            "parametros_extra": {
                "ActiveAS": [
                    30.0,
                    30.0,
                    35.0,
                    40.0,
                    45.0,
                    50.0,
                    55.0
                ],
                "PassiveAS": [
                    0.30000001192092896,
                    0.30000001192092896,
                    0.05000000074505806,
                    0.05000000074505806,
                    0.05000000074505806,
                    0.05000000074505806,
                    0.05000000074505806
                ],
                "ShieldDuration": [
                    1.5,
                    1.5,
                    1.5,
                    1.5,
                    1.5,
                    1.5,
                    1.5
                ],
                "DoubleASDuration": [
                    5.0,
                    5.0,
                    5.0,
                    5.0,
                    5.0,
                    5.0,
                    5.0
                ]
            }
        },
        "E": {
            "nombre": "NocturneUnspeakableHorrorAbility/NocturneUnspeakableHorror",
            "cooldown": [
                16.0,
                15.0,
                14.0,
                13.0,
                12.0,
                11.0,
                11.0
            ],
            "costo_mana": [
                60.0,
                65.0,
                70.0,
                75.0,
                80.0,
                85.0
            ],
            "rango": [
                425.0,
                425.0,
                425.0,
                425.0,
                425.0,
                425.0,
                425.0
            ],
            "daño_base": [
                35.0,
                80.0,
                125.0,
                170.0,
                215.0,
                260.0,
                305.0
            ],
            "escalado_1": 1.0,
            "escalado_2": 0.0,
            "parametros_extra": {
                "TooltipFearMS": [
                    0.8999999761581421,
                    0.8999999761581421,
                    0.8999999761581421,
                    0.8999999761581421,
                    0.8999999761581421,
                    0.8999999761581421,
                    0.8999999761581421
                ],
                "CCDuration": [
                    1.0,
                    1.25,
                    1.5,
                    1.75,
                    2.0,
                    2.25,
                    2.5
                ],
                "LeashDuration": [
                    2.0,
                    2.0,
                    2.0,
                    2.0,
                    2.0,
                    2.0,
                    2.0
                ],
                "LeashBreakRange": [
                    465.0,
                    465.0,
                    465.0,
                    465.0,
                    465.0,
                    465.0,
                    465.0
                ]
            }
        },
        "R": {
            "nombre": "NocturneParanoiaAbility/NocturneParanoia",
            "cooldown": [
                140.0,
                140.0,
                115.0,
                90.0,
                90.0,
                90.0,
                90.0
            ],
            "costo_mana": [
                100.0,
                100.0,
                100.0,
                0.0,
                0.0,
                0.0
            ],
            "rango": [
                2500.0,
                2500.0,
                3250.0,
                4000.0,
                2500.0,
                2500.0,
                2500.0
            ],
            "daño_base": [
                150.0,
                150.0,
                275.0,
                400.0,
                525.0,
                650.0,
                775.0
            ],
            "escalado_1": 0.0,
            "escalado_2": 0.0,
            "parametros_extra": {
                "ParanoiaDuration": [
                    6.0,
                    6.0,
                    6.0,
                    6.0,
                    6.0,
                    6.0,
                    6.0
                ],
                "TrackDistance": [
                    3500.0,
                    3500.0,
                    4250.0,
                    5000.0,
                    5750.0,
                    6500.0,
                    7250.0
                ],