{
    "nombre": "Nunu",
    "stats_base": {
        "Vida": 610.0,
        "Vida_por_nivel": 90.0,
        "Regen_Vida_por_nivel": 0.1599999964237213,
        "Daño_Ataque": 61.0,
        "Daño_Ataque_por_nivel": 3.0,
        "Armadura": 29.0,
        "Armadura_por_nivel": 4.199999809265137,
        "Resistencia_Magica_por_nivel": 2.049999952316284,
        "Vel_Movimiento": 345.0,
        "Rango_Ataque": 125.0,
        "Vel_Ataque_base": 0.625,
        "Vel_Ataque_ratio": 0.625,
        "Vel_Ataque_por_nivel": 2.25,
        "Mana": 280.0,
        "Mana_por_nivel": 42.0,
        "Regen_Mana": 1.399999976158142,
        "Regen_Mana_por_nivel": 0.10000000149011612
    },
    "habilidades": {
        "Q": {
            "nombre": "NunuQAbility/NunuQ",
            "cooldown": [
                13.0,
                13.0,
                12.0,
                11.0,
                10.0,
                9.0,
                8.0
            ],
            "costo_mana": [
                60.0,
                60.0,
                60.0,
                60.0,
                60.0,
                60.0
            ],
            "rango": [
                125.0,
                125.0,
                125.0,
                125.0,
                125.0,
                125.0,
                125.0
            ],
            "daño_base": [
                200.0,
                400.0,
                600.0,
                800.0,
                1000.0,
                1200.0,
                1400.0
            ],
            "escalado_1": 0.6499999761581421,
            "escalado_2": 0.6499999761581421,
            "parametros_extra": {
                "BaseHealing": [
                    35.0,
                    65.0,
                    95.0,
                    125.0,
                    155.0,
                    185.0,
                    215.0
                ],
                "PercentageOfBonusHP": [
                    0.10000000149011612,
                    0.10000000149011612,
                    0.10000000149011612,
                    0.10000000149011612,
                    0.10000000149011612,
                    0.10000000149011612,
                    0.10000000149011612
                ],
                "ChampionHealingScalar": [
                    0.6000000238418579,
                    0.6000000238418579,
                    0.6000000238418579,
                    0.6000000238418579,
                    0.6000000238418579,
                    0.6000000238418579,
                    0.6000000238418579
                ],
                "LowHealthThreshhold": [
                    0.5,
                    0.5,
                    0.5,
                    0.5,
                    0.5,
                    0.5,
                    0.5
                ],
                "LowHealthHealingScalar": [
                    0.5,
                    0.5,
                    0.5,
                    0.5,
                    0.5,
                    0.5,
                    0.5
                ]
            }
        },
        "W": {
            "nombre": "NunuWAbility/NunuW",
            "cooldown": [
                14.0,
                14.0,
                14.0,
                14.0,
                14.0,
                14.0,
                14.0
            ],
            "costo_mana": [
                50.0,
                55.0,
                60.0,
                65.0,
                70.0,
                70.0
            ],
            "rango": [
                25000.0,
                25000.0,
                25000.0,
                25000.0,
                25000.0,
                25000.0,
                25000.0
            ],
            "daño_base": [
                135.0,
                180.0,
                225.0,
                270.0,
                315.0,
                360.0,
                405.0
            ],
            "escalado_1": 1.5,
            "escalado_2": 1.5,
            "parametros_extra": {
                "MonsterCollisionRadiusScalar": [
                    1.25,
                    1.25,
                    1.25,
                    1.25,
                    1.25,
                    1.25,
                    1.25
                ],
                "MonsterImpactRadiusScalar": [
                    1.75,
                    1.75,
                    1.75,
                    1.75,
                    1.75,
                    1.75,
                    1.75
                ],
                "InitialCastRadiusScalar": [
                    2.5,
                    2.5,
                    2.5,
                    2.5,
                    2.5,
                    2.5,
                    2.5
                ],
                "WalkDistanceAfterThrow": [
                    0.0,
                    350.0,
                    350.0,
                    350.0,
                    350.0,
                    350.0,
                    350.0
                ],
                "TurnRateMultiplier1": [
                    1.75,
                    1.75,
                    1.75,
                    1.75,
                    1.75,
                    1.75,
                    1.75
                ],
                "TurnRateMultiplier2": [
                    2.5,
                    2.5,
                    2.5,
                    2.5,
                    2.5,
                    2.5,
                    2.5
                ],
                "TurnRateMultiplier3": [
                    3.25,
                    3.25,
                    3.25,
                    3.25,
                    3.25,
                    3.25,
                    3.25
                ],
                "TurnRateMultTime1": [
                    1.0,
                    1.0,
                    1.0,
                    1.0,
                    1.0,
                    1.0,
                    1.0
                ],
                "TurnRateMultTime2": [
                    2.0,
                    2.0,
                    2.0,
                    2.0,
                    2.0,
                    2.0,
                    2.0
                ],
                "TurnRateMultTime3": [
                    3.0,
                    3.0,
                    3.0,
                    3.0,
                    3.0,
                    3.0,
                    3.0
                ],
                "MaxDuration": [
                    10.0,
                    10.0,
                    10.0,
                    10.0,
                    10.0,
                    10.0,
                    10.0
                ],
                "BaseKnockupDuration": [
                    0.5,
                    0.5,
                    0.5,
                    0.5,
                    0.5,
                    0.5,
                    0.5
                ],
                "AdditionalKnockupOverTime": [
                    0.25,
                    0.25,
                    0.25,
                    0.25,
                    0.25,
                    0.25,
                    0.25
                ],
                "AdditionalStunDurationOverTime": [
                    0.75,
                    0.75,
                    0.75,
                    0.75,
                    0.75,
                    0.75,
                    0.75
                ],
                "MaximumSnowballRollDistance": [
                    1750.0,
                    1750.0,
                    1750.0,
                    1750.0,
                    1750.0,
                    1750.0,
                    1750.0
                ],
                "MinimumSnowballRollDistance": [
                    750.0,
                    750.0,
                    750.0,
                    750.0,
                    750.0,
                    750.0,
                    750.0
                ],