{
    "nombre": "Olaf",
    "stats_base": {
        "Vida": 645.0,
        "Vida_por_nivel": 119.0,
        "Regen_Vida": 1.2999999523162842,
        "Regen_Vida_por_nivel": 0.11999999731779099,
        "Daño_Ataque": 68.0,
        "Daño_Ataque_por_nivel": 4.699999809265137,
        "Armadura": 35.0,
        "Armadura_por_nivel": 4.199999809265137,
        "Resistencia_Magica_por_nivel": 2.049999952316284,
        "Vel_Movimiento": 350.0,
        "Rango_Ataque": 125.0,
        "Vel_Ataque_base": 0.7200000286102295,
        "Vel_Ataque_ratio": 0.6940000057220459,
        "Vel_Ataque_por_nivel": 2.700000047683716,
        "Mana": 316.0,
        "Mana_por_nivel": 50.0,
        "Regen_Mana": 1.5,
        "Regen_Mana_por_nivel": 0.11999999731779099
    },
    "habilidades": {
        "Q": {
            "nombre": "OlafAxeThrowCastAbility/OlafAxeThrowCast",
            "cooldown": [
                9.0,
                9.0,
                9.0,
                9.0,
                9.0,
                9.0,
                9.0
            ],
            "costo_mana": [
                50.0,
                55.0,
                60.0,
                65.0,
                70.0,
                70.0
            ],
            "rango": [
                1000.0,
                1000.0,
                1000.0,
                1000.0,
                1000.0,
                1000.0,
                1000.0
            ],
            "daño_base": [
                20.0,
                70.0,
                120.0,
                170.0,
                220.0,
                270.0,
                320.0
            ],
            "escalado_1": 1.0,
            "escalado_2": 0.5,
            "parametros_extra": {
                "MinimumRange": [
                    425.0,
                    425.0,
                    425.0,
                    425.0,
                    425.0,
                    425.0,
                    425.0
                ],
                "SlowAmount": [
                    0.25,
                    0.30000001192092896,
                    0.3499999940395355,
                    0.4000000059604645,
                    0.44999998807907104,
                    0.5,
                    0.550000011920929
                ],
                "ShredAmount": [
                    0.20000000298023224,
                    0.20000000298023224,
                    0.20000000298023224,
                    0.20000000298023224,
                    0.20000000298023224,
                    0.20000000298023224,
                    0.20000000298023224
                ],
                "DebuffDuration": [
                    4.0,
                    4.0,
                    4.0,
                    4.0,
                    4.0,
                    4.0,
                    4.0
                ],
                "MinimumCooldown": [
                    2.5,
                    2.5,
                    2.5,
                    2.5,
                    2.5,
                    2.5,
                    2.5
                ],
                "MaxSlowDuration": [
                    3.0,
                    3.0,
                    3.0,
                    3.0,
                    3.0,
                    3.0,
                    3.0
                ],
                "MinSlowDuration": [
                    1.0,
                    1.0,
                    1.0,
                    1.0,
                    1.0,
                    1.0,
                    1.0
                ],
                "MaxSlowDistance": [
                    800.0,
                    800.0,
                    800.0,
                    800.0,
                    800.0,
                    800.0,
                    800.0
                ],
                "MinSlowDistance": [
                    400.0,
                    400.0,
                    400.0,
                    400.0,
                    400.0,
                    400.0,
                    400.0
                ]
            }
        },
        "W": {
            "nombre": "OlafFrenziedStrikesAbility/OlafFrenziedStrikes",
            "cooldown": [
                16.0,
                16.0,
                15.0,
                14.0,
                13.0,
                12.0,
                11.0
            ],
            "costo_mana": [
                50.0,
                50.0,
                50.0,
                50.0,
                50.0,
                50.0
            ],
            "rango": [
                700.0,
                700.0,
                700.0,
                700.0,
                700.0,
                700.0,
                700.0
            ],
            "daño_base": [],
            "escalado_1": 1.0,
            "escalado_2": 0.0,
            "parametros_extra": {
                "Attackspeed": [
                    0.30000001192092896,
                    0.4000000059604645,
                    0.5,
                    0.6000000238418579,
                    0.699999988079071,
                    0.800000011920929,
                    0.8999999761581421
                ],
                "Duration": [
                    5.0,
                    5.0,
                    5.0,
                    5.0,
                    5.0,
                    5.0,
                    5.0
                ],
                "ShieldPercMissingHP": [
                    0.17499999701976776,
                    0.17499999701976776,
                    0.17499999701976776,
                    0.17499999701976776,
                    0.17499999701976776,
                    0.17499999701976776,
                    0.17499999701976776
                ],
                "ShieldDuration": [
                    2.5,
                    2.5,
                    2.5,
                    2.5,
                    2.5,
                    2.5,
                    2.5
                ],
                "BaseShield": [
                    -20.0,
                    10.0,
                    40.0,
                    70.0,
                    100.0,
                    130.0,
                    160.0
                ],
                "ThresholdForMax": [
                    0.30000001192092896,
                    0.30000001192092896,
                    0.30000001192092896,
                    0.30000001192092896,
                    0.30000001192092896,
                    0.30000001192092896,
                    0.30000001192092896
                ]
            }
        },
        "E": {
            "nombre": "OlafRecklessStrikeAbility/OlafRecklessStrike",
            "cooldown": [
                12.0,
                11.0,
                10.0,
                9.0,
                8.0,
                7.0,
                6.0
            ],
            "costo_mana": [],
            "rango": [
                325.0,
                325.0,
                325.0,
                325.0,
                325.0,
                325.0,
                325.0
            ],
            "daño_base": [
                25.0,
                70.0,
                115.0,
                160.0,
                205.0,
                250.0,
                250.0
            ],
            "escalado_1": 0.5,
            "escalado_2": 0.0,
            "parametros_extra": {
                "Cast_Time_Base": [
                    0.25,
                    0.25,
                    0.25,
                    0.25,
                    0.25,
                    0.25,
                    0.25
                ],
                "Cast_Time_Min": [
                    0.17499999701976776,
                    0.17499999701976776,
                    0.17499999701976776,
                    0.17499999701976776,
                    0.17499999701976776,
                    0.17499999701976776,
                    0.17499999701976776
                ],