{
    "nombre": "Orianna",
    "stats_base": {
        "Vida": 585.0,
        "Vida_por_nivel": 110.0,
        "Regen_Vida": 1.399999976158142,
        "Regen_Vida_por_nivel": 0.10999999940395355,
        "Daño_Ataque": 44.0,
        "Daño_Ataque_por_nivel": 2.5999999046325684,
        "Armadura": 20.0,
        "Armadura_por_nivel": 4.199999809265137,
        "Resistencia_Magica_por_nivel": 1.2999999523162842,
        "Vel_Movimiento": 325.0,
        "Rango_Ataque": 525.0,
        "Vel_Ataque_base": 0.6579999923706055,
        "Vel_Ataque_ratio": 0.6579999923706055,
        "Vel_Ataque_por_nivel": 3.5,
        "Mana": 418.0,
        "Mana_por_nivel": 25.0,
        "Regen_Mana": 1.600000023841858,
        "Regen_Mana_por_nivel": 0.1599999964237213
    },
    "habilidades": {
        "Q": {
            "nombre": "OrianaIzunaCommandAbility/OrianaIzunaCommand",
            "cooldown": [
                7.0,
                7.0,
                6.0,
                5.0,
                4.0,
                3.0,
                3.0
            ],
            "costo_mana": [
                35.0,
                35.0,
                35.0,
                35.0,
                35.0,
                35.0
            ],
            "rango": [
                825.0,
                825.0,
                825.0,
                825.0,
                825.0,
                825.0,
                825.0
            ],
            "daño_base": [
                30.0,
                60.0,
                90.0,
                120.0,
                150.0,
                180.0,
                210.0
            ],
            "escalado_1": 0.550000011920929,
            "escalado_2": 0.0
        },
        "W": {
            "nombre": "OrianaDissonanceCommandAbility/OrianaDissonanceCommand",
            "cooldown": [
                7.0,
                7.0,
                7.0,
                7.0,
                7.0,
                7.0,
                7.0
            ],
            "costo_mana": [
                60.0,
                65.0,
                70.0,
                75.0,
                80.0,
                85.0
            ],
            "rango": [
                10000.0,
                10000.0,
                10000.0,
                10000.0,
                10000.0,
                10000.0,
                10000.0
            ],
            "daño_base": [
                30.0,
                70.0,
                110.0,
                150.0,
                190.0,
                230.0,
                270.0
            ],
            "escalado_1": 0.800000011920929,
            "escalado_2": 0.800000011920929,
            "parametros_extra": {
                "SlowAmount": [
                    0.15000000596046448,
                    0.20000000298023224,
                    0.25,
                    0.30000001192092896,
                    0.3499999940395355,
                    0.4000000059604645,
                    0.44999998807907104
                ],
                "HasteAmount": [
                    0.15000000596046448,
                    0.20000000298023224,
                    0.25,
                    0.30000001192092896,
                    0.3499999940395355,
                    0.4000000059604645,
                    0.44999998807907104
                ],
                "FieldDuration": [
                    3.0,
                    3.0,
                    3.0,
                    3.0,
                    3.0,
                    3.0,
                    3.0
                ],
                "SlowAndHasteDuration": [
                    2.0,
                    2.0,
                    2.0,
                    2.0,
                    2.0,
                    2.0,
                    2.0
                ]
            }
        },
        "E": {
            "nombre": "OrianaRedactCommandAbility/OrianaRedactCommand",
            "cooldown": [
                9.0,
                9.0,
                9.0,
                9.0,
                9.0,
                9.0,
                9.0
            ],
            "costo_mana": [
                60.0,
                60.0,
                60.0,
                60.0,
                60.0,
                60.0
            ],
            "rango": [
                1120.0,
                1120.0,
                1120.0,
                1120.0,
                1120.0,
                1120.0,
                1120.0
            ],
            "daño_base": [
                20.0,
                55.0,
                90.0,
                125.0,
                160.0,
                195.0,
                230.0
            ],
            "escalado_1": 0.44999998807907104,
            "escalado_2": 0.30000001192092896
        },
        "R": {
            "nombre": "OrianaDetonateCommandAbility/OrianaDetonateCommand",
            "cooldown": [
                110.0,
                110.0,
                95.0,
                80.0,
                80.0,
                80.0,
                80.0
            ],
            "costo_mana": [
                100.0,
                100.0,
                100.0,
                100.0,
                100.0,
                100.0
            ],
            "rango": [
                410.0,
                10000.0,
                10000.0,
                10000.0,
                10000.0,
                10000.0,
                10000.0
            ],
            "daño_base": [
                100.0,
                250.0,
                400.0,
                550.0,
                700.0,
                850.0,
                1000.0
            ],
            "escalado_1": 0.699999988079071,
            "escalado_2": 0.0,
            "parametros_extra": {
                "AoERadius": [
                    415.0,
                    415.0,
                    415.0,
                    415.0,
                    415.0,
                    415.0,
                    415.0
                ],
                "StunDuration": [
                    0.75,
                    0.75,
                    0.75,
                    0.75,
                    0.75,
                    0.75,
                    0.75
                ]
            }
        }
    },
    "pasiva": {
        "nombre": "OriannaPAbility",
        "descripcion": ""
    }
}