{
    "nombre": "Ornn",
    "stats_base": {
        "Vida": 660.0,
        "Vida_por_nivel": 109.0,
        "Regen_Vida": 1.7999999523162842,
        "Regen_Vida_por_nivel": 0.18000000715255737,
        "Daño_Ataque": 69.0,
        "Daño_Ataque_por_nivel": 3.5,
        "Armadura": 33.0,
        "Armadura_por_nivel": 5.199999809265137,
        "Resistencia_Magica_por_nivel": 2.049999952316284,
        "Vel_Movimiento": 335.0,
        "Rango_Ataque": 175.0,
        "Vel_Ataque_base": 0.625,
        "Vel_Ataque_ratio": 0.625,
        "Vel_Ataque_por_nivel": 2.0,
        "Mana": 341.0,
        "Mana_por_nivel": 65.0,
        "Regen_Mana": 1.600000023841858,
        "Regen_Mana_por_nivel": 0.11999999731779099
    },
    "habilidades": {
        "Q": {
            "nombre": "OrnnQAbility/OrnnQ",
            "cooldown": [
                9.0,
                9.0,
                8.5,
                8.0,
                7.5,
                7.0,
                6.5
            ],
            "costo_mana": [
                45.0,
                45.0,
                45.0,
                45.0,
                45.0,
                45.0
            ],
            "rango": [
                750.0,
                750.0,
                750.0,
                750.0,
                750.0,
                750.0,
                750.0
            ],
            "daño_base": [
                20.0,
                20.0,
                45.0,
                70.0,
                95.0,
                120.0,
                145.0
            ],
            "escalado_1": 1.100000023841858,
            "escalado_2": 0.0,
            "parametros_extra": {
                "PillarDuration": [
                    4.0,
                    4.0,
                    4.0,
                    4.0,
                    4.0,
                    4.0,
                    4.0
                ],
                "SlowAmount": [
                    40.0,
                    40.0,
                    40.0,
                    40.0,
                    40.0,
                    40.0,
                    40.0
                ],
                "SlowDuration": [
                    2.0,
                    2.0,
                    2.0,
                    2.0,
                    2.0,
                    2.0,
                    2.0
                ]
            }
        },
        "W": {
            "nombre": "OrnnWAbility/OrnnW",
            "cooldown": [
                12.5,
                12.0,
                11.5,
                11.0,
                10.5,
                10.0,
                9.5
            ],
            "costo_mana": [
                45.0,
                50.0,
                55.0,
                60.0,
                65.0,
                70.0
            ],
            "rango": [
                25000.0,
                25000.0,
                25000.0,
                25000.0,
                25000.0,
                25000.0,
                25000.0
            ],
            "daño_base": [
                6.0,
                16.0,
                26.0,
                36.0,
                46.0,
                56.0,
                66.0
            ],
            "escalado_1": 0.0,
            "escalado_2": 0.0,
            "parametros_extra": {
                "NumberOfTicks": [
                    5.0,
                    5.0,
                    5.0,
                    5.0,
                    5.0,
                    5.0,
                    5.0
                ],
                "BreathDuration": [
                    0.75,
                    0.75,
                    0.75,
                    0.75,
                    0.75,
                    0.75,
                    0.75
                ],
                "RectangleWidth": [
                    175.0,
                    175.0,
                    175.0,
                    175.0,
                    175.0,
                    175.0,
                    175.0
                ],
                "RectangleLength": [
                    500.0,
                    500.0,
                    500.0,
                    500.0,
                    500.0,
                    500.0,
                    500.0
                ],
                "MovementSpeedReduction": [
                    0.3499999940395355,
                    0.3499999940395355,
                    0.3499999940395355,
                    0.3499999940395355,
                    0.3499999940395355,
                    0.3499999940395355,
                    0.3499999940395355
                ],
                "FinalTickRectangleLength": [
                    560.0,
                    560.0,
                    560.0,
                    560.0,
                    560.0,
                    560.0,
                    560.0
                ],
                "PercentHPPerTick": [
                    0.02199999988079071,
                    0.024000000208616257,
                    0.026000000536441803,
                    0.02800000086426735,
                    0.029999999329447746,
                    0.03200000151991844,
                    0.03400000184774399
                ],
                "MaxPercentHPPerTickTooltip": [
                    11.0,
                    12.0,
                    13.0,
                    14.0,
                    15.0,
                    16.0,
                    17.0
                ],
                "BrittleDuration": [
                    3.0,
                    3.0,
                    3.0,
                    3.0,
                    3.0,
                    3.0,
                    3.0
                ]
            }
        },
        "E": {
            "nombre": "OrnnEAbility/OrnnE",
            "cooldown": [
                14.0,
                14.0,
                13.5,
                13.0,
                12.5,
                12.0,
                12.0
            ],
            "costo_mana": [
                35.0,
                40.0,
                45.0,
                50.0,
                55.0,
                60.0
            ],
            "rango": [
                25000.0,
                25000.0,
                25000.0,
                25000.0,
                25000.0,
                25000.0,
                25000.0
            ],
            "daño_base": [
                35.0,
                80.0,
                125.0,
                170.0,
                215.0,
                260.0,
                305.0
            ],
            "escalado_1": 0.4000000059604645,
            "escalado_2": 0.4000000059604645,
            "parametros_extra": {
                "KnockupDuration": [
                    1.25,
                    1.25,
                    1.25,
                    1.25,
                    1.25,
                    1.25,
                    1.25
                ],
                "DashRange": [
                    650.0,
                    650.0,
                    650.0,
                    650.0,
                    650.0,
                    650.0,
                    650.0
                ],
                "ShockwaveRadius": [
                    360.0,
                    360.0,
                    360.0,
                    360.0,
                    360.0,
                    360.0,
                    360.0
                ],
                "DashWallCheating": [
                    150.0,
                    150.0,
                    150.0,
                    150.0,
                    150.0,
                    150.0,
                    150.0
                ],
                "DashSpeed": [
                    1600.0,
                    1600.0,
                    1600.0,
                    1600.0,
                    1600.0,
                    1600.0,
                    1600.0
                ],