{
    "nombre": "Pantheon",
    "stats_base": {
        "Vida": 650.0,
        "Vida_por_nivel": 109.0,
        "Regen_Vida": 1.2000000476837158,
        "Regen_Vida_por_nivel": 0.12999999523162842,
        "Daño_Ataque": 64.0,
        "Daño_Ataque_por_nivel": 3.299999952316284,
        "Armadura": 40.0,
        "Armadura_por_nivel": 4.949999809265137,
        "Resistencia_Magica_por_nivel": 2.049999952316284,
        "Vel_Movimiento": 345.0,
        "Rango_Ataque": 175.0,
        "Vel_Ataque_base": 0.6579999923706055,
        "Vel_Ataque_ratio": 0.6579999923706055,
        "Vel_Ataque_por_nivel": 2.950000047683716,
        "Mana": 317.0,
        "Mana_por_nivel": 31.0,
        "Regen_Mana": 1.4700000286102295,
        "Regen_Mana_por_nivel": 0.09000000357627869
    },
    "habilidades": {
        "Q": {
            "nombre": "PantheonQAbility/PantheonQ",
            "cooldown": [
                11.0,
                11.0,
                10.25,
                9.5,
                8.75,
                8.0,
                8.0
            ],
            "costo_mana": [
                25.0,
                25.0,
                25.0,
                25.0,
                25.0,
                25.0
            ],
            "rango": [
                10000.0,
                10000.0,
                10000.0,
                10000.0,
                10000.0,
                10000.0,
                10000.0
            ],
            "daño_base": [
                40.0,
                70.0,
                100.0,
                130.0,
                160.0,
                190.0,
                220.0
            ],
            "escalado_1": 0.0,
            "escalado_2": 0.0,
            "parametros_extra": {
                "CritHealthThreshold": [
                    0.20000000298023224,
                    0.20000000298023224,
                    0.20000000298023224,
                    0.20000000298023224,
                    0.20000000298023224,
                    0.20000000298023224,
                    0.20000000298023224
                ],
                "HoldRange": [
                    1200.0,
                    1200.0,
                    1200.0,
                    1200.0,
                    1200.0,
                    1200.0,
                    1200.0
                ],
                "TapCooldownRefund": [
                    0.6000000238418579,
                    0.6000000238418579,
                    0.6000000238418579,
                    0.6000000238418579,
                    0.6000000238418579,
                    0.6000000238418579,
                    0.6000000238418579
                ],
                "SelfSlow": [
                    0.10000000149011612,
                    0.10000000149011612,
                    0.10000000149011612,
                    0.10000000149011612,
                    0.10000000149011612,
                    0.10000000149011612,
                    0.10000000149011612
                ],
                "MinTimeHoldCast": [
                    0.3499999940395355,
                    0.3499999940395355,
                    0.3499999940395355,
                    0.3499999940395355,
                    0.3499999940395355,
                    0.3499999940395355,
                    0.3499999940395355
                ]
            }
        },
        "W": {
            "nombre": "PantheonWAbility/PantheonW",
            "cooldown": [
                13.0,
                13.0,
                12.0,
                11.0,
                10.0,
                9.0,
                9.0
            ],
            "costo_mana": [
                55.0,
                55.0,
                55.0,
                55.0,
                55.0,
                55.0
            ],
            "rango": [
                600.0,
                600.0,
                600.0,
                600.0,
                600.0,
                600.0,
                600.0
            ],
            "daño_base": [
                25.0,
                0.0,
                0.0,
                0.0,
                0.0,
                0.0,
                0.0
            ],
            "escalado_1": 1.0,
            "escalado_2": 0.0,
            "parametros_extra": {
                "StunDuration": [
                    1.0,
                    1.0,
                    1.0,
                    1.0,
                    1.0,
                    1.0,
                    1.0
                ],
                "BuffDuration": [
                    4.0,
                    4.0,
                    4.0,
                    4.0,
                    4.0,
                    4.0,
                    4.0
                ],
                "EmpoweredNumHits": [
                    3.0,
                    3.0,
                    3.0,
                    3.0,
                    3.0,
                    3.0,
                    3.0
                ],
                "MaxHealthPer100AP": [
                    0.0001500000071246177,
                    0.0001500000071246177,
                    0.0001500000071246177,
                    0.0001500000071246177,
                    0.0001500000071246177,
                    0.0001500000071246177,
                    0.0001500000071246177
                ]
            }
        },
        "E": {
            "nombre": "PantheonEAbility/PantheonE",
            "cooldown": [
                22.0,
                22.0,
                21.0,
                20.0,
                19.0,
                18.0,
                18.0
            ],
            "costo_mana": [
                80.0,
                80.0,
                80.0,
                80.0,
                80.0,
                80.0
            ],
            "rango": [
                10000.0,
                10000.0,
                10000.0,
                10000.0,
                10000.0,
                10000.0,
                10000.0
            ],
            "daño_base": [
                5.0,
                55.0,
                105.0,
                155.0,
                205.0,
                255.0,
                305.0
            ],
            "escalado_1": 0.0,
            "escalado_2": 0.0,
            "parametros_extra": {
                "ShieldDuration": [
                    1.5,
                    1.5,
                    1.5,
                    1.5,
                    1.5,
                    1.5,
                    1.5
                ],
                "AttacksPerSecond": [
                    4.0,
                    4.0,
                    4.0,
                    4.0,
                    4.0,
                    4.0,
                    4.0
                ],
                "SpearStrikesRadius": [
                    525.0,
                    525.0,
                    525.0,
                    525.0,
                    525.0,
                    525.0,
                    525.0
                ],
                "ShieldSwipeRadius": [
                    375.0,
                    375.0,
                    375.0,
                    375.0,
                    375.0,
                    375.0,
                    375.0
                ],
                "RecastLockout": [
                    0.30000001192092896,
                    0.30000001192092896,
                    0.30000001192092896,
                    0.30000001192092896,
                    0.30000001192092896,
                    0.30000001192092896,
                    0.30000001192092896
                ],
                "SpeedDuration": [
                    1.5,
                    1.5,
                    1.5,
                    1.5,
                    1.5,
                    1.5,
                    1.5
                ],