{
    "nombre": "Poppy",
    "stats_base": {
        "Vida": 610.0,
        "Vida_por_nivel": 110.0,
        "Regen_Vida": 1.600000023841858,
        "Regen_Vida_por_nivel": 0.1599999964237213,
        "Daño_Ataque": 60.0,
        "Daño_Ataque_por_nivel": 4.0,
        "Armadura": 35.0,
        "Armadura_por_nivel": 5.0,
        "Resistencia_Magica_por_nivel": 2.049999952316284,
        "Vel_Movimiento": 345.0,
        "Rango_Ataque": 125.0,
        "Vel_Ataque_base": 0.6579999923706055,
        "Vel_Ataque_ratio": 0.625,
        "Vel_Ataque_por_nivel": 2.5,
        "Mana": 280.0,
        "Mana_por_nivel": 40.0,
        "Regen_Mana": 1.399999976158142,
        "Regen_Mana_por_nivel": 0.14000000059604645
    },
    "habilidades": {
        "Q": {
            "nombre": "PoppyQAbility/PoppyQ",
            "cooldown": [
                9.0,
                8.0,
                7.0,
                6.0,
                5.0,
                4.0,
                3.0
            ],
            "costo_mana": [
                35.0,
                40.0,
                45.0,
                50.0,
                55.0,
                60.0
            ],
            "rango": [
                430.0,
                430.0,
                430.0,
                430.0,
                430.0,
                430.0,
                430.0
            ],
            "daño_base": [
                30.0,
                30.0,
                55.0,
                80.0,
                105.0,
                130.0,
                130.0
            ],
            "escalado_1": 1.0,
            "escalado_2": 0.0,
            "parametros_extra": {
                "SlowDuration": [
                    0.5,
                    0.5,
                    0.5,
                    0.5,
                    0.5,
                    0.5,
                    0.5
                ],
                "Slow_": [
                    15.0,
                    20.0,
                    25.0,
                    30.0,
                    35.0,
                    40.0,
                    45.0
                ],
                "DelayBetweenTwoHits": [
                    1.0,
                    1.0,
                    1.0,
                    1.0,
                    1.0,
                    1.0,
                    1.0
                ]
            }
        },
        "W": {
            "nombre": "PoppyWAbility/PoppyW",
            "cooldown": [
                22.0,
                20.0,
                18.0,
                16.0,
                14.0,
                12.0,
                12.0
            ],
            "costo_mana": [
                50.0,
                50.0,
                50.0,
                50.0,
                50.0,
                50.0
            ],
            "rango": [],
            "daño_base": [
                2.0,
                2.0,
                2.0,
                2.0,
                2.0,
                2.0,
                2.0
            ],
            "escalado_1": 0.699999988079071,
            "escalado_2": 0.0,
            "parametros_extra": {
                "GroundingDuration": [
                    2.0,
                    2.0,
                    2.0,
                    2.0,
                    2.0,
                    2.0,
                    2.0
                ],
                "SlowAmount": [
                    -0.25,
                    -0.25,
                    -0.25,
                    -0.25,
                    -0.25,
                    -0.25,
                    -0.25
                ],
                "PassiveResistPercent": [
                    0.11999999731779099,
                    0.11999999731779099,
                    0.11999999731779099,
                    0.11999999731779099,
                    0.11999999731779099,
                    0.11999999731779099,
                    0.11999999731779099
                ],
                "PassiveEmpoweredHealthPercent": [
                    0.4000000059604645,
                    0.4000000059604645,
                    0.4000000059604645,
                    0.4000000059604645,
                    0.4000000059604645,
                    0.4000000059604645,
                    0.4000000059604645
                ],
                "Duration": [
                    2.0,
                    2.0,
                    2.0,
                    2.0,
                    2.0,
                    2.0,
                    2.0
                ],
                "Haste": [
                    40.0,
                    40.0,
                    40.0,
                    40.0,
                    40.0,
                    40.0,
                    40.0
                ],
                "KnockupDuration": [
                    0.5,
                    0.5,
                    0.5,
                    0.5,
                    0.5,
                    0.5,
                    0.5
                ]
            }
        },
        "E": {
            "nombre": "PoppyEAbility/PoppyE",
            "cooldown": [
                15.0,
                14.0,
                13.0,
                12.0,
                11.0,
                10.0,
                10.0
            ],
            "costo_mana": [
                70.0,
                70.0,
                70.0,
                70.0,
                70.0,
                70.0
            ],
            "rango": [
                475.0,
                475.0,
                475.0,
                475.0,
                475.0,
                475.0,
                475.0
            ],
            "daño_base": [
                0.0,
                40.0,
                60.0,
                80.0,
                100.0,
                120.0,
                140.0
            ],
            "escalado_1": 0.6000000238418579,
            "escalado_2": 0.0,
            "parametros_extra": {
                "StunDuration": [
                    1.5,
                    1.600000023841858,
                    1.7000000476837158,
                    1.7999999523162842,
                    1.899999976158142,
                    2.0,
                    2.0999999046325684
                ],
                "DashSpeed": [
                    1800.0,
                    1800.0,
                    1800.0,
                    1800.0,
                    1800.0,
                    1800.0,
                    1800.0
                ],
                "MaxEnemyPushbackDistance": [
                    400.0,
                    400.0,
                    400.0,
                    400.0,
                    400.0,
                    400.0,
                    400.0
                ]
            }
        },
        "R": {
            "nombre": "PoppyRAbility/PoppyR",
            "cooldown": [
                10.0,
                140.0,
                120.0,
                100.0,
                10.0,
                10.0,
                10.0
            ],
            "costo_mana": [
                100.0,
                100.0,
                100.0,
                0.0,
                0.0,
                0.0
            ],
            "rango": [
                500.0,
                500.0,
                500.0,
                500.0,
                500.0,
                500.0,
                500.0
            ],
            "daño_base": [
                200.0,
                200.0,
                300.0,
                400.0,
                500.0,
                600.0,
                700.0
            ],
            "escalado_1": 0.8999999761581421,
            "escalado_2": 0.0,
            "parametros_extra": {
                "ChannelDistanceUpdateTick": [
                    0.25,
                    0.25,
                    0.25,
                    0.25,
                    0.25,
                    0.25,
                    0.25
                ],