{
    "nombre": "Pyke",
    "stats_base": {
        "Vida": 670.0,
        "Vida_por_nivel": 110.0,
        "Regen_Vida": 1.399999976158142,
        "Regen_Vida_por_nivel": 0.10000000149011612,
        "Daño_Ataque": 62.0,
        "Daño_Ataque_por_nivel": 2.0,
        "Armadura": 37.0,
        "Armadura_por_nivel": 4.699999809265137,
        "Resistencia_Magica_por_nivel": 2.049999952316284,
        "Vel_Movimiento": 330.0,
        "Rango_Ataque": 150.0,
        "Vel_Ataque_base": 0.6669999957084656,
        "Vel_Ataque_ratio": 0.6669999957084656,
        "Vel_Ataque_por_nivel": 2.5,
        "Mana": 415.0,
        "Mana_por_nivel": 50.0,
        "Regen_Mana": 1.600000023841858,
        "Regen_Mana_por_nivel": 0.20000000298023224
    },
    "habilidades": {
        "Q": {
            "nombre": "PykeQAbility/PykeQ",
            "cooldown": [
                10.0,
                10.0,
                9.5,
                9.0,
                8.5,
                8.0,
                7.5
            ],
            "costo_mana": [
                70.0,
                75.0,
                80.0,
                85.0,
                90.0,
                95.0
            ],
            "rango": [],
            "daño_base": [
                50.0,
                100.0,
                150.0,
                200.0,
                250.0,
                300.0,
                350.0
            ],
            "escalado_1": 0.75,
            "escalado_2": 0.0,
            "parametros_extra": {
                "ManaRefund": [
                    0.75,
                    0.75,
                    0.75,
                    0.75,
                    0.75,
                    0.75,
                    0.75
                ],
                "SlowAmount": [
                    0.8999999761581421,
                    0.8999999761581421,
                    0.8999999761581421,
                    0.8999999761581421,
                    0.8999999761581421,
                    0.8999999761581421,
                    0.8999999761581421
                ],
                "SlowDuration": [
                    1.0,
                    1.0,
                    1.0,
                    1.0,
                    1.0,
                    1.0,
                    1.0
                ],
                "MinChargeTime": [
                    0.5,
                    0.5,
                    0.5,
                    0.5,
                    0.5,
                    0.5,
                    0.5
                ],
                "MaxChargeTime": [
                    3.0,
                    3.0,
                    3.0,
                    3.0,
                    3.0,
                    3.0,
                    3.0
                ],
                "SelfSlow": [
                    0.20000000298023224,
                    0.20000000298023224,
                    0.20000000298023224,
                    0.20000000298023224,
                    0.20000000298023224,
                    0.20000000298023224,
                    0.20000000298023224
                ],
                "PullDistance": [
                    500.0,
                    500.0,
                    500.0,
                    500.0,
                    500.0,
                    500.0,
                    500.0
                ],
                "MinRangeDistance": [
                    500.0,
                    500.0,
                    500.0,
                    500.0,
                    500.0,
                    500.0,
                    500.0
                ],
                "MaxRangeDistance": [
                    1100.0,
                    1100.0,
                    1100.0,
                    1100.0,
                    1100.0,
                    1100.0,
                    1100.0
                ],
                "ChargeTimeToGetMaxRange": [
                    1.0,
                    1.0,
                    1.0,
                    1.0,
                    1.0,
                    1.0,
                    1.0
                ]
            }
        },
        "W": {
            "nombre": "PykeWAbility/PykeW",
            "cooldown": [
                14.0,
                14.0,
                13.0,
                12.0,
                11.0,
                10.0,
                10.0
            ],
            "costo_mana": [
                65.0,
                65.0,
                65.0,
                65.0,
                65.0,
                65.0
            ],
            "rango": [
                600.0,
                600.0,
                600.0,
                600.0,
                600.0,
                600.0,
                600.0
            ],
            "daño_base": [
                45.0,
                45.0,
                45.0,
                45.0,
                45.0,
                45.0,
                45.0
            ],
            "escalado_1": 2.0,
            "escalado_2": 0.0
        },
        "E": {
            "nombre": "PykeEAbility/PykeE",
            "cooldown": [
                15.0,
                15.0,
                14.0,
                13.0,
                12.0,
                11.0,
                11.0
            ],
            "costo_mana": [
                40.0,
                40.0,
                40.0,
                40.0,
                40.0,
                40.0
            ],
            "rango": [
                550.0,
                550.0,
                550.0,
                550.0,
                550.0,
                550.0,
                550.0
            ],
            "daño_base": [
                100.0,
                100.0,
                150.0,
                200.0,
                250.0,
                300.0,
                350.0
            ],
            "escalado_1": 1.0,
            "escalado_2": 0.009999999776482582,
            "parametros_extra": {
                "BaseStunDuration": [
                    1.25,
                    1.25,
                    1.25,
                    1.25,
                    1.25,
                    1.25,
                    1.25
                ],
                "ELethalityRatio": [
                    0.009999999776482582,
                    0.009999999776482582,
                    0.009999999776482582,
                    0.009999999776482582,
                    0.009999999776482582,
                    0.009999999776482582,
                    0.009999999776482582
                ]
            }
        },
        "R": {
            "nombre": "PykeRAbility/PykeR",
            "cooldown": [
                115.0,
                100.0,
                85.0,
                70.0,
                55.0,
                40.0,
                25.0
            ],
            "costo_mana": [
                100.0,
                100.0,
                100.0,
                100.0,
                100.0,
                100.0
            ],
            "rango": [
                750.0,
                750.0,
                750.0,
                750.0,
                750.0,
                750.0,
                750.0
            ],
            "daño_base": [
                0.5,
                0.5,
                0.5,
                0.5,
                0.5,
                0.5,
                0.5
            ],
            "escalado_1": 1.5,
            "escalado_2": 2.0,
            "parametros_extra": {
                "RRecastDuration": [
                    20.0,
                    20.0,
                    20.0,
                    20.0,
                    20.0,
                    20.0,
                    20.0
                ]
            }
        }
    },
    "pasiva": {
        "nombre": "PykePassiveAbility",
        "descripcion": "game_buff_tooltip_PykePassive"
    }
}