{
    "nombre": "Qiyana",
    "stats_base": {
        "Vida": 590.0,
        "Vida_por_nivel": 115.0,
        "Regen_Vida": 1.600000023841858,
        "Regen_Vida_por_nivel": 0.18000000715255737,
        "Daño_Ataque": 64.0,
        "Daño_Ataque_por_nivel": 3.0999999046325684,
        "Armadura": 31.0,
        "Armadura_por_nivel": 4.5,
        "Resistencia_Magica_por_nivel": 2.049999952316284,
        "Vel_Movimiento": 335.0,
        "Rango_Ataque": 150.0,
        "Vel_Ataque_base": 0.6880000233650208,
        "Vel_Ataque_ratio": 0.625,
        "Vel_Ataque_por_nivel": 2.0999999046325684,
        "Mana": 375.0,
        "Mana_por_nivel": 60.0,
        "Regen_Mana": 1.600000023841858,
        "Regen_Mana_por_nivel": 0.14000000059604645
    },
    "habilidades": {
        "Q": {
            "nombre": "QiyanaQAbility/QiyanaQ",
            "cooldown": [
                7.0,
                7.0,
                7.0,
                7.0,
                7.0,
                7.0,
                7.0
            ],
            "costo_mana": [
                35.0,
                35.0,
                35.0,
                35.0,
                35.0,
                35.0
            ],
            "rango": [
                525.0,
                525.0,
                525.0,
                525.0,
                525.0,
                525.0,
                525.0
            ],
            "daño_base": [
                40.0,
                70.0,
                100.0,
                130.0,
                160.0,
                190.0,
                220.0
            ],
            "escalado_1": 0.4000000059604645,
            "escalado_2": 0.0,
            "parametros_extra": {
                "VanillaBase": [
                    40.0,
                    70.0,
                    100.0,
                    130.0,
                    160.0,
                    190.0,
                    220.0
                ],
                "StealthDuration": [
                    3.0,
                    3.0,
                    3.0,
                    3.0,
                    3.0,
                    3.0,
                    3.0
                ],
                "TremorBonus": [
                    0.4000000059604645,
                    0.4000000059604645,
                    0.4000000059604645,
                    0.4000000059604645,
                    0.4000000059604645,
                    0.4000000059604645,
                    0.4000000059604645
                ],
                "Haste": [
                    0.20000000298023224,
                    0.20000000298023224,
                    0.20000000298023224,
                    0.20000000298023224,
                    0.20000000298023224,
                    0.20000000298023224,
                    0.20000000298023224
                ],
                "RockExplosionDelay": [
                    0.4000000059604645,
                    0.4000000059604645,
                    0.4000000059604645,
                    0.4000000059604645,
                    0.4000000059604645,
                    0.4000000059604645,
                    0.4000000059604645
                ],
                "RootDuration": [
                    0.5,
                    0.5,
                    0.5,
                    0.5,
                    0.5,
                    0.5,
                    0.5
                ],
                "SlowDuration": [
                    1.0,
                    1.0,
                    1.0,
                    1.0,
                    1.0,
                    1.0,
                    1.0
                ],
                "SlowPotency": [
                    -0.20000000298023224,
                    -0.20000000298023224,
                    -0.20000000298023224,
                    -0.20000000298023224,
                    -0.20000000298023224,
                    -0.20000000298023224,
                    -0.20000000298023224
                ],
                "CritThreshold": [
                    0.5,
                    0.5,
                    0.5,
                    0.5,
                    0.5,
                    0.5,
                    0.5
                ],
                "FalloffMod": [
                    0.75,
                    0.75,
                    0.75,
                    0.75,
                    0.75,
                    0.75,
                    0.75
                ]
            }
        },
        "W": {
            "nombre": "QiyanaWAbility/QiyanaW",
            "cooldown": [
                7.0,
                7.0,
                7.0,
                7.0,
                7.0,
                7.0,
                7.0
            ],
            "costo_mana": [
                25.0,
                30.0,
                35.0,
                40.0,
                45.0,
                50.0
            ],
            "rango": [
                1100.0,
                1100.0,
                1100.0,
                1100.0,
                1100.0,
                1100.0,
                1100.0
            ],
            "daño_base": [
                0.0,
                8.0,
                16.0,
                24.0,
                32.0,
                40.0,
                48.0
            ],
            "escalado_1": 0.20000000298023224,
            "escalado_2": 0.44999998807907104,
            "parametros_extra": {
                "StealthDuration": [
                    3.0,
                    3.0,
                    3.0,
                    3.0,
                    3.0,
                    3.0,
                    3.0
                ],
                "SlowDuration": [
                    1.5,
                    1.5,
                    1.5,
                    1.5,
                    1.5,
                    1.5,
                    1.5
                ],
                "Range": [
                    425.0,
                    425.0,
                    425.0,
                    425.0,
                    425.0,
                    425.0,
                    425.0
                ],
                "AttackSpeed": [
                    0.10000000149011612,
                    0.15000000596046448,
                    0.20000000298023224,
                    0.25,
                    0.30000001192092896,
                    0.3499999940395355,
                    0.4000000059604645
                ],
                "TremorBonus": [
                    0.3499999940395355,
                    0.3499999940395355,
                    0.3499999940395355,
                    0.3499999940395355,
                    0.3499999940395355,
                    0.3499999940395355,
                    0.3499999940395355
                ],
                "PassiveMS": [
                    0.009999999776482582,
                    0.029999999329447746,
                    0.05000000074505806,
                    0.07000000029802322,
                    0.09000000357627869,
                    0.10999999940395355,
                    0.12999999523162842
                ],
                "TravelDistance": [
                    300.0,
                    300.0,
                    300.0,
                    300.0,
                    300.0,
                    300.0,
                    300.0
                ],
                "DashSpeed": [
                    440.0,
                    440.0,
                    440.0,
                    440.0,
                    440.0,
                    440.0,
                    440.0
                ]
            }
        },
        "E": {
            "nombre": "QiyanaEAbility/QiyanaE",
            "cooldown": [
                11.0,
                11.0,
                10.0,
                9.0,
                8.0,
                7.0,
                7.0
            ],