{
    "nombre": "Quinn",
    "stats_base": {
        "Vida": 565.0,
        "Vida_por_nivel": 107.0,
        "Regen_Vida": 1.100000023841858,
        "Regen_Vida_por_nivel": 0.10999999940395355,
        "Daño_Ataque": 59.0,
        "Daño_Ataque_por_nivel": 3.200000047683716,
        "Armadura": 28.0,
        "Armadura_por_nivel": 4.699999809265137,
        "Resistencia_Magica_por_nivel": 1.2999999523162842,
        "Vel_Movimiento": 330.0,
        "Rango_Ataque": 525.0,
        "Vel_Ataque_base": 0.6679999828338623,
        "Vel_Ataque_ratio": 0.6679999828338623,
        "Vel_Ataque_por_nivel": 3.0999999046325684,
        "Mana": 269.0,
        "Mana_por_nivel": 35.0,
        "Regen_Mana": 1.399999976158142,
        "Regen_Mana_por_nivel": 0.07999999821186066
    },
    "habilidades": {
        "Q": {
            "nombre": "QuinnQAbility/QuinnQ",
            "cooldown": [
                11.5,
                11.0,
                10.5,
                10.0,
                9.5,
                9.0,
                9.0
            ],
            "costo_mana": [
                50.0,
                55.0,
                60.0,
                65.0,
                70.0,
                75.0
            ],
            "rango": [
                1050.0,
                1050.0,
                1050.0,
                1050.0,
                1050.0,
                1050.0,
                1050.0
            ],
            "daño_base": [
                30.0,
                65.0,
                100.0,
                135.0,
                170.0,
                205.0,
                240.0
            ],
            "escalado_1": 0.75,
            "escalado_2": 0.5,
            "parametros_extra": {
                "VisionReductionRadius": [
                    -1000.0,
                    -1000.0,
                    -1000.0,
                    -1000.0,
                    -1000.0,
                    -1000.0,
                    -1000.0
                ],
                "VisionReductionDuration": [
                    1.75,
                    1.75,
                    1.75,
                    1.75,
                    1.75,
                    1.75,
                    1.75
                ]
            }
        },
        "W": {
            "nombre": "QuinnWAbility/QuinnW",
            "cooldown": [
                55.0,
                50.0,
                45.0,
                40.0,
                35.0,
                30.0,
                30.0
            ],
            "costo_mana": [],
            "rango": [
                2500.0,
                2500.0,
                2500.0,
                2500.0,
                2500.0,
                2500.0,
                2500.0
            ],
            "daño_base": [
                2.0,
                2.0,
                2.0,
                2.0,
                2.0,
                2.0,
                2.0
            ],
            "escalado_1": 0.8999999761581421,
            "escalado_2": 0.0,
            "parametros_extra": {
                "AttackSpeedBonus": [
                    0.15000000596046448,
                    0.2800000011920929,
                    0.4099999964237213,
                    0.5400000214576721,
                    0.6700000166893005,
                    0.800000011920929,
                    0.9300000071525574
                ],
                "CherryBonusHaste": [
                    100.0,
                    100.0,
                    100.0,
                    100.0,
                    100.0,
                    100.0,
                    100.0
                ],
                "BuffDuration": [
                    2.0,
                    2.0,
                    2.0,
                    2.0,
                    2.0,
                    2.0,
                    2.0
                ],
                "MovespeedAmount": [
                    0.15000000596046448,
                    0.20000000298023224,
                    0.25,
                    0.30000001192092896,
                    0.3499999940395355,
                    0.4000000059604645,
                    0.44999998807907104
                ],
                "VisionRadius": [
                    2100.0,
                    2100.0,
                    2100.0,
                    2100.0,
                    2100.0,
                    2100.0,
                    2100.0
                ],
                "VisionDuration": [
                    2.0,
                    2.0,
                    2.0,
                    2.0,
                    2.0,
                    2.0,
                    2.0
                ]
            }
        },
        "E": {
            "nombre": "QuinnEAbility/QuinnE",
            "cooldown": [
                13.0,
                12.0,
                11.0,
                10.0,
                9.0,
                8.0,
                8.0
            ],
            "costo_mana": [
                50.0,
                50.0,
                50.0,
                50.0,
                50.0,
                50.0
            ],
            "rango": [
                600.0,
                600.0,
                600.0,
                600.0,
                600.0,
                600.0,
                600.0
            ],
            "daño_base": [
                0.5,
                0.5,
                0.5,
                0.5,
                0.5,
                0.5,
                0.5
            ],
            "escalado_1": 0.20000000298023224,
            "escalado_2": 0.0,
            "parametros_extra": {
                "SlowAmount": [
                    0.5,
                    0.5,
                    0.5,
                    0.5,
                    0.5,
                    0.5,
                    0.5
                ],
                "SlowDecayTime": [
                    1.5,
                    1.5,
                    1.5,
                    1.5,
                    1.5,
                    1.5,
                    1.5
                ]
            }
        },
        "R": {
            "nombre": "QuinnRAbility/QuinnR",
            "cooldown": [
                3.0,
                3.0,
                3.0,
                3.0,
                3.0,
                3.0,
                3.0
            ],
            "costo_mana": [
                100.0,
                50.0,
                0.0,
                0.0,
                0.0,
                0.0
            ],
            "rango": [
                650.0,
                650.0,
                650.0,
                650.0,
                650.0,
                650.0,
                650.0
            ],
            "daño_base": [
                30.0,
                60.0,
                90.0,
                120.0,
                150.0,
                180.0,
                210.0
            ],
            "escalado_1": 1.0,
            "escalado_2": 1.0,
            "parametros_extra": {
                "MovementSpeedMod": [
                    0.4000000059604645,
                    0.699999988079071,
                    1.0,
                    1.2999999523162842,
                    1.600000023841858,
                    1.899999976158142,
                    2.200000047683716
                ],
                "SlowDuration": [
                    3.0,
                    3.0,
                    3.0,
                    3.0,
                    3.0,
                    3.0,
                    3.0
                ],
                "HarrierCooldown": [
                    7.0,
                    7.0,
                    7.0,
                    7.0,
                    7.0,
                    7.0,
                    7.0
                ],