{
    "nombre": "Rakan",
    "stats_base": {
        "Vida": 610.0,
        "Vida_por_nivel": 99.0,
        "Regen_Vida_por_nivel": 0.10000000149011612,
        "Daño_Ataque": 62.0,
        "Daño_Ataque_por_nivel": 3.5,
        "Armadura": 30.0,
        "Armadura_por_nivel": 4.900000095367432,
        "Resistencia_Magica_por_nivel": 2.049999952316284,
        "Vel_Movimiento": 335.0,
        "Rango_Ataque": 300.0,
        "Vel_Ataque_base": 0.6349999904632568,
        "Vel_Ataque_ratio": 0.6349999904632568,
        "Vel_Ataque_por_nivel": 3.0,
        "Mana": 315.0,
        "Mana_por_nivel": 50.0,
        "Regen_Mana": 1.75,
        "Regen_Mana_por_nivel": 0.10000000149011612
    },
    "habilidades": {
        "Q": {
            "nombre": "RakanQAbility/RakanQ",
            "cooldown": [
                11.0,
                11.0,
                10.0,
                9.0,
                8.0,
                7.0,
                6.0
            ],
            "costo_mana": [
                45.0,
                45.0,
                45.0,
                45.0,
                45.0,
                45.0
            ],
            "rango": [
                25000.0,
                25000.0,
                25000.0,
                25000.0,
                25000.0,
                25000.0,
                25000.0
            ],
            "daño_base": [
                25.0,
                70.0,
                115.0,
                160.0,
                205.0,
                250.0,
                295.0
            ],
            "escalado_1": 0.699999988079071,
            "escalado_2": 0.699999988079071,
            "parametros_extra": {
                "HealDelay": [
                    3.0,
                    3.0,
                    3.0,
                    3.0,
                    3.0,
                    3.0,
                    3.0
                ],
                "BaseCDActual": [
                    12.0,
                    11.0,
                    10.0,
                    9.0,
                    8.0,
                    7.0,
                    6.0
                ]
            }
        },
        "W": {
            "nombre": "RakanWAbility/RakanW",
            "cooldown": [
                14.0,
                14.0,
                13.0,
                12.0,
                11.0,
                10.0,
                10.0
            ],
            "costo_mana": [
                50.0,
                60.0,
                70.0,
                80.0,
                90.0,
                100.0
            ],
            "rango": [
                650.0,
                650.0,
                650.0,
                650.0,
                650.0,
                650.0,
                650.0
            ],
            "daño_base": [
                70.0,
                70.0,
                120.0,
                170.0,
                220.0,
                270.0,
                320.0
            ],
            "escalado_1": 0.699999988079071,
            "escalado_2": 0.0,
            "parametros_extra": {
                "BaseDashSpeed": [
                    1700.0,
                    1700.0,
                    1700.0,
                    1700.0,
                    1700.0,
                    1700.0,
                    1700.0
                ],
                "KnockupDuration": [
                    1.0,
                    1.0,
                    1.0,
                    1.0,
                    1.0,
                    1.0,
                    1.0
                ]
            }
        },
        "E": {
            "nombre": "RakanEAbility/RakanE",
            "cooldown": [
                0.0,
                0.0,
                0.0,
                0.0,
                0.0,
                0.0,
                0.0
            ],
            "costo_mana": [
                40.0,
                45.0,
                50.0,
                55.0,
                60.0,
                65.0
            ],
            "rango": [
                25000.0,
                25000.0,
                25000.0,
                25000.0,
                25000.0,
                25000.0,
                25000.0
            ],
            "daño_base": [],
            "escalado_1": 0.0,
            "escalado_2": 0.0,
            "parametros_extra": {
                "BaseShield": [
                    25.0,
                    50.0,
                    75.0,
                    100.0,
                    125.0,
                    150.0,
                    175.0
                ]
            }
        },
        "R": {
            "nombre": "RakanRAbility/RakanR",
            "cooldown": [
                130.0,
                130.0,
                110.0,
                90.0,
                0.0,
                0.0,
                0.0
            ],
            "costo_mana": [
                100.0,
                100.0,
                100.0,
                100.0,
                100.0,
                100.0
            ],
            "rango": [
                150.0,
                150.0,
                150.0,
                150.0,
                150.0,
                150.0,
                150.0
            ],
            "daño_base": [
                100.0,
                100.0,
                200.0,
                300.0,
                0.0,
                0.0,
                0.0
            ],
            "escalado_1": 0.5,
            "escalado_2": 0.0
        }
    },
    "pasiva": {
        "nombre": "RakanPassiveAbility",
        "descripcion": "game_character_passiveDescription_Rakan"
    }
}