{
    "nombre": "Rammus",
    "stats_base": {
        "Vida": 645.0,
        "Vida_por_nivel": 100.0,
        "Regen_Vida": 1.600000023841858,
        "Regen_Vida_por_nivel": 0.10999999940395355,
        "Daño_Ataque": 65.0,
        "Daño_Ataque_por_nivel": 2.75,
        "Armadura": 35.0,
        "Armadura_por_nivel": 4.5,
        "Resistencia_Magica_por_nivel": 2.049999952316284,
        "Vel_Movimiento": 335.0,
        "Rango_Ataque": 125.0,
        "Vel_Ataque_base": 0.699999988079071,
        "Vel_Ataque_ratio": 0.625,
        "Vel_Ataque_por_nivel": 2.2149999141693115,
        "Mana": 310.0,
        "Mana_por_nivel": 33.0,
        "Regen_Mana": 1.5700000524520874,
        "Regen_Mana_por_nivel": 0.10000000149011612
    },
    "habilidades": {
        "Q": {
            "nombre": "PowerBallAbility/PowerBall",
            "cooldown": [
                12.0,
                12.0,
                10.5,
                9.0,
                7.5,
                6.0,
                6.0
            ],
            "costo_mana": [
                60.0,
                60.0,
                60.0,
                60.0,
                60.0,
                60.0
            ],
            "rango": [
                300.0,
                300.0,
                300.0,
                300.0,
                300.0,
                300.0,
                300.0
            ],
            "daño_base": [
                40.0,
                80.0,
                120.0,
                160.0,
                200.0,
                240.0,
                280.0
            ],
            "escalado_1": 1.0,
            "escalado_2": 1.0,
            "parametros_extra": {
                "MSMultiplier": [
                    1.0,
                    1.0,
                    1.0,
                    1.0,
                    1.0,
                    1.0,
                    1.0
                ],
                "RollDuration": [
                    6.0,
                    6.0,
                    6.0,
                    6.0,
                    6.0,
                    6.0,
                    6.0
                ],
                "StunDuration": [
                    0.3499999940395355,
                    0.3499999940395355,
                    0.3499999940395355,
                    0.3499999940395355,
                    0.3499999940395355,
                    0.3499999940395355,
                    0.3499999940395355
                ],
                "KnockbackDistance": [
                    125.0,
                    125.0,
                    125.0,
                    125.0,
                    125.0,
                    125.0,
                    125.0
                ],
                "HeightVariable": [
                    25.0,
                    25.0,
                    25.0,
                    25.0,
                    25.0,
                    25.0,
                    25.0
                ],
                "SelfStunTiming": [
                    0.25,
                    0.25,
                    0.25,
                    0.25,
                    0.25,
                    0.25,
                    0.25
                ],
                "SlowPercent": [
                    30.0,
                    40.0,
                    50.0,
                    60.0,
                    70.0,
                    80.0,
                    90.0
                ],
                "SlowDuration": [
                    1.0,
                    1.0,
                    1.0,
                    1.0,
                    1.0,
                    1.0,
                    1.0
                ]
            }
        },
        "W": {
            "nombre": "DefensiveBallCurlAbility/DefensiveBallCurl",
            "cooldown": [
                7.0,
                7.0,
                7.0,
                7.0,
                7.0,
                7.0,
                7.0
            ],
            "costo_mana": [
                40.0,
                40.0,
                40.0,
                40.0,
                40.0,
                40.0
            ],
            "rango": [
                300.0,
                300.0,
                300.0,
                300.0,
                300.0,
                300.0,
                300.0
            ],
            "daño_base": [
                0.10000000149011612,
                0.10000000149011612,
                0.10000000149011612,
                0.10000000149011612,
                0.10000000149011612,
                0.10000000149011612,
                0.10000000149011612
            ],
            "escalado_1": 0.0,
            "escalado_2": 0.0,
            "parametros_extra": {
                "BonusArmorPercent": [
                    0.22499999403953552,
                    0.30000001192092896,
                    0.375,
                    0.44999998807907104,
                    0.5249999761581421,
                    0.6000000238418579,
                    0.675000011920929
                ],
                "BonusMRPercent": [
                    0.22499999403953552,
                    0.30000001192092896,
                    0.375,
                    0.44999998807907104,
                    0.5249999761581421,
                    0.6000000238418579,
                    0.675000011920929
                ],
                "FlatBonusArmor": [
                    22.0,
                    27.0,
                    32.0,
                    37.0,
                    42.0,
                    47.0,
                    52.0
                ],
                "FlatBonusMR": [
                    15.0,
                    20.0,
                    25.0,
                    30.0,
                    35.0,
                    40.0,
                    45.0
                ],
                "BuffDuration": [
                    7.0,
                    7.0,
                    7.0,
                    7.0,
                    7.0,
                    7.0,
                    7.0
                ]
            }
        },
        "E": {
            "nombre": "PuncturingTauntAbility/PuncturingTaunt",
            "cooldown": [
                12.0,
                12.0,
                12.0,
                12.0,
                12.0,
                12.0,
                12.0
            ],
            "costo_mana": [
                50.0,
                50.0,
                50.0,
                50.0,
                50.0,
                50.0
            ],
            "rango": [
                325.0,
                325.0,
                325.0,
                325.0,
                325.0,
                325.0,
                325.0
            ],
            "daño_base": [
                60.0,
                80.0,
                100.0,
                120.0,
                140.0,
                160.0,
                180.0
            ],
            "escalado_1": 0.699999988079071,
            "escalado_2": 0.699999988079071,
            "parametros_extra": {
                "Duration": [
                    1.0,
                    1.2000000476837158,
                    1.399999976158142,
                    1.600000023841858,
                    1.7999999523162842,
                    2.0,
                    2.200000047683716
                ]
            }
        },
        "R": {
            "nombre": "Tremors2Ability/Tremors2",
            "cooldown": [
                120.0,
                120.0,
                105.0,
                90.0,
                90.0,
                90.0,
                90.0
            ],
            "costo_mana": [
                100.0,
                100.0,
                100.0,
                100.0,
                100.0,
                100.0
            ],