{
    "nombre": "RekSai",
    "stats_base": {
        "Vida": 600.0,
        "Vida_por_nivel": 99.0,
        "Regen_Vida": 0.5,
        "Regen_Vida_por_nivel": 0.10000000149011612,
        "Daño_Ataque": 62.0,
        "Daño_Ataque_por_nivel": 3.0,
        "Armadura": 35.0,
        "Armadura_por_nivel": 4.5,
        "Resistencia_Magica_por_nivel": 2.049999952316284,
        "Vel_Movimiento": 340.0,
        "Rango_Ataque": 175.0,
        "Vel_Ataque_base": 0.6669999957084656,
        "Vel_Ataque_ratio": 0.6669999957084656,
        "Vel_Ataque_por_nivel": 2.0,
        "Regen_Mana": 0.0
    },
    "habilidades": {
        "Q": {
            "nombre": "RekSaiQAbility/RekSaiQ",
            "cooldown": [
                4.0,
                4.0,
                3.5,
                3.0,
                2.5,
                2.0,
                2.0
            ],
            "costo_mana": [],
            "rango": [
                300.0,
                300.0,
                300.0,
                300.0,
                300.0,
                300.0,
                300.0
            ],
            "daño_base": [
                0.0,
                5.0,
                10.0,
                15.0,
                20.0,
                25.0,
                30.0
            ],
            "escalado_1": 0.25,
            "escalado_2": 0.699999988079071,
            "parametros_extra": {
                "BuffDuration": [
                    3.0,
                    3.0,
                    3.0,
                    3.0,
                    3.0,
                    3.0,
                    3.0
                ],
                "AoERange": [
                    300.0,
                    300.0,
                    300.0,
                    300.0,
                    300.0,
                    300.0,
                    300.0
                ],
                "AttackSpeed": [
                    0.3499999940395355,
                    0.3499999940395355,
                    0.3499999940395355,
                    0.3499999940395355,
                    0.3499999940395355,
                    0.3499999940395355,
                    0.3499999940395355
                ],
                "BurrowedCooldown": [
                    12.5,
                    12.0,
                    11.5,
                    11.0,
                    10.5,
                    10.0,
                    9.5
                ],
                "BurrowedAoE": [
                    200.0,
                    200.0,
                    200.0,
                    200.0,
                    200.0,
                    200.0,
                    200.0
                ],
                "BurrowedDebuffDuration": [
                    5.0,
                    5.0,
                    5.0,
                    5.0,
                    5.0,
                    5.0,
                    5.0
                ]
            }
        },
        "W": {
            "nombre": "RekSaiWAbility/RekSaiW",
            "cooldown": [
                4.0,
                4.0,
                4.0,
                4.0,
                4.0,
                4.0,
                4.0
            ],
            "costo_mana": [],
            "rango": [
                1500.0,
                1500.0,
                1500.0,
                1500.0,
                1500.0,
                1500.0,
                1500.0
            ],
            "daño_base": [
                1500.0,
                1500.0,
                1500.0,
                1500.0,
                1500.0,
                1500.0,
                1500.0
            ],
            "escalado_1": 0.5,
            "escalado_2": 0.800000011920929,
            "parametros_extra": {
                "KnockupDuration": [
                    1.0,
                    1.0,
                    1.0,
                    1.0,
                    1.0,
                    1.0,
                    1.0
                ],
                "KnockupImmunity": [
                    11.0,
                    10.0,
                    9.0,
                    8.0,
                    7.0,
                    6.0,
                    5.0
                ],
                "ChampKnockbackRange": [
                    250.0,
                    250.0,
                    250.0,
                    250.0,
                    250.0,
                    250.0,
                    250.0
                ],
                "OtherKnockbackRange": [
                    175.0,
                    175.0,
                    175.0,
                    175.0,
                    175.0,
                    175.0,
                    175.0
                ],
                "KnockbackDuration": [
                    0.30000001192092896,
                    0.30000001192092896,
                    0.30000001192092896,
                    0.30000001192092896,
                    0.30000001192092896,
                    0.30000001192092896,
                    0.30000001192092896
                ],
                "Slow": [
                    -0.25,
                    -0.30000001192092896,
                    -0.3499999940395355,
                    -0.4000000059604645,
                    -0.44999998807907104,
                    -0.5,
                    -0.550000011920929
                ],
                "SlowDuration": [
                    1.25,
                    1.25,
                    1.25,
                    1.25,
                    1.25,
                    1.25,
                    1.25
                ],
                "VisionRadiusMod": [
                    -0.6499999761581421,
                    -0.6499999761581421,
                    -0.6499999761581421,
                    -0.6499999761581421,
                    -0.6499999761581421,
                    -0.6499999761581421,
                    -0.6499999761581421
                ],
                "KnockupRange": [
                    220.0,
                    220.0,
                    220.0,
                    220.0,
                    220.0,
                    220.0,
                    220.0
                ],
                "LockoutTime": [
                    0.15000000596046448,
                    0.15000000596046448,
                    0.15000000596046448,
                    0.15000000596046448,
                    0.15000000596046448,
                    0.15000000596046448,
                    0.15000000596046448
                ],
                "SearchRange": [
                    1500.0,
                    1500.0,
                    1500.0,
                    1500.0,
                    1500.0,
                    1500.0,
                    1500.0
                ],
                "TremorTickTime": [
                    1.0,
                    1.0,
                    1.0,
                    1.0,
                    1.0,
                    1.0,
                    1.0
                ],
                "DistanceCheck": [
                    85.0,
                    85.0,
                    85.0,
                    85.0,
                    85.0,
                    85.0,
                    85.0
                ],
                "BurrowedMoveSpeed": [
                    0.0,
                    5.0,
                    10.0,
                    15.0,
                    20.0,
                    25.0,
                    30.0
                ]
            }
        },
        "E": {
            "nombre": "RekSaiEAbility/RekSaiE",
            "cooldown": [
                6.0,
                6.0,
                6.0,
                6.0,
                6.0,
                6.0,
                6.0
            ],
            "costo_mana": [],
            "rango": [
                225.0,
                225.0,
                225.0,
                225.0,
                225.0,
                225.0,
                225.0
            ],