{
    "nombre": "Rell",
    "stats_base": {
        "Vida": 620.0,
        "Vida_por_nivel": 104.0,
        "Regen_Vida": 1.5,
        "Regen_Vida_por_nivel": 0.17000000178813934,
        "Daño_Ataque": 55.0,
        "Daño_Ataque_por_nivel": 3.0,
        "Armadura": 30.0,
        "Armadura_por_nivel": 4.0,
        "Resistencia_Magica_por_nivel": 1.7999999523162842,
        "Vel_Movimiento": 315.0,
        "Rango_Ataque": 175.0,
        "Vel_Ataque_base": 0.625,
        "Vel_Ataque_ratio": 0.625,
        "Vel_Ataque_por_nivel": 2.0,
        "Mana": 320.0,
        "Mana_por_nivel": 40.0,
        "Regen_Mana": 1.399999976158142,
        "Regen_Mana_por_nivel": 0.14000000059604645
    },
    "habilidades": {
        "Q": {
            "nombre": "RellQAbility/RellQ",
            "cooldown": [
                11.0,
                11.0,
                10.5,
                10.0,
                9.5,
                9.0,
                8.0
            ],
            "costo_mana": [
                50.0,
                50.0,
                50.0,
                50.0,
                50.0,
                50.0
            ],
            "rango": [
                5000.0,
                5000.0,
                5000.0,
                5000.0,
                5000.0,
                5000.0,
                5000.0
            ],
            "daño_base": [
                20.0,
                60.0,
                100.0,
                140.0,
                180.0,
                220.0,
                260.0
            ],
            "escalado_1": 0.0,
            "escalado_2": 0.0,
            "parametros_extra": {
                "StunDuration": [
                    0.6499999761581421,
                    0.6499999761581421,
                    0.6499999761581421,
                    0.6499999761581421,
                    0.6499999761581421,
                    0.6499999761581421,
                    0.6499999761581421
                ]
            }
        },
        "W": {
            "nombre": "RellW_DismountAbility/RellW_Dismount",
            "cooldown": [],
            "costo_mana": [
                40.0,
                40.0,
                40.0,
                40.0,
                40.0,
                40.0
            ],
            "rango": [],
            "daño_base": [
                30.0,
                60.0,
                90.0,
                120.0,
                150.0,
                180.0,
                210.0
            ],
            "escalado_1": 0.0,
            "escalado_2": 0.0,
            "parametros_extra": {
                "CrashDownKnockupDuration": [
                    0.4000000059604645,
                    0.4000000059604645,
                    0.4000000059604645,
                    0.4000000059604645,
                    0.4000000059604645,
                    0.4000000059604645,
                    0.4000000059604645
                ],
                "CrashDownStunDuration": [
                    0.800000011920929,
                    0.800000011920929,
                    0.800000011920929,
                    0.800000011920929,
                    0.800000011920929,
                    0.800000011920929,
                    0.800000011920929
                ],
                "SlideDistance": [
                    320.0,
                    320.0,
                    320.0,
                    320.0,
                    320.0,
                    320.0,
                    320.0
                ],
                "ResistanceIncrease": [
                    0.15000000596046448,
                    0.15000000596046448,
                    0.15000000596046448,
                    0.15000000596046448,
                    0.15000000596046448,
                    0.15000000596046448,
                    0.15000000596046448
                ],
                "ShieldBase": [
                    20.0,
                    20.0,
                    40.0,
                    60.0,
                    80.0,
                    100.0,
                    120.0
                ],
                "ShieldHealthRatio": [
                    0.10999999940395355,
                    0.10999999940395355,
                    0.10999999940395355,
                    0.10999999940395355,
                    0.10999999940395355,
                    0.10999999940395355,
                    0.10999999940395355
                ],
                "DismountedASBoost": [
                    0.20000000298023224,
                    0.20000000298023224,
                    0.20000000298023224,
                    0.20000000298023224,
                    0.20000000298023224,
                    0.20000000298023224,
                    0.20000000298023224
                ],
                "DismountedRangeBoost": [
                    75.0,
                    75.0,
                    75.0,
                    75.0,
                    75.0,
                    75.0,
                    75.0
                ],
                "MountUpSpeed": [
                    0.30000001192092896,
                    0.30000001192092896,
                    0.30000001192092896,
                    0.30000001192092896,
                    0.30000001192092896,
                    0.30000001192092896,
                    0.30000001192092896
                ],
                "MountUpSpeedDuration": [
                    3.5,
                    3.5,
                    3.5,
                    3.5,
                    3.5,
                    3.5,
                    3.5
                ],
                "MountedMoveSpeed": [
                    15.0,
                    20.0,
                    25.0,
                    30.0,
                    35.0,
                    40.0,
                    45.0
                ],
                "FlipKnockupDuration": [
                    0.4000000059604645,
                    0.4000000059604645,
                    0.4000000059604645,
                    0.4000000059604645,
                    0.4000000059604645,
                    0.4000000059604645,
                    0.4000000059604645
                ],
                "FlipStunDuration": [
                    0.6000000238418579,
                    0.6000000238418579,
                    0.6000000238418579,
                    0.6000000238418579,
                    0.6000000238418579,
                    0.6000000238418579,
                    0.6000000238418579
                ]
            }
        },
        "E": {
            "nombre": "RellEAbility/RellE",
            "cooldown": [
                14.0,
                14.0,
                13.0,
                12.0,
                11.0,
                10.0,
                10.0
            ],
            "costo_mana": [
                40.0,
                40.0,
                40.0,
                40.0,
                40.0,
                40.0
            ],
            "rango": [
                1200.0,
                1200.0,
                1200.0,
                1200.0,
                1200.0,
                1200.0,
                1200.0
            ],
            "daño_base": [
                0.04500000178813934,
                0.05000000074505806,
                0.054999999701976776,
                0.05999999865889549,
                0.06499999761581421,
                0.07000000029802322,
                0.07500000298023224
            ],
            "escalado_1": 0.0,
            "escalado_2": 0.0,
            "parametros_extra": {
                "MaxMS": [
                    0.30000001192092896,
                    0.30000001192092896,
                    0.30000001192092896,
                    0.30000001192092896,
                    0.30000001192092896,
                    0.30000001192092896,
                    0.30000001192092896
                ],