{
    "nombre": "Renata",
    "stats_base": {
        "Vida": 545.0,
        "Vida_por_nivel": 94.0,
        "Regen_Vida": 1.100000023841858,
        "Regen_Vida_por_nivel": 0.10999999940395355,
        "Daño_Ataque": 49.0,
        "Daño_Ataque_por_nivel": 3.0,
        "Armadura": 27.0,
        "Armadura_por_nivel": 4.699999809265137,
        "Resistencia_Magica_por_nivel": 1.2999999523162842,
        "Vel_Movimiento": 330.0,
        "Rango_Ataque": 550.0,
        "Vel_Ataque_base": 0.625,
        "Vel_Ataque_ratio": 0.625,
        "Vel_Ataque_por_nivel": 2.109999895095825,
        "Mana": 350.0,
        "Mana_por_nivel": 50.0,
        "Regen_Mana": 2.299999952316284,
        "Regen_Mana_por_nivel": 0.10000000149011612
    },
    "habilidades": {
        "Q": {
            "nombre": "RenataQAbility/RenataQ",
            "cooldown": [
                16.0,
                16.0,
                16.0,
                16.0,
                16.0,
                16.0,
                16.0
            ],
            "costo_mana": [
                80.0,
                80.0,
                80.0,
                80.0,
                80.0,
                80.0
            ],
            "rango": [
                900.0,
                900.0,
                900.0,
                900.0,
                900.0,
                900.0,
                900.0
            ],
            "daño_base": [
                35.0,
                80.0,
                125.0,
                170.0,
                215.0,
                260.0,
                305.0
            ],
            "escalado_1": 0.800000011920929,
            "escalado_2": 0.800000011920929,
            "parametros_extra": {
                "RootDuration": [
                    1.0,
                    1.0,
                    1.0,
                    1.0,
                    1.0,
                    1.0,
                    1.0
                ],
                "SelfSlow": [
                    -0.30000001192092896,
                    -0.30000001192092896,
                    -0.30000001192092896,
                    -0.30000001192092896,
                    -0.30000001192092896,
                    -0.30000001192092896,
                    -0.30000001192092896
                ],
                "StunDuration": [
                    0.5,
                    0.5,
                    0.5,
                    0.5,
                    0.5,
                    0.5,
                    0.5
                ],
                "PullDistance": [
                    275.0,
                    275.0,
                    275.0,
                    275.0,
                    275.0,
                    275.0,
                    275.0
                ]
            }
        },
        "W": {
            "nombre": "RenataWAbility/RenataW",
            "cooldown": [
                24.0,
                28.0,
                27.0,
                26.0,
                25.0,
                24.0,
                10.0
            ],
            "costo_mana": [
                80.0,
                80.0,
                80.0,
                80.0,
                80.0,
                80.0
            ],
            "rango": [
                800.0,
                800.0,
                800.0,
                800.0,
                800.0,
                800.0,
                800.0
            ],
            "daño_base": [],
            "escalado_1": 0.20000000298023224,
            "escalado_2": 0.05000000074505806,
            "parametros_extra": {
                "Duration": [
                    5.0,
                    5.0,
                    5.0,
                    5.0,
                    5.0,
                    5.0,
                    5.0
                ],
                "BonusAttackSpeed": [
                    5.0,
                    10.0,
                    15.0,
                    20.0,
                    25.0,
                    30.0,
                    35.0
                ],
                "BonusMoveSpeed": [
                    7.5,
                    10.0,
                    12.5,
                    15.0,
                    17.5,
                    20.0,
                    22.5
                ],
                "APToPercentRatio": [
                    0.009999999776482582,
                    0.009999999776482582,
                    0.009999999776482582,
                    0.009999999776482582,
                    0.009999999776482582,
                    0.009999999776482582,
                    0.009999999776482582
                ],
                "TriumphPercent": [
                    20.0,
                    20.0,
                    20.0,
                    20.0,
                    20.0,
                    20.0,
                    20.0
                ],
                "TicksBeforeDeath": [
                    10.0,
                    10.0,
                    10.0,
                    10.0,
                    10.0,
                    10.0,
                    10.0
                ],
                "MaxStatMultiplier": [
                    2.0,
                    2.0,
                    2.0,
                    2.0,
                    2.0,
                    2.0,
                    2.0
                ],
                "TicksPerSecond": [
                    4.0,
                    4.0,
                    4.0,
                    4.0,
                    4.0,
                    4.0,
                    4.0
                ],
                "TagDuration": [
                    6.0,
                    6.0,
                    6.0,
                    6.0,
                    6.0,
                    6.0,
                    6.0
                ]
            }
        },
        "E": {
            "nombre": "RenataEAbility/RenataE",
            "cooldown": [
                14.0,
                14.0,
                13.0,
                12.0,
                11.0,
                10.0,
                10.0
            ],
            "costo_mana": [
                70.0,
                80.0,
                90.0,
                100.0,
                110.0,
                120.0
            ],
            "rango": [
                800.0,
                800.0,
                800.0,
                800.0,
                800.0,
                800.0,
                800.0
            ],
            "daño_base": [
                35.0,
                65.0,
                95.0,
                125.0,
                155.0,
                185.0,
                215.0
            ],
            "escalado_1": 0.5,
            "escalado_2": 0.5,
            "parametros_extra": {
                "SlowPercent": [
                    30.0,
                    30.0,
                    30.0,
                    30.0,
                    30.0,
                    30.0,
                    30.0
                ],
                "ShieldValue": [
                    35.0,
                    50.0,
                    65.0,
                    80.0,
                    95.0,
                    110.0,
                    125.0
                ],
                "ShieldDuration": [
                    3.0,
                    3.0,
                    3.0,
                    3.0,
                    3.0,
                    3.0,
                    3.0
                ],
                "SlowDuration": [
                    2.0,
                    2.0,
                    2.0,
                    2.0,
                    2.0,
                    2.0,
                    2.0
                ],
                "InitialAoE": [
                    325.0,
                    325.0,
                    325.0,
                    325.0,
                    325.0,
                    325.0,
                    325.0
                ],