{
    "nombre": "Renekton",
    "stats_base": {
        "Vida": 660.0,
        "Vida_por_nivel": 111.0,
        "Regen_Vida": 1.600000023841858,
        "Regen_Vida_por_nivel": 0.15000000596046448,
        "Daño_Ataque": 69.0,
        "Daño_Ataque_por_nivel": 4.150000095367432,
        "Armadura": 35.0,
        "Armadura_por_nivel": 5.199999809265137,
        "Resistencia_Magica_por_nivel": 2.049999952316284,
        "Vel_Movimiento": 345.0,
        "Rango_Ataque": 125.0,
        "Vel_Ataque_base": 0.6650000214576721,
        "Vel_Ataque_ratio": 0.6650000214576721,
        "Vel_Ataque_por_nivel": 2.75,
        "Regen_Mana": 0.0
    },
    "habilidades": {
        "Q": {
            "nombre": "RenektonCleaveAbility/RenektonCleave",
            "cooldown": [
                7.0,
                7.0,
                7.0,
                7.0,
                7.0,
                7.0,
                7.0
            ],
            "costo_mana": [],
            "rango": [
                20.0,
                325.0,
                325.0,
                325.0,
                325.0,
                325.0,
                20.0
            ],
            "daño_base": [
                30.0,
                60.0,
                90.0,
                120.0,
                150.0,
                180.0,
                210.0
            ],
            "escalado_1": 1.0,
            "escalado_2": 0.0,
            "parametros_extra": {
                "BaseMinionHeal": [
                    1.0,
                    2.0,
                    3.0,
                    4.0,
                    5.0,
                    6.0,
                    7.0
                ],
                "ChampHeal": [
                    4.0,
                    12.0,
                    20.0,
                    28.0,
                    36.0,
                    44.0,
                    52.0
                ],
                "BasicHealCap": [
                    25.0,
                    50.0,
                    75.0,
                    100.0,
                    125.0,
                    150.0,
                    175.0
                ],
                "EmpoweredHealCap": [
                    100.0,
                    200.0,
                    300.0,
                    400.0,
                    500.0,
                    600.0,
                    700.0
                ],
                "EmpoweredHealMultiplier": [
                    3.0,
                    3.0,
                    3.0,
                    3.0,
                    3.0,
                    3.0,
                    3.0
                ],
                "Range": [
                    400.0,
                    400.0,
                    400.0,
                    400.0,
                    400.0,
                    400.0,
                    400.0
                ],
                "UltimateRangeMod": [
                    1.2000000476837158,
                    1.2000000476837158,
                    1.2000000476837158,
                    1.2000000476837158,
                    1.2000000476837158,
                    1.2000000476837158,
                    1.2000000476837158
                ],
                "MinionFuryGain": [
                    2.5,
                    2.5,
                    2.5,
                    2.5,
                    2.5,
                    2.5,
                    2.5
                ],
                "ChampionFuryGain": [
                    10.0,
                    10.0,
                    10.0,
                    10.0,
                    10.0,
                    10.0,
                    10.0
                ],
                "FuryGainCap": [
                    30.0,
                    30.0,
                    30.0,
                    30.0,
                    30.0,
                    30.0,
                    30.0
                ]
            }
        },
        "W": {
            "nombre": "RenektonPreExecuteAbility/RenektonPreExecute",
            "cooldown": [
                0.0,
                16.0,
                14.0,
                12.0,
                10.0,
                8.0,
                0.0
            ],
            "costo_mana": [],
            "rango": [
                300.0,
                300.0,
                300.0,
                300.0,
                300.0,
                300.0,
                300.0
            ],
            "daño_base": [
                -10.0,
                5.0,
                20.0,
                35.0,
                50.0,
                65.0,
                80.0
            ],
            "escalado_1": 0.75,
            "escalado_2": 0.0,
            "parametros_extra": {
                "TotalADPerHit": [
                    0.75,
                    0.75,
                    0.75,
                    0.75,
                    0.75,
                    0.75,
                    0.75
                ],
                "StunDuration": [
                    0.75,
                    0.75,
                    0.75,
                    0.75,
                    0.75,
                    0.75,
                    0.75
                ],
                "EnragedStunDuration": [
                    1.5,
                    1.5,
                    1.5,
                    1.5,
                    1.5,
                    1.5,
                    1.5
                ],
                "BonusFuryVsChamps": [
                    10.0,
                    10.0,
                    10.0,
                    10.0,
                    10.0,
                    10.0,
                    10.0
                ],
                "BuffDuration": [
                    6.0,
                    6.0,
                    6.0,
                    6.0,
                    6.0,
                    6.0,
                    6.0
                ]
            }
        },
        "E": {
            "nombre": "RenektonSliceAndDiceAbility/RenektonSliceAndDice",
            "cooldown": [
                16.0,
                16.0,
                14.5,
                13.0,
                11.5,
                10.0,
                10.0
            ],
            "costo_mana": [],
            "rango": [
                25000.0,
                25000.0,
                25000.0,
                25000.0,
                25000.0,
                25000.0,
                25000.0
            ],
            "daño_base": [
                10.0,
                40.0,
                70.0,
                100.0,
                130.0,
                160.0,
                190.0
            ],
            "escalado_1": 0.8999999761581421,
            "escalado_2": 0.0,
            "parametros_extra": {
                "EnragedArmorShred": [
                    22.5,
                    25.0,
                    27.5,
                    30.0,
                    32.5,
                    35.0,
                    37.5
                ],
                "ShredTimer": [
                    4.0,
                    4.0,
                    4.0,
                    4.0,
                    4.0,
                    4.0,
                    4.0
                ],
                "MinionRageGeneration": [
                    2.0,
                    2.0,
                    2.0,
                    2.0,
                    2.0,
                    2.0,
                    2.0
                ],
                "ChampionRageGeneration": [
                    10.0,
                    10.0,
                    10.0,
                    10.0,
                    10.0,
                    10.0,
                    10.0
                ],
                "FuryMax": [
                    30.0,
                    30.0,
                    30.0,
                    30.0,
                    30.0,
                    30.0,
                    30.0
                ],