{
    "nombre": "Rengar",
    "stats_base": {
        "Vida": 590.0,
        "Vida_por_nivel": 104.0,
        "Regen_Vida": 1.2000000476837158,
        "Regen_Vida_por_nivel": 0.10000000149011612,
        "Daño_Ataque": 68.0,
        "Daño_Ataque_por_nivel": 3.0,
        "Armadura": 34.0,
        "Armadura_por_nivel": 4.199999809265137,
        "Resistencia_Magica_por_nivel": 2.049999952316284,
        "Vel_Movimiento": 345.0,
        "Rango_Ataque": 125.0,
        "Vel_Ataque_base": 0.6669999957084656,
        "Vel_Ataque_ratio": 0.6669999957084656,
        "Vel_Ataque_por_nivel": 3.0,
        "Mana": 4.0,
        "Regen_Mana": 0.0
    },
    "habilidades": {
        "Q": {
            "nombre": "RengarQAbility/RengarQ",
            "cooldown": [
                0.25,
                0.25,
                0.25,
                0.25,
                0.25,
                0.25,
                0.25
            ],
            "costo_mana": [],
            "rango": [
                25000.0,
                25000.0,
                25000.0,
                25000.0,
                25000.0,
                25000.0,
                25000.0
            ],
            "daño_base": [
                -15.0,
                20.0,
                55.0,
                90.0,
                125.0,
                160.0,
                195.0
            ],
            "escalado_1": 0.05000000074505806,
            "escalado_2": 0.0,
            "parametros_extra": {
                "TowerMod": [
                    0.6000000238418579,
                    0.6000000238418579,
                    0.6000000238418579,
                    0.6000000238418579,
                    0.6000000238418579,
                    0.6000000238418579,
                    0.6000000238418579
                ],
                "ASDuration": [
                    5.0,
                    5.0,
                    5.0,
                    5.0,
                    5.0,
                    5.0,
                    5.0
                ],
                "ASBonus": [
                    40.0,
                    40.0,
                    40.0,
                    40.0,
                    40.0,
                    40.0,
                    40.0
                ],
                "BuffDuration": [
                    3.0,
                    3.0,
                    3.0,
                    3.0,
                    3.0,
                    3.0,
                    3.0
                ]
            }
        },
        "W": {
            "nombre": "RengarWAbility/RengarW",
            "cooldown": [
                0.25,
                0.25,
                0.25,
                0.25,
                0.25,
                0.25,
                0.25
            ],
            "costo_mana": [],
            "rango": [
                450.0,
                450.0,
                450.0,
                450.0,
                450.0,
                450.0,
                450.0
            ],
            "daño_base": [
                20.0,
                50.0,
                80.0,
                110.0,
                140.0,
                170.0,
                200.0
            ],
            "escalado_1": 0.800000011920929,
            "escalado_2": 0.800000011920929,
            "parametros_extra": {
                "HealingWindow": [
                    1.5,
                    1.5,
                    1.5,
                    1.5,
                    1.5,
                    1.5,
                    1.5
                ],
                "CCImmuneDuration": [
                    1.5,
                    1.5,
                    1.5,
                    1.5,
                    1.5,
                    1.5,
                    1.5
                ],
                "MonsterHealingMod": [
                    100.0,
                    100.0,
                    100.0,
                    100.0,
                    100.0,
                    100.0,
                    100.0
                ]
            }
        },
        "E": {
            "nombre": "RengarEAbility/RengarE",
            "cooldown": [
                0.25,
                0.25,
                0.25,
                0.25,
                0.25,
                0.25,
                0.25
            ],
            "costo_mana": [],
            "rango": [
                25000.0,
                25000.0,
                25000.0,
                25000.0,
                25000.0,
                25000.0,
                25000.0
            ],
            "daño_base": [
                10.0,
                55.0,
                100.0,
                145.0,
                190.0,
                235.0,
                280.0
            ],
            "escalado_1": 0.800000011920929,
            "escalado_2": 0.6000000238418579,
            "parametros_extra": {
                "RevealDuration": [
                    2.0,
                    2.0,
                    2.0,
                    2.0,
                    2.0,
                    2.0,
                    2.0
                ],
                "SlowAmount": [
                    15.0,
                    30.0,
                    45.0,
                    60.0,
                    75.0,
                    90.0,
                    105.0
                ],
                "CCDuration": [
                    1.75,
                    1.75,
                    1.75,
                    1.75,
                    1.75,
                    1.75,
                    1.75
                ]
            }
        },
        "R": {
            "nombre": "RengarRAbility/RengarR",
            "cooldown": [
                100.0,
                100.0,
                90.0,
                80.0,
                80.0,
                80.0,
                80.0
            ],
            "costo_mana": [],
            "rango": [
                2500.0,
                2500.0,
                3000.0,
                3500.0,
                2500.0,
                2500.0,
                2500.0
            ],
            "daño_base": [],
            "escalado_1": 0.0,
            "escalado_2": 0.0,
            "parametros_extra": {
                "StealthDuration": [
                    8.0,
                    12.0,
                    16.0,
                    20.0,
                    24.0,
                    28.0,
                    32.0
                ],
                "EnemyDetectionRange": [
                    1600.0,
                    1600.0,
                    1600.0,
                    1600.0,
                    1600.0,
                    1600.0,
                    1600.0
                ],
                "SelfVisionRange": [
                    2000.0,
                    2500.0,
                    3000.0,
                    3500.0,
                    4000.0,
                    4500.0,
                    5000.0
                ],
                "SelfRevealRange": [
                    750.0,
                    750.0,
                    750.0,
                    750.0,
                    750.0,
                    750.0,
                    750.0
                ],
                "StealthMS": [
                    30.0,
                    40.0,
                    50.0,
                    60.0,
                    70.0,
                    80.0,
                    90.0
                ],
                "FadeTime": [
                    2.0,
                    2.0,
                    2.0,
                    2.0,
                    2.0,
                    2.0,
                    2.0
                ],
                "ArmorShred": [
                    10.0,
                    15.0,
                    20.0,
                    25.0,
                    30.0,
                    35.0,
                    40.0
                ],