{
    "nombre": "Riven",
    "stats_base": {
        "Vida": 630.0,
        "Vida_por_nivel": 100.0,
        "Regen_Vida": 1.7000000476837158,
        "Regen_Vida_por_nivel": 0.10000000149011612,
        "Daño_Ataque": 64.0,
        "Daño_Ataque_por_nivel": 3.0,
        "Armadura": 33.0,
        "Armadura_por_nivel": 4.400000095367432,
        "Resistencia_Magica_por_nivel": 2.049999952316284,
        "Vel_Movimiento": 340.0,
        "Rango_Ataque": 125.0,
        "Vel_Ataque_base": 0.625,
        "Vel_Ataque_ratio": 0.625,
        "Vel_Ataque_por_nivel": 3.5,
        "Mana": 0.0,
        "Regen_Mana": 0.0
    },
    "habilidades": {
        "Q": {
            "nombre": "RivenTriCleaveAbility/RivenTriCleave",
            "cooldown": [
                13.0,
                13.0,
                13.0,
                13.0,
                13.0,
                13.0,
                13.0
            ],
            "costo_mana": [],
            "rango": [
                25000.0,
                25000.0,
                25000.0,
                25000.0,
                25000.0,
                25000.0,
                25000.0
            ],
            "daño_base": [
                45.0,
                45.0,
                75.0,
                105.0,
                135.0,
                165.0,
                165.0
            ],
            "escalado_1": 0.75,
            "escalado_2": 0.0
        },
        "W": {
            "nombre": "RivenMartyrAbility/RivenMartyr",
            "cooldown": [
                12.0,
                11.0,
                10.0,
                9.0,
                8.0,
                7.0,
                7.0
            ],
            "costo_mana": [],
            "rango": [
                650.0,
                650.0,
                650.0,
                650.0,
                650.0,
                650.0,
                650.0
            ],
            "daño_base": [
                30.0,
                65.0,
                95.0,
                125.0,
                155.0,
                185.0,
                215.0
            ],
            "escalado_1": 1.0,
            "escalado_2": 0.0
        },
        "E": {
            "nombre": "RivenFeintAbility/RivenFeint",
            "cooldown": [
                10.0,
                10.0,
                9.0,
                8.0,
                7.0,
                6.0,
                6.0
            ],
            "costo_mana": [],
            "rango": [
                25000.0,
                25000.0,
                25000.0,
                25000.0,
                25000.0,
                25000.0,
                25000.0
            ],
            "daño_base": [
                50.0,
                70.0,
                95.0,
                120.0,
                145.0,
                170.0,
                235.0
            ],
            "escalado_1": 1.100000023841858,
            "escalado_2": 0.0
        },
        "R": {
            "nombre": "RivenFengShuiEngineAbility/RivenFengShuiEngine",
            "cooldown": [
                10.0,
                120.0,
                90.0,
                60.0,
                60.0,
                10.0,
                10.0
            ],
            "costo_mana": [],
            "rango": [
                200.0,
                200.0,
                200.0,
                200.0,
                200.0,
                200.0,
                200.0
            ],
            "daño_base": [
                100.0,
                100.0,
                150.0,
                200.0,
                200.0,
                200.0,
                200.0
            ],
            "escalado_1": 0.6000000238418579,
            "escalado_2": 1.7999999523162842,
            "parametros_extra": {
                "MinBase": [
                    50.0,
                    100.0,
                    150.0,
                    200.0,
                    250.0,
                    300.0,
                    350.0
                ],
                "MaxBase": [
                    150.0,
                    300.0,
                    450.0,
                    600.0,
                    750.0,
                    900.0,
                    1050.0
                ],
                "Duration": [
                    15.0,
                    15.0,
                    15.0,
                    15.0,
                    15.0,
                    15.0,
                    15.0
                ],
                "PercentBonusAD": [
                    0.25,
                    0.25,
                    0.25,
                    0.25,
                    0.25,
                    0.25,
                    0.25
                ],
                "TooltipAttackRange": [
                    75.0,
                    75.0,
                    75.0,
                    75.0,
                    75.0,
                    75.0,
                    75.0
                ]
            }
        }
    },
    "pasiva": {
        "nombre": "RivenPassiveAbility",
        "descripcion": "game_buff_tooltip_RivenPassive"
    }
}