{
    "nombre": "Rumble",
    "stats_base": {
        "Vida": 640.0,
        "Vida_por_nivel": 105.0,
        "Regen_Vida": 1.399999976158142,
        "Regen_Vida_por_nivel": 0.11999999731779099,
        "Daño_Ataque": 64.0,
        "Daño_Ataque_por_nivel": 3.200000047683716,
        "Armadura": 36.0,
        "Armadura_por_nivel": 4.699999809265137,
        "Resistencia_Magica_por_nivel": 1.5499999523162842,
        "Vel_Movimiento": 345.0,
        "Rango_Ataque": 125.0,
        "Vel_Ataque_base": 0.6439999938011169,
        "Vel_Ataque_ratio": 0.6439999938011169,
        "Vel_Ataque_por_nivel": 1.850000023841858,
        "Mana": 150.0,
        "Regen_Mana": 0.0
    },
    "habilidades": {
        "Q": {
            "nombre": "RumbleFlameThrowerAbility/RumbleFlameThrower",
            "cooldown": [
                10.0,
                10.0,
                9.0,
                8.0,
                7.0,
                6.0,
                6.0
            ],
            "costo_mana": [
                20.0,
                20.0,
                20.0,
                20.0,
                20.0,
                20.0
            ],
            "rango": [
                600.0,
                600.0,
                600.0,
                600.0,
                600.0,
                600.0,
                600.0
            ],
            "daño_base": [
                35.0,
                60.0,
                85.0,
                110.0,
                135.0,
                160.0,
                185.0
            ],
            "escalado_1": 1.0,
            "escalado_2": 1.0,
            "parametros_extra": {
                "MinionMod": [
                    0.699999988079071,
                    0.699999988079071,
                    0.699999988079071,
                    0.699999988079071,
                    0.699999988079071,
                    0.699999988079071,
                    0.699999988079071
                ],
                "OverheatMulti": [
                    1.5,
                    1.5,
                    1.5,
                    1.5,
                    1.5,
                    1.5,
                    1.5
                ],
                "FlamespitterDuration": [
                    3.0,
                    3.0,
                    3.0,
                    3.0,
                    3.0,
                    3.0,
                    3.0
                ],
                "DebuffTicks": [
                    3.0,
                    3.0,
                    3.0,
                    3.0,
                    3.0,
                    3.0,
                    3.0
                ],
                "TickRate": [
                    0.25,
                    0.25,
                    0.25,
                    0.25,
                    0.25,
                    0.25,
                    0.25
                ],
                "TotalTicks": [
                    12.0,
                    12.0,
                    12.0,
                    12.0,
                    12.0,
                    12.0,
                    12.0
                ],
                "InitialHeatCost": [
                    20.0,
                    20.0,
                    20.0,
                    20.0,
                    20.0,
                    20.0,
                    20.0
                ],
                "BurnDuration": [
                    0.6000000238418579,
                    0.6000000238418579,
                    0.6000000238418579,
                    0.6000000238418579,
                    0.6000000238418579,
                    0.6000000238418579,
                    0.6000000238418579
                ]
            }
        },
        "W": {
            "nombre": "RumbleShieldAbility/RumbleShield",
            "cooldown": [
                6.0,
                6.0,
                6.0,
                6.0,
                6.0,
                6.0,
                6.0
            ],
            "costo_mana": [
                20.0,
                20.0,
                20.0,
                20.0,
                20.0,
                20.0
            ],
            "rango": [
                20.0,
                20.0,
                20.0,
                20.0,
                20.0,
                20.0,
                20.0
            ],
            "daño_base": [
                60.0,
                60.0,
                90.0,
                120.0,
                150.0,
                180.0,
                210.0
            ],
            "escalado_1": 0.30000001192092896,
            "escalado_2": 0.30000001192092896,
            "parametros_extra": {
                "HeatCost": [
                    20.0,
                    20.0,
                    20.0,
                    20.0,
                    20.0,
                    20.0,
                    20.0
                ],
                "BaseShield": [
                    -5.0,
                    25.0,
                    55.0,
                    85.0,
                    115.0,
                    145.0,
                    175.0
                ],
                "HealthShield": [
                    0.03999999910593033,
                    0.03999999910593033,
                    0.03999999910593033,
                    0.03999999910593033,
                    0.03999999910593033,
                    0.03999999910593033,
                    0.03999999910593033
                ],
                "MoveSpeed": [
                    0.05000000074505806,
                    0.10000000149011612,
                    0.15000000596046448,
                    0.20000000298023224,
                    0.25,
                    0.30000001192092896,
                    0.3499999940395355
                ],
                "ShieldDuration": [
                    1.5,
                    1.5,
                    1.5,
                    1.5,
                    1.5,
                    1.5,
                    1.5
                ],
                "MoveSpeedDuration": [
                    1.0,
                    1.0,
                    1.0,
                    1.0,
                    1.0,
                    1.0,
                    1.0
                ]
            }
        },
        "E": {
            "nombre": "RumbleGrenadeAbility/RumbleGrenade",
            "cooldown": [
                0.5,
                0.5,
                0.5,
                0.5,
                0.5,
                0.5,
                0.5
            ],
            "costo_mana": [
                20.0,
                20.0,
                20.0,
                20.0,
                20.0,
                20.0
            ],
            "rango": [
                25000.0,
                25000.0,
                25000.0,
                25000.0,
                25000.0,
                25000.0,
                25000.0
            ],
            "daño_base": [
                30.0,
                55.0,
                80.0,
                105.0,
                130.0,
                155.0,
                180.0
            ],
            "escalado_1": 0.4000000059604645,
            "escalado_2": 0.0,
            "parametros_extra": {
                "FirstCastHeatCost": [
                    20.0,
                    20.0,
                    20.0,
                    20.0,
                    20.0,
                    20.0,
                    20.0
                ],
                "PercMagicPen": [
                    0.07999999821186066,
                    0.10000000149011612,
                    0.11999999731779099,
                    0.14000000059604645,
                    0.1599999964237213,
                    0.18000000715255737,
                    0.20000000298023224
                ],