{
    "nombre": "Ryze",
    "stats_base": {
        "Vida": 645.0,
        "Vida_por_nivel": 124.0,
        "Regen_Vida": 1.600000023841858,
        "Regen_Vida_por_nivel": 0.1599999964237213,
        "Daño_Ataque": 58.0,
        "Daño_Ataque_por_nivel": 3.0,
        "Armadura": 22.0,
        "Armadura_por_nivel": 4.199999809265137,
        "Resistencia_Magica_por_nivel": 1.2999999523162842,
        "Vel_Movimiento": 340.0,
        "Rango_Ataque": 550.0,
        "Vel_Ataque_base": 0.6579999923706055,
        "Vel_Ataque_ratio": 0.625,
        "Vel_Ataque_por_nivel": 2.109999895095825,
        "Mana": 300.0,
        "Mana_por_nivel": 70.0,
        "Regen_Mana": 1.600000023841858,
        "Regen_Mana_por_nivel": 0.20000000298023224
    },
    "habilidades": {
        "Q": {
            "nombre": "RyzeQWrapperAbility/RyzeQWrapper",
            "cooldown": [
                5.0,
                5.0,
                5.0,
                5.0,
                5.0,
                5.0,
                5.0
            ],
            "costo_mana": [
                40.0,
                38.0,
                36.0,
                34.0,
                32.0,
                32.0
            ],
            "rango": [
                1000.0,
                1000.0,
                1000.0,
                1000.0,
                1000.0,
                1000.0,
                1000.0
            ],
            "daño_base": [
                70.0,
                70.0,
                110.0,
                150.0,
                190.0,
                230.0,
                270.0
            ],
            "escalado_1": 0.5,
            "escalado_2": 0.30000001192092896,
            "parametros_extra": {
                "MovementSpeedAmount": [
                    24.0,
                    28.0,
                    32.0,
                    36.0,
                    40.0,
                    44.0,
                    48.0
                ],
                "MovementSpeedDuration": [
                    2.0,
                    2.0,
                    2.0,
                    2.0,
                    2.0,
                    2.0,
                    2.0
                ],
                "MaximumRunes": [
                    2.0,
                    2.0,
                    2.0,
                    2.0,
                    2.0,
                    2.0,
                    2.0
                ],
                "RuneDuration": [
                    4.0,
                    4.0,
                    4.0,
                    4.0,
                    4.0,
                    4.0,
                    4.0
                ]
            }
        },
        "W": {
            "nombre": "RyzeWAbility/RyzeW",
            "cooldown": [
                11.0,
                11.0,
                10.5,
                10.0,
                9.5,
                9.0,
                8.5
            ],
            "costo_mana": [
                50.0,
                60.0,
                70.0,
                80.0,
                90.0,
                100.0
            ],
            "rango": [
                550.0,
                550.0,
                550.0,
                550.0,
                550.0,
                550.0,
                550.0
            ],
            "daño_base": [
                30.0,
                60.0,
                90.0,
                120.0,
                150.0,
                180.0,
                210.0
            ],
            "escalado_1": 0.0,
            "escalado_2": 0.0,
            "parametros_extra": {
                "SlowAmount": [
                    0.5,
                    0.5,
                    0.5,
                    0.5,
                    0.5,
                    0.5,
                    0.5
                ],
                "CCDuration": [
                    1.5,
                    1.5,
                    1.5,
                    1.5,
                    1.5,
                    1.5,
                    1.5
                ]
            }
        },
        "E": {
            "nombre": "RyzeEAbility/RyzeE",
            "cooldown": [
                3.75,
                3.5,
                3.25,
                3.0,
                2.75,
                2.5,
                2.5
            ],
            "costo_mana": [
                35.0,
                45.0,
                55.0,
                65.0,
                75.0,
                85.0
            ],
            "rango": [
                550.0,
                550.0,
                550.0,
                550.0,
                550.0,
                550.0,
                550.0
            ],
            "daño_base": [
                80.0,
                80.0,
                90.0,
                100.0,
                110.0,
                120.0,
                130.0
            ],
            "escalado_1": 0.3499999940395355,
            "escalado_2": 2.0,
            "parametros_extra": {
                "DebuffDuration": [
                    4.0,
                    4.0,
                    4.0,
                    4.0,
                    4.0,
                    4.0,
                    4.0
                ],
                "BounceRadius": [
                    350.0,
                    350.0,
                    350.0,
                    350.0,
                    350.0,
                    350.0,
                    350.0
                ],
                "BounceRadiusLargeUnit": [
                    400.0,
                    400.0,
                    400.0,
                    400.0,
                    400.0,
                    400.0,
                    400.0
                ],
                "BounceRadiusQSmallUnit": [
                    350.0,
                    350.0,
                    350.0,
                    350.0,
                    350.0,
                    350.0,
                    350.0
                ],
                "BounceRadiusQLargeUnit": [
                    500.0,
                    500.0,
                    500.0,
                    500.0,
                    500.0,
                    500.0,
                    500.0
                ]
            }
        },
        "R": {
            "nombre": "RyzeRAbility/RyzeR",
            "cooldown": [
                180.0,
                180.0,
                160.0,
                140.0,
                140.0,
                140.0,
                140.0
            ],
            "costo_mana": [
                100.0,
                100.0,
                100.0,
                100.0,
                100.0,
                100.0
            ],
            "rango": [
                3000.0,
                3000.0,
                3000.0,
                3000.0,
                3000.0,
                3000.0,
                3000.0
            ],
            "daño_base": [
                25.0,
                50.0,
                75.0,
                100.0,
                125.0,
                150.0,
                175.0
            ],
            "escalado_1": 0.6000000238418579,
            "escalado_2": 0.0,
            "parametros_extra": {
                "ChargeTime": [
                    2.0999999046325684,
                    2.0999999046325684,
                    2.0999999046325684,
                    2.0999999046325684,
                    2.0999999046325684,
                    2.0999999046325684,
                    2.0999999046325684
                ],
                "TeleportTime": [
                    0.6499999761581421,
                    0.6499999761581421,
                    0.6499999761581421,
                    0.6499999761581421,
                    0.6499999761581421,
                    0.6499999761581421,
                    0.6499999761581421
                ],