{
    "nombre": "Samira",
    "stats_base": {
        "Vida": 630.0,
        "Vida_por_nivel": 108.0,
        "Regen_Vida": 0.6499999761581421,
        "Regen_Vida_por_nivel": 0.10999999940395355,
        "Daño_Ataque": 57.0,
        "Daño_Ataque_por_nivel": 3.0,
        "Armadura": 26.0,
        "Armadura_por_nivel": 4.699999809265137,
        "Resistencia_Magica_por_nivel": 1.2999999523162842,
        "Vel_Movimiento": 335.0,
        "Rango_Ataque": 500.0,
        "Vel_Ataque_base": 0.6579999923706055,
        "Vel_Ataque_ratio": 0.6579999923706055,
        "Vel_Ataque_por_nivel": 3.299999952316284,
        "Mana": 349.0,
        "Mana_por_nivel": 38.0,
        "Regen_Mana": 1.6399999856948853,
        "Regen_Mana_por_nivel": 0.14000000059604645
    },
    "habilidades": {
        "Q": {
            "nombre": "SamiraQAbility/SamiraQ",
            "cooldown": [
                6.0,
                6.0,
                5.0,
                4.0,
                3.0,
                2.0,
                2.0
            ],
            "costo_mana": [
                30.0,
                30.0,
                30.0,
                30.0,
                30.0,
                30.0
            ],
            "rango": [
                25000.0,
                25000.0,
                25000.0,
                25000.0,
                25000.0,
                25000.0,
                25000.0
            ],
            "daño_base": [
                -5.0,
                0.0,
                5.0,
                10.0,
                15.0,
                20.0,
                25.0
            ],
            "escalado_1": 0.8999999761581421,
            "escalado_2": 0.0,
            "parametros_extra": {
                "CheatingThreshold": [
                    20.0,
                    20.0,
                    20.0,
                    20.0,
                    20.0,
                    20.0,
                    20.0
                ],
                "LifestealMod": [
                    1.0,
                    1.0,
                    1.0,
                    1.0,
                    1.0,
                    1.0,
                    1.0
                ]
            }
        },
        "W": {
            "nombre": "SamiraWAbility/SamiraW",
            "cooldown": [
                30.0,
                30.0,
                28.0,
                26.0,
                24.0,
                22.0,
                20.0
            ],
            "costo_mana": [
                60.0,
                60.0,
                60.0,
                60.0,
                60.0,
                60.0
            ],
            "rango": [
                325.0,
                325.0,
                325.0,
                325.0,
                325.0,
                325.0,
                325.0
            ],
            "daño_base": [
                5.0,
                20.0,
                35.0,
                50.0,
                65.0,
                80.0,
                95.0
            ],
            "escalado_1": 0.0,
            "escalado_2": 0.0,
            "parametros_extra": {
                "SlashDuration": [
                    0.75,
                    0.75,
                    0.75,
                    0.75,
                    0.75,
                    0.75,
                    0.75
                ]
            }
        },
        "E": {
            "nombre": "SamiraEAbility/SamiraE",
            "cooldown": [
                22.0,
                20.0,
                18.0,
                16.0,
                14.0,
                12.0,
                10.0
            ],
            "costo_mana": [
                40.0,
                40.0,
                40.0,
                40.0,
                40.0,
                40.0
            ],
            "rango": [
                600.0,
                600.0,
                600.0,
                600.0,
                600.0,
                600.0,
                600.0
            ],
            "daño_base": [
                40.0,
                50.0,
                60.0,
                70.0,
                80.0,
                90.0,
                100.0
            ],
            "escalado_1": 0.6000000238418579,
            "escalado_2": 0.0,
            "parametros_extra": {
                "BonusAttackSpeed": [
                    0.15000000596046448,
                    0.20000000298023224,
                    0.25,
                    0.30000001192092896,
                    0.3499999940395355,
                    0.4000000059604645,
                    0.44999998807907104
                ],
                "DashSpeed": [
                    1600.0,
                    1600.0,
                    1600.0,
                    1600.0,
                    1600.0,
                    1600.0,
                    1600.0
                ],
                "DashTotalDistance": [
                    650.0,
                    650.0,
                    650.0,
                    650.0,
                    650.0,
                    650.0,
                    650.0
                ],
                "AttackSpeedDuration": [
                    5.0,
                    5.0,
                    5.0,
                    5.0,
                    5.0,
                    5.0,
                    5.0
                ]
            }
        },
        "R": {
            "nombre": "SamiraRAbility/SamiraR",
            "cooldown": [
                5.0,
                5.0,
                5.0,
                5.0,
                5.0,
                5.0,
                5.0
            ],
            "costo_mana": [],
            "rango": [
                25000.0,
                25000.0,
                25000.0,
                25000.0,
                25000.0,
                25000.0,
                25000.0
            ],
            "daño_base": [
                0.0,
                20.0,
                40.0,
                60.0,
                80.0,
                100.0,
                120.0
            ],
            "escalado_1": 0.8999999761581421,
            "escalado_2": 0.0,
            "parametros_extra": {
                "BaseMSBonus": [
                    0.019999999552965164,
                    0.019999999552965164,
                    0.019999999552965164,
                    0.019999999552965164,
                    0.019999999552965164,
                    0.019999999552965164,
                    0.019999999552965164
                ],
                "LifestealMod": [
                    1.0,
                    1.0,
                    1.0,
                    1.0,
                    1.0,
                    1.0,
                    1.0
                ]
            }
        }
    },
    "pasiva": {
        "nombre": "SamiraPassiveAbility",
        "descripcion": "buff_desc_SamiraPassive"
    }
}