{
    "nombre": "Sejuani",
    "stats_base": {
        "Vida": 630.0,
        "Vida_por_nivel": 114.0,
        "Regen_Vida": 1.7000000476837158,
        "Regen_Vida_por_nivel": 0.20000000298023224,
        "Daño_Ataque": 66.0,
        "Daño_Ataque_por_nivel": 4.0,
        "Armadura": 34.0,
        "Armadura_por_nivel": 5.449999809265137,
        "Resistencia_Magica_por_nivel": 2.049999952316284,
        "Vel_Movimiento": 340.0,
        "Rango_Ataque": 150.0,
        "Vel_Ataque_base": 0.6880000233650208,
        "Vel_Ataque_ratio": 0.625,
        "Vel_Ataque_por_nivel": 3.5,
        "Mana": 400.0,
        "Mana_por_nivel": 40.0,
        "Regen_Mana": 1.399999976158142,
        "Regen_Mana_por_nivel": 0.14000000059604645
    },
    "habilidades": {
        "Q": {
            "nombre": "SejuaniQAbility/SejuaniQ",
            "cooldown": [
                18.0,
                18.0,
                16.5,
                15.0,
                13.5,
                12.0,
                12.0
            ],
            "costo_mana": [
                60.0,
                65.0,
                70.0,
                75.0,
                80.0,
                80.0
            ],
            "rango": [
                25000.0,
                25000.0,
                25000.0,
                25000.0,
                25000.0,
                25000.0,
                25000.0
            ],
            "daño_base": [
                40.0,
                90.0,
                140.0,
                190.0,
                240.0,
                290.0,
                340.0
            ],
            "escalado_1": 0.75,
            "escalado_2": 0.75
        },
        "W": {
            "nombre": "SejuaniWAbility/SejuaniW",
            "cooldown": [
                10.0,
                9.0,
                8.0,
                7.0,
                6.0,
                5.0,
                5.0
            ],
            "costo_mana": [
                60.0,
                60.0,
                60.0,
                60.0,
                60.0,
                60.0
            ],
            "rango": [
                25000.0,
                25000.0,
                25000.0,
                25000.0,
                25000.0,
                25000.0,
                25000.0
            ],
            "daño_base": [
                -5.0,
                5.0,
                15.0,
                25.0,
                35.0,
                45.0,
                55.0
            ],
            "escalado_1": 0.30000001192092896,
            "escalado_2": 0.30000001192092896,
            "parametros_extra": {
                "SlowAmount": [
                    0.75,
                    0.75,
                    0.75,
                    0.75,
                    0.75,
                    0.75,
                    0.75
                ],
                "SlowDuration": [
                    0.25,
                    0.25,
                    0.25,
                    0.25,
                    0.25,
                    0.25,
                    0.25
                ],
                "HPRatioOne": [
                    0.03999999910593033,
                    0.03999999910593033,
                    0.03999999910593033,
                    0.03999999910593033,
                    0.03999999910593033,
                    0.03999999910593033,
                    0.03999999910593033
                ],
                "HPRatioTwo": [
                    0.07999999821186066,
                    0.07999999821186066,
                    0.07999999821186066,
                    0.07999999821186066,
                    0.07999999821186066,
                    0.07999999821186066,
                    0.07999999821186066
                ]
            }
        },
        "E": {
            "nombre": "SejuaniEAbility/SejuaniE",
            "cooldown": [
                1.5,
                1.5,
                1.5,
                1.5,
                1.5,
                1.5,
                1.5
            ],
            "costo_mana": [
                20.0,
                20.0,
                20.0,
                20.0,
                20.0,
                20.0
            ],
            "rango": [
                600.0,
                600.0,
                600.0,
                600.0,
                600.0,
                600.0,
                600.0
            ],
            "daño_base": [
                1.0,
                1.0,
                1.0,
                1.0,
                1.0,
                1.0,
                1.0
            ],
            "escalado_1": 0.699999988079071,
            "escalado_2": 0.699999988079071,
            "parametros_extra": {
                "PerChampionCD": [
                    8.0,
                    8.0,
                    8.0,
                    8.0,
                    8.0,
                    8.0,
                    8.0
                ]
            }
        },
        "R": {
            "nombre": "SejuaniRAbility/SejuaniR",
            "cooldown": [
                120.0,
                120.0,
                105.0,
                90.0,
                90.0,
                90.0,
                90.0
            ],
            "costo_mana": [
                100.0,
                100.0,
                100.0,
                100.0,
                100.0,
                100.0
            ],
            "rango": [
                25000.0,
                25000.0,
                25000.0,
                25000.0,
                25000.0,
                25000.0,
                25000.0
            ],
            "daño_base": [
                0.0,
                125.0,
                150.0,
                175.0,
                0.0,
                0.0,
                0.0
            ],
            "escalado_1": 0.4000000059604645,
            "escalado_2": 0.800000011920929
        }
    },
    "pasiva": {
        "nombre": "SejuaniPassiveAbility",
        "descripcion": "game_buff_tooltip_SejuaniPassive"
    }
}