{
    "nombre": "Senna",
    "stats_base": {
        "Vida": 530.0,
        "Vida_por_nivel": 89.0,
        "Regen_Vida": 0.699999988079071,
        "Regen_Vida_por_nivel": 0.10999999940395355,
        "Daño_Ataque": 50.0,
        "Armadura": 25.0,
        "Armadura_por_nivel": 4.0,
        "Resistencia_Magica_por_nivel": 1.2999999523162842,
        "Vel_Movimiento": 330.0,
        "Rango_Ataque": 600.0,
        "Vel_Ataque_base": 0.625,
        "Vel_Ataque_ratio": 0.4000000059604645,
        "Vel_Ataque_por_nivel": 2.5999999046325684,
        "Mana": 350.0,
        "Mana_por_nivel": 45.0,
        "Regen_Mana": 2.299999952316284,
        "Regen_Mana_por_nivel": 0.14000000059604645
    },
    "habilidades": {
        "Q": {
            "nombre": "SennaQAbility/SennaQ",
            "cooldown": [
                15.0,
                15.0,
                15.0,
                15.0,
                15.0,
                15.0,
                15.0
            ],
            "costo_mana": [
                70.0,
                80.0,
                90.0,
                100.0,
                110.0,
                110.0
            ],
            "rango": [
                600.0,
                600.0,
                600.0,
                600.0,
                600.0,
                600.0,
                600.0
            ],
            "daño_base": [
                5.0,
                30.0,
                55.0,
                80.0,
                105.0,
                130.0,
                155.0
            ],
            "escalado_1": 0.4000000059604645,
            "escalado_2": 0.5,
            "parametros_extra": {
                "BaseHeal": [
                    20.0,
                    40.0,
                    60.0,
                    80.0,
                    100.0,
                    120.0,
                    140.0
                ],
                "CDReductionOnHit": [
                    1.0,
                    1.0,
                    1.0,
                    1.0,
                    1.0,
                    1.0,
                    1.0
                ],
                "RectangleWidthEnemy": [
                    100.0,
                    100.0,
                    100.0,
                    100.0,
                    100.0,
                    100.0,
                    100.0
                ],
                "RectangleWidthAlly": [
                    280.0,
                    280.0,
                    280.0,
                    280.0,
                    280.0,
                    280.0,
                    280.0
                ],
                "RectangleLeadDistance": [
                    80.0,
                    80.0,
                    80.0,
                    80.0,
                    80.0,
                    80.0,
                    80.0
                ],
                "RectangleRange": [
                    1300.0,
                    1300.0,
                    1300.0,
                    1300.0,
                    1300.0,
                    1300.0,
                    1300.0
                ],
                "MaxTargetingRange": [
                    1100.0,
                    1100.0,
                    1100.0,
                    1100.0,
                    1100.0,
                    1100.0,
                    1100.0
                ],
                "BaseSlow": [
                    0.15000000596046448,
                    0.15000000596046448,
                    0.15000000596046448,
                    0.15000000596046448,
                    0.15000000596046448,
                    0.15000000596046448,
                    0.15000000596046448
                ],
                "SlowDuration": [
                    0.75,
                    1.0,
                    1.25,
                    1.5,
                    1.75,
                    2.0,
                    2.25
                ]
            }
        },
        "W": {
            "nombre": "SennaWAbility/SennaW",
            "cooldown": [
                11.0,
                11.0,
                11.0,
                11.0,
                11.0,
                11.0,
                11.0
            ],
            "costo_mana": [
                50.0,
                55.0,
                60.0,
                65.0,
                70.0,
                70.0
            ],
            "rango": [
                1300.0,
                1300.0,
                1300.0,
                1300.0,
                1300.0,
                1300.0,
                1300.0
            ],
            "daño_base": [
                30.0,
                70.0,
                110.0,
                150.0,
                190.0,
                230.0,
                270.0
            ],
            "escalado_1": 0.0,
            "escalado_2": 0.0,
            "parametros_extra": {
                "RootDuration": [
                    1.0,
                    1.25,
                    1.5,
                    1.75,
                    2.0,
                    2.25,
                    2.5
                ],
                "DelayTime": [
                    0.0,
                    1.0,
                    1.0,
                    1.0,
                    1.0,
                    1.0,
                    1.0
                ]
            }
        },
        "E": {
            "nombre": "SennaEAbility/SennaE",
            "cooldown": [
                26.0,
                26.0,
                24.5,
                23.0,
                21.5,
                20.0,
                20.0
            ],
            "costo_mana": [
                70.0,
                70.0,
                70.0,
                70.0,
                70.0,
                70.0
            ],
            "rango": [
                25000.0,
                25000.0,
                25000.0,
                25000.0,
                25000.0,
                25000.0,
                25000.0
            ],
            "daño_base": [],
            "escalado_1": 0.75,
            "escalado_2": 0.5,
            "parametros_extra": {
                "BuffDuration": [
                    5.5,
                    6.0,
                    6.5,
                    7.0,
                    7.5,
                    8.0,
                    8.5
                ],
                "MovementSpeedPercent": [
                    0.20000000298023224,
                    0.20000000298023224,
                    0.20000000298023224,
                    0.20000000298023224,
                    0.20000000298023224,
                    0.20000000298023224,
                    0.20000000298023224
                ],
                "DefenseRadius": [
                    400.0,
                    400.0,
                    400.0,
                    400.0,
                    400.0,
                    400.0,
                    400.0
                ],
                "DurationBeforeRestealth": [
                    1.5,
                    1.5,
                    1.5,
                    1.5,
                    1.5,
                    1.5,
                    1.5
                ],
                "MinAllyduration": [
                    2.0,
                    2.0,
                    2.0,
                    2.0,
                    2.0,
                    2.0,
                    2.0
                ],
                "AllyMSMult": [
                    1.0,
                    1.0,
                    1.0,
                    1.0,
                    1.0,
                    1.0,
                    1.0
                ],
                "SmokeLinger": [
                    3.5,
                    3.5,
                    3.5,
                    3.5,
                    3.5,
                    3.5,
                    3.5
                ],