{
    "nombre": "Seraphine",
    "stats_base": {
        "Vida": 570.0,
        "Vida_por_nivel": 95.0,
        "Regen_Vida": 1.2999999523162842,
        "Regen_Vida_por_nivel": 0.11999999731779099,
        "Daño_Ataque": 50.0,
        "Daño_Ataque_por_nivel": 3.0,
        "Armadura": 26.0,
        "Armadura_por_nivel": 4.199999809265137,
        "Resistencia_Magica_por_nivel": 1.2999999523162842,
        "Vel_Movimiento": 330.0,
        "Rango_Ataque": 525.0,
        "Vel_Ataque_base": 0.6690000295639038,
        "Vel_Ataque_ratio": 0.625,
        "Vel_Ataque_por_nivel": 2.0,
        "Mana": 360.0,
        "Mana_por_nivel": 40.0,
        "Regen_Mana": 2.299999952316284,
        "Regen_Mana_por_nivel": 0.1899999976158142
    },
    "habilidades": {
        "Q": {
            "nombre": "SeraphineQAbility/SeraphineQ",
            "cooldown": [
                8.0,
                8.0,
                7.5,
                7.0,
                6.5,
                6.0,
                6.0
            ],
            "costo_mana": [
                60.0,
                70.0,
                80.0,
                90.0,
                100.0,
                100.0
            ],
            "rango": [
                900.0,
                900.0,
                900.0,
                900.0,
                900.0,
                900.0,
                900.0
            ],
            "daño_base": [
                35.0,
                60.0,
                85.0,
                110.0,
                135.0,
                160.0,
                185.0
            ],
            "escalado_1": 0.5,
            "escalado_2": 0.5,
            "parametros_extra": {
                "ExecuteThreshold": [
                    0.25,
                    0.25,
                    0.25,
                    0.25,
                    0.25,
                    0.25,
                    0.25
                ]
            }
        },
        "W": {
            "nombre": "SeraphineWAbility/SeraphineW",
            "cooldown": [
                22.0,
                22.0,
                22.0,
                22.0,
                22.0,
                22.0,
                22.0
            ],
            "costo_mana": [
                70.0,
                75.0,
                80.0,
                85.0,
                90.0,
                90.0
            ],
            "rango": [
                800.0,
                800.0,
                800.0,
                800.0,
                800.0,
                800.0,
                800.0
            ],
            "daño_base": [
                6.0,
                8.0,
                10.0,
                12.0,
                14.0,
                16.0,
                18.0
            ],
            "escalado_1": 0.20000000298023224,
            "escalado_2": 0.20000000298023224,
            "parametros_extra": {
                "ShieldDuration": [
                    2.5,
                    2.5,
                    2.5,
                    2.5,
                    2.5,
                    2.5,
                    2.5
                ],
                "ShieldStrength": [
                    40.0,
                    60.0,
                    80.0,
                    100.0,
                    120.0,
                    140.0,
                    160.0
                ],
                "WMSBonus": [
                    0.20000000298023224,
                    0.20000000298023224,
                    0.20000000298023224,
                    0.20000000298023224,
                    0.20000000298023224,
                    0.20000000298023224,
                    0.20000000298023224
                ],
                "HasteValueForAllies": [
                    0.4000000059604645,
                    0.4000000059604645,
                    0.4000000059604645,
                    0.4000000059604645,
                    0.4000000059604645,
                    0.4000000059604645,
                    0.4000000059604645
                ],
                "WMissingHPBase": [
                    6.0,
                    8.0,
                    10.0,
                    12.0,
                    14.0,
                    16.0,
                    18.0
                ],
                "WHealSplitDelay": [
                    2.5,
                    2.5,
                    2.5,
                    2.5,
                    2.5,
                    2.5,
                    2.5
                ],
                "ShieldAmpForSeraphine": [
                    1.0,
                    1.0,
                    1.0,
                    1.0,
                    1.0,
                    1.0,
                    1.0
                ]
            }
        },
        "E": {
            "nombre": "SeraphineEAbility/SeraphineE",
            "cooldown": [
                11.0,
                11.0,
                10.5,
                10.0,
                9.5,
                9.0,
                9.0
            ],
            "costo_mana": [
                60.0,
                60.0,
                60.0,
                60.0,
                60.0,
                60.0
            ],
            "rango": [
                1300.0,
                1300.0,
                1300.0,
                1300.0,
                1300.0,
                1300.0,
                1300.0
            ],
            "daño_base": [
                40.0,
                70.0,
                100.0,
                130.0,
                160.0,
                190.0,
                220.0
            ],
            "escalado_1": 0.5,
            "escalado_2": 0.5,
            "parametros_extra": {
                "SlowValue": [
                    99.0,
                    99.0,
                    99.0,
                    99.0,
                    99.0,
                    99.0,
                    99.0
                ],
                "SlowDuration": [
                    1.0,
                    1.100000023841858,
                    1.2000000476837158,
                    1.2999999523162842,
                    1.399999976158142,
                    1.5,
                    1.600000023841858
                ]
            }
        },
        "R": {
            "nombre": "SeraphineRAbility/SeraphineR",
            "cooldown": [
                160.0,
                160.0,
                140.0,
                120.0,
                120.0,
                120.0,
                120.0
            ],
            "costo_mana": [
                100.0,
                100.0,
                100.0,
                100.0,
                100.0,
                100.0
            ],
            "rango": [
                25000.0,
                25000.0,
                25000.0,
                25000.0,
                25000.0,
                25000.0,
                25000.0
            ],
            "daño_base": [
                100.0,
                150.0,
                200.0,
                250.0,
                300.0,
                350.0,
                400.0
            ],
            "escalado_1": 0.4000000059604645,
            "escalado_2": 0.4000000059604645,
            "parametros_extra": {
                "RChannelDuration": [
                    1.0,
                    1.25,
                    1.5,
                    1.75,
                    2.0,
                    2.25,
                    2.5
                ],
                "RRange": [
                    1200.0,
                    1200.0,
                    1200.0,
                    1200.0,
                    1200.0,
                    1200.0,
                    1200.0
                ],