{
    "nombre": "Shaco",
    "stats_base": {
        "Vida": 630.0,
        "Vida_por_nivel": 99.0,
        "Regen_Vida": 1.7000000476837158,
        "Regen_Vida_por_nivel": 0.10999999940395355,
        "Daño_Ataque": 63.0,
        "Daño_Ataque_por_nivel": 3.0,
        "Armadura": 30.0,
        "Armadura_por_nivel": 4.0,
        "Resistencia_Magica_por_nivel": 2.049999952316284,
        "Vel_Movimiento": 345.0,
        "Rango_Ataque": 125.0,
        "Vel_Ataque_base": 0.6940000057220459,
        "Vel_Ataque_ratio": 0.6940000057220459,
        "Vel_Ataque_por_nivel": 3.0,
        "Mana": 297.0,
        "Mana_por_nivel": 40.0,
        "Regen_Mana": 1.2000000476837158,
        "Regen_Mana_por_nivel": 0.07000000029802322
    },
    "habilidades": {
        "Q": {
            "nombre": "DeceiveAbility/Deceive",
            "cooldown": [
                13.0,
                13.0,
                12.5,
                12.0,
                11.5,
                11.0,
                11.0
            ],
            "costo_mana": [
                40.0,
                40.0,
                40.0,
                40.0,
                40.0,
                40.0
            ],
            "rango": [
                25000.0,
                25000.0,
                25000.0,
                25000.0,
                25000.0,
                25000.0,
                25000.0
            ],
            "daño_base": [
                15.0,
                25.0,
                35.0,
                45.0,
                55.0,
                65.0,
                75.0
            ],
            "escalado_1": 0.6000000238418579,
            "escalado_2": 0.0,
            "parametros_extra": {
                "StealthDuration": [
                    2.25,
                    2.5,
                    2.75,
                    3.0,
                    3.25,
                    3.5,
                    3.75
                ],
                "CDRefund": [
                    2.5,
                    2.5,
                    2.5,
                    2.5,
                    2.5,
                    2.5,
                    2.5
                ],
                "ExtraAATime": [
                    0.25,
                    0.25,
                    0.25,
                    0.25,
                    0.25,
                    0.25,
                    0.25
                ],
                "PseudoCastTime": [
                    0.125,
                    0.125,
                    0.125,
                    0.125,
                    0.125,
                    0.125,
                    0.125
                ],
                "NonCritBackstabMod": [
                    0.6000000238418579,
                    0.6000000238418579,
                    0.6000000238418579,
                    0.6000000238418579,
                    0.6000000238418579,
                    0.6000000238418579,
                    0.6000000238418579
                ]
            }
        },
        "W": {
            "nombre": "JackInTheBoxAbility/JackInTheBox",
            "cooldown": [
                15.0,
                15.0,
                15.0,
                15.0,
                15.0,
                15.0,
                15.0
            ],
            "costo_mana": [
                70.0,
                65.0,
                60.0,
                55.0,
                50.0,
                50.0
            ],
            "rango": [
                500.0,
                500.0,
                500.0,
                500.0,
                500.0,
                500.0,
                500.0
            ],
            "daño_base": [
                20.0,
                35.0,
                50.0,
                65.0,
                80.0,
                95.0,
                110.0
            ],
            "escalado_1": 0.20000000298023224,
            "escalado_2": 0.10000000149011612,
            "parametros_extra": {
                "MinionFearDuration": [
                    2.0,
                    2.0,
                    2.0,
                    2.0,
                    2.0,
                    2.0,
                    2.0
                ],
                "MaxTraps": [
                    25000.0,
                    25000.0,
                    25000.0,
                    25000.0,
                    25000.0,
                    25000.0,
                    25000.0
                ],
                "FearDuration": [
                    0.25,
                    0.5,
                    0.75,
                    1.0,
                    1.25,
                    1.5,
                    1.75
                ]
            }
        },
        "E": {
            "nombre": "TwoShivPoisonAbility/TwoShivPoison",
            "cooldown": [
                8.0,
                8.0,
                8.0,
                8.0,
                8.0,
                8.0,
                8.0
            ],
            "costo_mana": [
                75.0,
                75.0,
                75.0,
                75.0,
                75.0,
                75.0
            ],
            "rango": [
                625.0,
                625.0,
                625.0,
                625.0,
                625.0,
                625.0,
                625.0
            ],
            "daño_base": [
                45.0,
                70.0,
                95.0,
                120.0,
                145.0,
                170.0,
                195.0
            ],
            "escalado_1": 0.800000011920929,
            "escalado_2": 0.6000000238418579,
            "parametros_extra": {
                "ExecuteHealthThreshold": [
                    0.30000001192092896,
                    0.30000001192092896,
                    0.30000001192092896,
                    0.30000001192092896,
                    0.30000001192092896,
                    0.30000001192092896,
                    0.30000001192092896
                ],
                "SlowAmount": [
                    -0.17499999701976776,
                    -0.20000000298023224,
                    -0.22499999403953552,
                    -0.25,
                    -0.2750000059604645,
                    -0.30000001192092896,
                    -0.32499998807907104
                ],
                "SlowDurationPassive": [
                    2.0,
                    2.0,
                    2.0,
                    2.0,
                    2.0,
                    2.0,
                    2.0
                ],
                "SlowDurationActive": [
                    3.0,
                    3.0,
                    3.0,
                    3.0,
                    3.0,
                    3.0,
                    3.0
                ]
            }
        },
        "R": {
            "nombre": "HallucinateFullAbility/HallucinateFull",
            "cooldown": [
                100.0,
                100.0,
                90.0,
                80.0,
                10.0,
                10.0,
                10.0
            ],
            "costo_mana": [
                100.0,
                100.0,
                100.0,
                75.0,
                75.0,
                0.0
            ],
            "rango": [
                200.0,
                200.0,
                200.0,
                200.0,
                200.0,
                200.0,
                200.0
            ],
            "daño_base": [
                0.0,
                25.0,
                50.0,
                75.0,
                100.0,
                125.0,
                150.0
            ],
            "escalado_1": 0.0,
            "escalado_2": 0.0,