{
    "nombre": "Shen",
    "stats_base": {
        "Vida": 610.0,
        "Vida_por_nivel": 99.0,
        "Regen_Vida": 1.7000000476837158,
        "Regen_Vida_por_nivel": 0.15000000596046448,
        "Daño_Ataque": 64.0,
        "Daño_Ataque_por_nivel": 3.0,
        "Armadura": 34.0,
        "Armadura_por_nivel": 4.199999809265137,
        "Resistencia_Magica_por_nivel": 2.049999952316284,
        "Vel_Movimiento": 340.0,
        "Rango_Ataque": 125.0,
        "Vel_Ataque_base": 0.7509999871253967,
        "Vel_Ataque_ratio": 0.6510000228881836,
        "Vel_Ataque_por_nivel": 3.0,
        "Mana": 400.0,
        "Regen_Mana": 10.0
    },
    "habilidades": {
        "Q": {
            "nombre": "ShenQAbility/ShenQ",
            "cooldown": [
                8.75,
                8.0,
                7.25,
                6.5,
                5.75,
                5.0,
                5.0
            ],
            "costo_mana": [
                140.0,
                130.0,
                120.0,
                110.0,
                100.0,
                90.0
            ],
            "rango": [],
            "daño_base": [
                1.0,
                1.0,
                1.0,
                1.0,
                1.0,
                1.0,
                1.0
            ],
            "escalado_1": 1.5,
            "escalado_2": 2.0
        },
        "W": {
            "nombre": "ShenWAbility/ShenW",
            "cooldown": [
                18.5,
                16.0,
                14.5,
                13.0,
                11.5,
                10.0,
                10.0
            ],
            "costo_mana": [
                40.0,
                40.0,
                40.0,
                40.0,
                40.0,
                40.0
            ],
            "rango": [],
            "daño_base": [
                1.75,
                1.75,
                1.75,
                1.75,
                1.75,
                1.75,
                1.75
            ],
            "escalado_1": 0.0,
            "escalado_2": 0.0
        },
        "E": {
            "nombre": "ShenEAbility/ShenE",
            "cooldown": [
                20.0,
                18.0,
                16.0,
                14.0,
                12.0,
                10.0,
                10.0
            ],
            "costo_mana": [
                150.0,
                150.0,
                150.0,
                150.0,
                150.0,
                150.0
            ],
            "rango": [
                35000.0,
                35000.0,
                35000.0,
                35000.0,
                35000.0,
                35000.0,
                35000.0
            ],
            "daño_base": [
                35.0,
                60.0,
                85.0,
                110.0,
                135.0,
                160.0,
                185.0
            ],
            "escalado_1": 0.0,
            "escalado_2": 0.0,
            "parametros_extra": {
                "BonusHPRatio": [
                    0.10999999940395355,
                    0.10999999940395355,
                    0.10999999940395355,
                    0.10999999940395355,
                    0.10999999940395355,
                    0.10999999940395355,
                    0.10999999940395355
                ],
                "CCDuration": [
                    1.5,
                    1.5,
                    1.5,
                    1.5,
                    1.5,
                    1.5,
                    1.5
                ],
                "CollisionPadding": [
                    25.0,
                    25.0,
                    25.0,
                    25.0,
                    25.0,
                    25.0,
                    25.0
                ],
                "DepartureCollisionRadius": [
                    125.0,
                    125.0,
                    125.0,
                    125.0,
                    125.0,
                    125.0,
                    125.0
                ],
                "ArrivalCollisionRadius": [
                    150.0,
                    150.0,
                    150.0,
                    150.0,
                    150.0,
                    150.0,
                    150.0
                ],
                "DashBonusSpeed": [
                    800.0,
                    800.0,
                    800.0,
                    800.0,
                    800.0,
                    800.0,
                    800.0
                ],
                "MinimumDistance": [
                    300.0,
                    300.0,
                    300.0,
                    300.0,
                    300.0,
                    300.0,
                    300.0
                ]
            }
        },
        "R": {
            "nombre": "ShenRAbility/ShenR",
            "cooldown": [
                200.0,
                200.0,
                180.0,
                160.0,
                160.0,
                160.0,
                160.0
            ],
            "costo_mana": [],
            "rango": [
                35000.0,
                35000.0,
                35000.0,
                35000.0,
                35000.0,
                35000.0,
                35000.0
            ],
            "daño_base": [],
            "escalado_1": 1.350000023841858,
            "escalado_2": 1.350000023841858,
            "parametros_extra": {
                "ArrivalPersonalSpace": [
                    175.0,
                    175.0,
                    175.0,
                    175.0,
                    175.0,
                    175.0,
                    175.0
                ],
                "ArrivalCheckRadiusVisible": [
                    2000.0,
                    2000.0,
                    2000.0,
                    2000.0,
                    2000.0,
                    2000.0,
                    2000.0
                ],
                "ArrivalCheckRadiusInvisible": [
                    600.0,
                    600.0,
                    600.0,
                    600.0,
                    600.0,
                    600.0,
                    600.0
                ],
                "BaseShieldAmount": [
                    20.0,
                    120.0,
                    220.0,
                    320.0,
                    420.0,
                    520.0,
                    620.0
                ],
                "MaxShieldThreshold": [
                    0.4000000059604645,
                    0.4000000059604645,
                    0.4000000059604645,
                    0.4000000059604645,
                    0.4000000059604645,
                    0.4000000059604645,
                    0.4000000059604645
                ],
                "MaxShieldMult": [
                    1.600000023841858,
                    1.600000023841858,
                    1.600000023841858,
                    1.600000023841858,
                    1.600000023841858,
                    1.600000023841858,
                    1.600000023841858
                ],
                "ShieldDuration": [
                    5.0,
                    5.0,
                    5.0,
                    5.0,
                    5.0,
                    5.0,
                    5.0
                ],
                "ChannelDuration": [
                    3.0,
                    3.0,
                    3.0,
                    3.0,
                    3.0,
                    3.0,
                    3.0
                ]
            }
        }
    },
    "pasiva": {
        "nombre": "ShenPassiveAbility",
        "descripcion": "game_buff_tooltip_ShenPassive"
    }
}