{
    "nombre": "Shyvana",
    "stats_base": {
        "Vida": 625.0,
        "Vida_por_nivel": 100.0,
        "Regen_Vida": 1.399999976158142,
        "Regen_Vida_por_nivel": 0.12999999523162842,
        "Daño_Ataque": 62.0,
        "Daño_Ataque_por_nivel": 4.0,
        "Armadura": 35.0,
        "Armadura_por_nivel": 4.0,
        "Resistencia_Magica_por_nivel": 2.049999952316284,
        "Vel_Movimiento": 350.0,
        "Rango_Ataque": 150.0,
        "Vel_Ataque_base": 0.6380000114440918,
        "Vel_Ataque_ratio": 0.6380000114440918,
        "Vel_Ataque_por_nivel": 2.0,
        "Regen_Mana": 0.0
    },
    "habilidades": {
        "Q": {
            "nombre": "ShyvanaQAbility/ShyvanaQ",
            "cooldown": [
                10.0,
                10.0,
                9.0,
                8.0,
                7.0,
                6.0,
                6.0
            ],
            "costo_mana": [],
            "rango": [
                25000.0,
                25000.0,
                25000.0,
                25000.0,
                25000.0,
                25000.0,
                25000.0
            ],
            "daño_base": [
                0.009999999776482582,
                0.009999999776482582,
                0.009999999776482582,
                0.009999999776482582,
                0.009999999776482582,
                0.009999999776482582,
                0.009999999776482582
            ],
            "escalado_1": 0.0,
            "escalado_2": 0.0,
            "parametros_extra": {
                "EnhanceDuration": [
                    6.0,
                    6.0,
                    6.0,
                    6.0,
                    6.0,
                    6.0,
                    6.0
                ],
                "RecastDuration": [
                    4.0,
                    4.0,
                    4.0,
                    4.0,
                    4.0,
                    4.0,
                    4.0
                ],
                "LockoutDuration": [
                    1.5,
                    1.5,
                    1.5,
                    1.5,
                    1.5,
                    1.5,
                    1.5
                ],
                "Q1Length": [
                    450.0,
                    450.0,
                    450.0,
                    450.0,
                    450.0,
                    450.0,
                    450.0
                ],
                "Q2Radius": [
                    275.0,
                    275.0,
                    275.0,
                    275.0,
                    275.0,
                    275.0,
                    275.0
                ],
                "Cooldown_Reduction": [
                    0.5,
                    0.5,
                    0.5,
                    0.5,
                    0.5,
                    0.5,
                    0.5
                ],
                "Max_Health_AD_Ratio": [
                    0.00011000000085914508,
                    0.00011000000085914508,
                    0.00011000000085914508,
                    0.00011000000085914508,
                    0.00011000000085914508,
                    0.00011000000085914508,
                    0.00011000000085914508
                ],
                "Bonus_Attack_Range": [
                    50.0,
                    50.0,
                    50.0,
                    50.0,
                    50.0,
                    50.0,
                    50.0
                ]
            }
        },
        "W": {
            "nombre": "ShyvanaWAbility/ShyvanaW",
            "cooldown": [
                13.0,
                13.0,
                12.0,
                11.0,
                10.0,
                9.0,
                9.0
            ],
            "costo_mana": [],
            "rango": [
                350.0,
                350.0,
                350.0,
                350.0,
                350.0,
                350.0,
                350.0
            ],
            "daño_base": [
                60.0,
                80.0,
                100.0,
                120.0,
                140.0,
                160.0,
                180.0
            ],
            "escalado_1": 0.0,
            "escalado_2": 0.0,
            "parametros_extra": {
                "Duration": [
                    2.5,
                    2.5,
                    2.5,
                    2.5,
                    2.5,
                    2.5,
                    2.5
                ],
                "Radius": [
                    350.0,
                    350.0,
                    350.0,
                    350.0,
                    350.0,
                    350.0,
                    350.0
                ],
                "Shield": [
                    55.0,
                    75.0,
                    95.0,
                    115.0,
                    135.0,
                    155.0,
                    175.0
                ],
                "Shield_Radius": [
                    600.0,
                    600.0,
                    600.0,
                    600.0,
                    600.0,
                    600.0,
                    600.0
                ],
                "BaseMoveSpeed": [
                    0.25,
                    0.25,
                    0.25,
                    0.25,
                    0.25,
                    0.25,
                    0.25
                ],
                "MissingHealthHealMultiplier": [
                    2.0,
                    2.0,
                    2.0,
                    2.0,
                    2.0,
                    2.0,
                    2.0
                ],
                "MoveSpeedAmpTowardsEnemies": [
                    1.75,
                    1.75,
                    1.75,
                    1.75,
                    1.75,
                    1.75,
                    1.75
                ],
                "ShieldMaxHealth": [
                    0.11999999731779099,
                    0.11999999731779099,
                    0.11999999731779099,
                    0.11999999731779099,
                    0.11999999731779099,
                    0.11999999731779099,
                    0.11999999731779099
                ]
            }
        },
        "E": {
            "nombre": "ShyvanaEAbility/ShyvanaE",
            "cooldown": [
                12.0,
                12.0,
                11.0,
                10.0,
                9.0,
                8.0,
                8.0
            ],
            "costo_mana": [],
            "rango": [
                800.0,
                800.0,
                800.0,
                800.0,
                800.0,
                800.0,
                800.0
            ],
            "daño_base": [
                35.0,
                50.0,
                65.0,
                80.0,
                95.0,
                110.0,
                125.0
            ],
            "escalado_1": 0.550000011920929,
            "escalado_2": 0.550000011920929,
            "parametros_extra": {
                "GroundLingerDuration": [
                    2.0,
                    2.0,
                    2.0,
                    2.0,
                    2.0,
                    2.0,
                    2.0
                ],
                "GroundRadius": [
                    150.0,
                    150.0,
                    150.0,
                    150.0,
                    150.0,
                    150.0,
                    150.0
                ],
                "TrailRadius": [
                    75.0,
                    75.0,
                    75.0,
                    75.0,
                    75.0,
                    75.0,
                    75.0
                ],