{
    "nombre": "Singed",
    "stats_base": {
        "Vida": 650.0,
        "Vida_por_nivel": 96.0,
        "Regen_Vida": 1.899999976158142,
        "Regen_Vida_por_nivel": 0.10999999940395355,
        "Daño_Ataque": 63.0,
        "Daño_Ataque_por_nivel": 3.4000000953674316,
        "Armadura": 34.0,
        "Armadura_por_nivel": 4.199999809265137,
        "Resistencia_Magica_por_nivel": 2.049999952316284,
        "Vel_Movimiento": 345.0,
        "Rango_Ataque": 125.0,
        "Vel_Ataque_base": 0.699999988079071,
        "Vel_Ataque_ratio": 0.625,
        "Vel_Ataque_por_nivel": 1.899999976158142,
        "Mana": 330.0,
        "Mana_por_nivel": 45.0,
        "Regen_Mana": 1.5,
        "Regen_Mana_por_nivel": 0.10999999940395355
    },
    "habilidades": {
        "Q": {
            "nombre": "PoisonTrailAbility/PoisonTrail",
            "cooldown": [
                0.0,
                0.0,
                0.0,
                0.0,
                0.0,
                0.0,
                0.0
            ],
            "costo_mana": [
                13.0,
                13.0,
                13.0,
                13.0,
                13.0,
                13.0
            ],
            "rango": [
                20.0,
                20.0,
                20.0,
                20.0,
                20.0,
                20.0,
                20.0
            ],
            "daño_base": [
                10.0,
                20.0,
                30.0,
                40.0,
                50.0,
                60.0,
                70.0
            ],
            "escalado_1": 0.10000000149011612,
            "escalado_2": 0.42500001192092896,
            "parametros_extra": {
                "ToggleCooldown": [
                    1.0,
                    1.0,
                    1.0,
                    1.0,
                    1.0,
                    1.0,
                    1.0
                ],
                "CloudDuration": [
                    3.25,
                    3.25,
                    3.25,
                    3.25,
                    3.25,
                    3.25,
                    3.25
                ],
                "PoisonDuration": [
                    2.0,
                    2.0,
                    2.0,
                    2.0,
                    2.0,
                    2.0,
                    2.0
                ],
                "TicksPerSecond": [
                    4.0,
                    4.0,
                    4.0,
                    4.0,
                    4.0,
                    4.0,
                    4.0
                ],
                "MaxLingerTicks": [
                    8.0,
                    8.0,
                    8.0,
                    8.0,
                    8.0,
                    8.0,
                    8.0
                ]
            }
        },
        "W": {
            "nombre": "MegaAdhesiveAbility/MegaAdhesive",
            "cooldown": [
                17.0,
                17.0,
                16.0,
                15.0,
                14.0,
                13.0,
                13.0
            ],
            "costo_mana": [
                60.0,
                70.0,
                80.0,
                90.0,
                100.0,
                100.0
            ],
            "rango": [
                1000.0,
                1000.0,
                1000.0,
                1000.0,
                1000.0,
                1000.0,
                1000.0
            ],
            "daño_base": [],
            "escalado_1": 0.0,
            "escalado_2": 0.0,
            "parametros_extra": {
                "SlowPercent": [
                    45.0,
                    50.0,
                    55.0,
                    60.0,
                    65.0,
                    70.0,
                    75.0
                ],
                "WDuration": [
                    3.0,
                    3.0,
                    3.0,
                    3.0,
                    3.0,
                    3.0,
                    3.0
                ],
                "WRadius": [
                    265.0,
                    265.0,
                    265.0,
                    265.0,
                    265.0,
                    265.0,
                    265.0
                ],
                "DelayExecute": [
                    0.375,
                    0.375,
                    0.375,
                    0.375,
                    0.375,
                    0.375,
                    0.375
                ]
            }
        },
        "E": {
            "nombre": "FlingAbility/Fling",
            "cooldown": [
                10.0,
                10.0,
                9.5,
                9.0,
                8.5,
                8.0,
                8.0
            ],
            "costo_mana": [
                60.0,
                70.0,
                80.0,
                90.0,
                100.0,
                110.0
            ],
            "rango": [
                125.0,
                125.0,
                125.0,
                125.0,
                125.0,
                125.0,
                125.0
            ],
            "daño_base": [
                50.0,
                50.0,
                60.0,
                70.0,
                80.0,
                90.0,
                100.0
            ],
            "escalado_1": 0.550000011920929,
            "escalado_2": 0.0,
            "parametros_extra": {
                "RootDuration": [
                    0.75,
                    1.0,
                    1.25,
                    1.5,
                    1.75,
                    2.0,
                    2.25
                ],
                "FlingDistance": [
                    420.0,
                    420.0,
                    420.0,
                    420.0,
                    420.0,
                    420.0,
                    420.0
                ]
            }
        },
        "R": {
            "nombre": "InsanityPotionAbility/InsanityPotion",
            "cooldown": [
                100.0,
                100.0,
                100.0,
                100.0,
                100.0,
                100.0,
                100.0
            ],
            "costo_mana": [
                100.0,
                100.0,
                100.0,
                100.0,
                100.0,
                100.0
            ],
            "rango": [
                20.0,
                20.0,
                20.0,
                20.0,
                20.0,
                20.0,
                20.0
            ],
            "daño_base": [],
            "escalado_1": 1.0,
            "escalado_2": 0.0,
            "parametros_extra": {
                "StatAmount": [
                    -5.0,
                    25.0,
                    55.0,
                    85.0,
                    115.0,
                    145.0,
                    175.0
                ],
                "Duration": [
                    25.0,
                    25.0,
                    25.0,
                    25.0,
                    25.0,
                    25.0,
                    25.0
                ],
                "GrievousAmount": [
                    0.4000000059604645,
                    0.4000000059604645,
                    0.4000000059604645,
                    0.4000000059604645,
                    0.4000000059604645,
                    0.4000000059604645,
                    0.4000000059604645
                ],
                "GrievousDuration": [
                    1.0,
                    1.0,
                    1.0,
                    1.0,
                    1.0,
                    1.0,
                    1.0
                ]
            }
        }
    },
    "pasiva": {
        "nombre": "SingedPAbility",
        "descripcion": "Spell_SingedP_Tooltip"
    }
}