{
    "nombre": "Sion",
    "stats_base": {
        "Vida": 655.0,
        "Vida_por_nivel": 87.0,
        "Regen_Vida": 1.7999999523162842,
        "Regen_Vida_por_nivel": 0.1599999964237213,
        "Daño_Ataque": 68.0,
        "Daño_Ataque_por_nivel": 4.0,
        "Armadura": 36.0,
        "Armadura_por_nivel": 4.199999809265137,
        "Resistencia_Magica_por_nivel": 2.049999952316284,
        "Vel_Movimiento": 345.0,
        "Rango_Ataque": 175.0,
        "Vel_Ataque_base": 0.6790000200271606,
        "Vel_Ataque_ratio": 0.6790000200271606,
        "Vel_Ataque_por_nivel": 1.2999999523162842,
        "Mana": 400.0,
        "Mana_por_nivel": 52.0,
        "Regen_Mana": 1.600000023841858,
        "Regen_Mana_por_nivel": 0.11999999731779099
    },
    "habilidades": {
        "Q": {
            "nombre": "SionQAbility/SionQ",
            "cooldown": [
                11.0,
                10.0,
                9.0,
                8.0,
                7.0,
                6.0,
                6.0
            ],
            "costo_mana": [
                45.0,
                45.0,
                45.0,
                45.0,
                45.0,
                45.0
            ],
            "rango": [
                10000.0,
                10000.0,
                10000.0,
                10000.0,
                10000.0,
                10000.0,
                10000.0
            ],
            "daño_base": [
                20.0,
                40.0,
                60.0,
                80.0,
                100.0,
                120.0,
                140.0
            ],
            "escalado_1": 1.0,
            "escalado_2": 0.0,
            "parametros_extra": {
                "MinionRatio": [
                    60.0,
                    60.0,
                    60.0,
                    60.0,
                    60.0,
                    60.0,
                    60.0
                ],
                "MonsterRatio": [
                    165.0,
                    165.0,
                    165.0,
                    165.0,
                    165.0,
                    165.0,
                    165.0
                ],
                "BaseStunTime": [
                    1.25,
                    1.25,
                    1.25,
                    1.25,
                    1.25,
                    1.25,
                    1.25
                ]
            }
        },
        "W": {
            "nombre": "SionWAbility/SionW",
            "cooldown": [
                15.0,
                15.0,
                14.0,
                13.0,
                12.0,
                11.0,
                11.0
            ],
            "costo_mana": [
                65.0,
                70.0,
                75.0,
                80.0,
                85.0,
                90.0
            ],
            "rango": [
                500.0,
                500.0,
                500.0,
                500.0,
                500.0,
                500.0,
                500.0
            ],
            "daño_base": [
                60.0,
                60.0,
                75.0,
                90.0,
                105.0,
                120.0,
                120.0
            ],
            "escalado_1": 0.4000000059604645,
            "escalado_2": 0.4000000059604645,
            "parametros_extra": {
                "ShieldPercentHealthTooltip": [
                    0.05999999865889549,
                    0.07999999821186066,
                    0.10000000149011612,
                    0.11999999731779099,
                    0.14000000059604645,
                    0.1599999964237213,
                    0.18000000715255737
                ],
                "HPPerChampKill": [
                    15.0,
                    15.0,
                    15.0,
                    15.0,
                    15.0,
                    15.0,
                    15.0
                ],
                "HPPerKill": [
                    4.0,
                    4.0,
                    4.0,
                    4.0,
                    4.0,
                    4.0,
                    4.0
                ],
                "HPPerLargeKill": [
                    15.0,
                    15.0,
                    15.0,
                    15.0,
                    15.0,
                    15.0,
                    15.0
                ]
            }
        },
        "E": {
            "nombre": "SionEAbility/SionE",
            "cooldown": [
                13.0,
                12.0,
                11.0,
                10.0,
                9.0,
                8.0,
                8.0
            ],
            "costo_mana": [
                35.0,
                40.0,
                45.0,
                50.0,
                55.0,
                60.0
            ],
            "rango": [
                25000.0,
                25000.0,
                25000.0,
                25000.0,
                25000.0,
                25000.0,
                25000.0
            ],
            "daño_base": [
                65.0,
                65.0,
                100.0,
                135.0,
                170.0,
                205.0,
                205.0
            ],
            "escalado_1": 0.550000011920929,
            "escalado_2": 0.550000011920929,
            "parametros_extra": {
                "SlowAmount": [
                    35.0,
                    40.0,
                    45.0,
                    50.0,
                    55.0,
                    60.0,
                    65.0
                ],
                "ArmorShred": [
                    25.0,
                    25.0,
                    25.0,
                    25.0,
                    25.0,
                    25.0,
                    25.0
                ],
                "SlowDuration": [
                    2.5,
                    2.5,
                    2.5,
                    2.5,
                    2.5,
                    2.5,
                    2.5
                ],
                "ArmorShredDuration": [
                    4.0,
                    4.0,
                    4.0,
                    4.0,
                    4.0,
                    4.0,
                    4.0
                ]
            }
        },
        "R": {
            "nombre": "SionRAbility/SionR",
            "cooldown": [
                10.0,
                140.0,
                100.0,
                60.0,
                10.0,
                10.0,
                10.0
            ],
            "costo_mana": [
                100.0,
                100.0,
                100.0,
                0.0,
                0.0,
                0.0
            ],
            "rango": [
                25000.0,
                25000.0,
                25000.0,
                25000.0,
                25000.0,
                25000.0,
                25000.0
            ],
            "daño_base": [
                0.0,
                150.0,
                300.0,
                450.0,
                600.0,
                750.0,
                900.0
            ],
            "escalado_1": 0.4000000059604645,
            "escalado_2": 0.800000011920929,
            "parametros_extra": {
                "SlowAmount": [
                    35.0,
                    40.0,
                    45.0,
                    50.0,
                    55.0,
                    60.0,
                    65.0
                ],
                "MinStunDuration": [
                    0.75,
                    0.75,
                    0.75,
                    0.75,
                    0.75,
                    0.75,
                    0.75
                ],