{
    "nombre": "Skarner",
    "stats_base": {
        "Vida": 630.0,
        "Vida_por_nivel": 110.0,
        "Regen_Vida": 1.5,
        "Regen_Vida_por_nivel": 0.15000000596046448,
        "Daño_Ataque": 63.0,
        "Daño_Ataque_por_nivel": 5.0,
        "Armadura": 33.0,
        "Armadura_por_nivel": 4.5,
        "Resistencia_Magica_por_nivel": 2.049999952316284,
        "Vel_Movimiento": 335.0,
        "Rango_Ataque": 150.0,
        "Vel_Ataque_base": 0.625,
        "Vel_Ataque_ratio": 0.625,
        "Vel_Ataque_por_nivel": 2.0,
        "Mana": 320.0,
        "Mana_por_nivel": 40.0,
        "Regen_Mana": 1.440000057220459,
        "Regen_Mana_por_nivel": 0.15000000596046448
    },
    "habilidades": {
        "Q": {
            "nombre": "SkarnerQAbility/SkarnerQ",
            "cooldown": [
                8.0,
                8.0,
                6.75,
                5.5,
                4.25,
                3.0,
                3.0
            ],
            "costo_mana": [
                30.0,
                30.0,
                30.0,
                30.0,
                30.0,
                30.0
            ],
            "rango": [],
            "daño_base": [
                0.0,
                10.0,
                20.0,
                30.0,
                40.0,
                50.0,
                60.0
            ],
            "escalado_1": 0.8999999761581421,
            "escalado_2": 0.0,
            "parametros_extra": {
                "RockHoldDuration": [
                    5.0,
                    5.0,
                    5.0,
                    5.0,
                    5.0,
                    5.0,
                    5.0
                ],
                "AttackRadius": [
                    300.0,
                    300.0,
                    300.0,
                    300.0,
                    300.0,
                    300.0,
                    300.0
                ],
                "MaxHPPercent": [
                    0.10999999940395355,
                    0.10999999940395355,
                    0.10999999940395355,
                    0.10999999940395355,
                    0.10999999940395355,
                    0.10999999940395355,
                    0.10999999940395355
                ],
                "SlowDuration": [
                    1.0,
                    1.0,
                    1.0,
                    1.0,
                    1.0,
                    1.0,
                    1.0
                ],
                "SlowPercent": [
                    0.4000000059604645,
                    0.4000000059604645,
                    0.4000000059604645,
                    0.4000000059604645,
                    0.4000000059604645,
                    0.4000000059604645,
                    0.4000000059604645
                ],
                "AttackRange": [
                    25.0,
                    25.0,
                    25.0,
                    25.0,
                    25.0,
                    25.0,
                    25.0
                ],
                "AttackSpeed": [
                    0.15000000596046448,
                    0.20000000298023224,
                    0.25,
                    0.30000001192092896,
                    0.3499999940395355,
                    0.4000000059604645,
                    0.44999998807907104
                ],
                "BonusHealthRatio": [
                    0.029999999329447746,
                    0.029999999329447746,
                    0.029999999329447746,
                    0.029999999329447746,
                    0.029999999329447746,
                    0.029999999329447746,
                    0.029999999329447746
                ]
            }
        },
        "W": {
            "nombre": "SkarnerWAbility/SkarnerW",
            "cooldown": [
                10.0,
                10.0,
                9.0,
                8.0,
                7.0,
                6.0,
                6.0
            ],
            "costo_mana": [
                60.0,
                65.0,
                70.0,
                75.0,
                80.0,
                80.0
            ],
            "rango": [
                650.0,
                650.0,
                650.0,
                650.0,
                650.0,
                650.0,
                650.0
            ],
            "daño_base": [
                30.0,
                50.0,
                70.0,
                90.0,
                110.0,
                130.0,
                150.0
            ],
            "escalado_1": 0.800000011920929,
            "escalado_2": 0.800000011920929,
            "parametros_extra": {
                "InitialShieldRatio": [
                    0.07999999821186066,
                    0.07999999821186066,
                    0.07999999821186066,
                    0.07999999821186066,
                    0.07999999821186066,
                    0.07999999821186066,
                    0.07999999821186066
                ],
                "ShieldDuration": [
                    2.5,
                    2.5,
                    2.5,
                    2.5,
                    2.5,
                    2.5,
                    2.5
                ],
                "SlowEffect": [
                    -0.20000000298023224,
                    -0.20000000298023224,
                    -0.20000000298023224,
                    -0.20000000298023224,
                    -0.20000000298023224,
                    -0.20000000298023224,
                    -0.20000000298023224
                ],
                "SlowDuration": [
                    1.0,
                    1.0,
                    1.0,
                    1.0,
                    1.0,
                    1.0,
                    1.0
                ]
            }
        },
        "E": {
            "nombre": "SkarnerEAbility/SkarnerE",
            "cooldown": [
                23.0,
                22.0,
                21.0,
                20.0,
                19.0,
                18.0,
                18.0
            ],
            "costo_mana": [
                50.0,
                55.0,
                60.0,
                65.0,
                70.0,
                70.0
            ],
            "rango": [
                1700.0,
                1700.0,
                1700.0,
                1700.0,
                1700.0,
                1700.0,
                1700.0
            ],
            "daño_base": [
                0.0,
                30.0,
                60.0,
                90.0,
                120.0,
                150.0,
                180.0
            ],
            "escalado_1": 1.2000000476837158,
            "escalado_2": 0.0,
            "parametros_extra": {
                "ChargeDuration": [
                    2.75,
                    2.75,
                    2.75,
                    2.75,
                    2.75,
                    2.75,
                    2.75
                ],
                "InitialSpeed": [
                    150.0,
                    150.0,
                    150.0,
                    150.0,
                    150.0,
                    150.0,
                    150.0
                ],
                "Acceleration": [
                    100.0,
                    100.0,
                    100.0,
                    100.0,
                    100.0,
                    100.0,
                    100.0
                ],
                "MaximumSpeed": [
                    950.0,
                    950.0,
                    950.0,
                    950.0,
                    950.0,
                    950.0,
                    950.0
                ],