{
    "nombre": "Smolder",
    "stats_base": {
        "Vida": 575.0,
        "Vida_por_nivel": 100.0,
        "Regen_Vida": 0.75,
        "Regen_Vida_por_nivel": 0.11999999731779099,
        "Daño_Ataque": 60.0,
        "Daño_Ataque_por_nivel": 2.299999952316284,
        "Armadura": 24.0,
        "Armadura_por_nivel": 4.0,
        "Resistencia_Magica_por_nivel": 1.2999999523162842,
        "Vel_Movimiento": 330.0,
        "Rango_Ataque": 550.0,
        "Vel_Ataque_base": 0.6380000114440918,
        "Vel_Ataque_ratio": 0.6380000114440918,
        "Vel_Ataque_por_nivel": 4.0,
        "Mana": 300.0,
        "Mana_por_nivel": 40.0,
        "Regen_Mana": 1.7000000476837158,
        "Regen_Mana_por_nivel": 0.14000000059604645
    },
    "habilidades": {
        "Q": {
            "nombre": "SmolderQAbility/SmolderQ",
            "cooldown": [
                5.5,
                5.5,
                5.0,
                4.5,
                4.0,
                3.5,
                3.5
            ],
            "costo_mana": [
                25.0,
                25.0,
                25.0,
                25.0,
                25.0,
                25.0
            ],
            "rango": [
                550.0,
                550.0,
                550.0,
                550.0,
                550.0,
                550.0,
                550.0
            ],
            "daño_base": [
                50.0,
                65.0,
                80.0,
                95.0,
                110.0,
                125.0,
                140.0
            ],
            "escalado_1": 1.2999999523162842,
            "escalado_2": 0.0,
            "parametros_extra": {
                "StackTier1": [
                    25.0,
                    25.0,
                    25.0,
                    25.0,
                    25.0,
                    25.0,
                    25.0
                ],
                "StackTier2": [
                    125.0,
                    125.0,
                    125.0,
                    125.0,
                    125.0,
                    125.0,
                    125.0
                ],
                "StackTier3": [
                    225.0,
                    225.0,
                    225.0,
                    225.0,
                    225.0,
                    225.0,
                    225.0
                ],
                "Tier1_ExplosionRadius": [
                    285.0,
                    285.0,
                    285.0,
                    285.0,
                    285.0,
                    285.0,
                    285.0
                ],
                "Tier2_BlowbackDistance": [
                    500.0,
                    500.0,
                    500.0,
                    500.0,
                    500.0,
                    500.0,
                    500.0
                ],
                "Tier2_BlowbackAmountBase": [
                    2.0,
                    2.0,
                    2.0,
                    2.0,
                    2.0,
                    2.0,
                    2.0
                ],
                "Tier2_BlowbackExplosionRadius": [
                    150.0,
                    150.0,
                    150.0,
                    150.0,
                    150.0,
                    150.0,
                    150.0
                ],
                "Tier2_BlowbackSpreadAngle": [
                    15.0,
                    15.0,
                    15.0,
                    15.0,
                    15.0,
                    15.0,
                    15.0
                ],
                "Tier3_MonsterCap": [
                    300.0,
                    300.0,
                    300.0,
                    300.0,
                    300.0,
                    300.0,
                    300.0
                ],
                "CritRatio": [
                    0.5,
                    0.5,
                    0.5,
                    0.5,
                    0.5,
                    0.5,
                    0.5
                ],
                "LifestealMod": [
                    0.5,
                    0.5,
                    0.5,
                    0.5,
                    0.5,
                    0.5,
                    0.5
                ],
                "Tier3_ExecuteThresholdStart": [
                    6.5,
                    6.5,
                    6.5,
                    6.5,
                    6.5,
                    6.5,
                    6.5
                ],
                "Tier3_DotLength": [
                    3.0,
                    3.0,
                    3.0,
                    3.0,
                    3.0,
                    3.0,
                    3.0
                ],
                "minionmod": [
                    1.0,
                    1.0,
                    1.0,
                    1.0,
                    1.0,
                    1.0,
                    1.0
                ],
                "Tier3_Burn_Stack_Mult": [
                    4.999999873689376e-05,
                    4.999999873689376e-05,
                    4.999999873689376e-05,
                    4.999999873689376e-05,
                    4.999999873689376e-05,
                    4.999999873689376e-05,
                    4.999999873689376e-05
                ],
                "ManaRestore": [
                    15.0,
                    15.0,
                    15.0,
                    15.0,
                    15.0,
                    15.0,
                    15.0
                ]
            }
        },
        "W": {
            "nombre": "SmolderWAbility/SmolderW",
            "cooldown": [
                14.0,
                14.0,
                13.0,
                12.0,
                11.0,
                10.0,
                10.0
            ],
            "costo_mana": [
                50.0,
                55.0,
                60.0,
                65.0,
                70.0,
                70.0
            ],
            "rango": [
                1500.0,
                1500.0,
                1500.0,
                1500.0,
                1500.0,
                1500.0,
                1500.0
            ],
            "daño_base": [
                50.0,
                60.0,
                70.0,
                80.0,
                90.0,
                100.0,
                110.0
            ],
            "escalado_1": 0.6000000238418579,
            "escalado_2": 0.0,
            "parametros_extra": {
                "ExplosionRadius": [
                    385.0,
                    385.0,
                    385.0,
                    385.0,
                    385.0,
                    385.0,
                    385.0
                ],
                "SlowAmount": [
                    0.3499999940395355,
                    0.3499999940395355,
                    0.3499999940395355,
                    0.3499999940395355,
                    0.3499999940395355,
                    0.3499999940395355,
                    0.3499999940395355
                ],
                "SlowDuration": [
                    1.5,
                    1.5,
                    1.5,
                    1.5,
                    1.5,
                    1.5,
                    1.5
                ],
                "MinionMod": [
                    1.0,
                    1.0,
                    1.0,
                    1.0,
                    1.0,
                    1.0,
                    1.0
                ]
            }
        },
        "E": {
            "nombre": "SmolderEAbility/SmolderE",
            "cooldown": [
                24.0,
                24.0,
                22.0,
                20.0,
                18.0,
                16.0,
                16.0
            ],