{
    "nombre": "Sona",
    "stats_base": {
        "Vida": 550.0,
        "Vida_por_nivel": 91.0,
        "Regen_Vida": 1.100000023841858,
        "Regen_Vida_por_nivel": 0.10999999940395355,
        "Daño_Ataque": 49.0,
        "Daño_Ataque_por_nivel": 3.0,
        "Armadura": 26.0,
        "Armadura_por_nivel": 4.199999809265137,
        "Resistencia_Magica_por_nivel": 1.2999999523162842,
        "Vel_Movimiento": 325.0,
        "Rango_Ataque": 550.0,
        "Vel_Ataque_base": 0.6439999938011169,
        "Vel_Ataque_ratio": 0.6439999938011169,
        "Vel_Ataque_por_nivel": 2.299999952316284,
        "Mana": 340.0,
        "Mana_por_nivel": 45.0,
        "Regen_Mana": 2.299999952316284,
        "Regen_Mana_por_nivel": 0.07999999821186066
    },
    "habilidades": {
        "Q": {
            "nombre": "SonaQAbility/SonaQ",
            "cooldown": [
                8.0,
                8.0,
                8.0,
                8.0,
                8.0,
                8.0,
                8.0
            ],
            "costo_mana": [
                50.0,
                55.0,
                60.0,
                65.0,
                70.0,
                75.0
            ],
            "rango": [
                825.0,
                825.0,
                825.0,
                825.0,
                825.0,
                825.0,
                825.0
            ],
            "daño_base": [
                15.0,
                50.0,
                85.0,
                120.0,
                155.0,
                190.0,
                225.0
            ],
            "escalado_1": 0.0,
            "escalado_2": 0.0,
            "parametros_extra": {
                "AuraRange": [
                    400.0,
                    400.0,
                    400.0,
                    400.0,
                    400.0,
                    400.0,
                    400.0
                ],
                "OnHitDuration": [
                    5.0,
                    5.0,
                    5.0,
                    5.0,
                    5.0,
                    5.0,
                    5.0
                ],
                "EnemiesToHit": [
                    2.0,
                    2.0,
                    2.0,
                    2.0,
                    2.0,
                    2.0,
                    2.0
                ],
                "AuraDuration": [
                    3.0,
                    3.0,
                    3.0,
                    3.0,
                    3.0,
                    3.0,
                    3.0
                ],
                "BaseGlobalCD": [
                    0.5,
                    0.5,
                    0.5,
                    0.5,
                    0.5,
                    0.5,
                    0.5
                ],
                "OnHitProcs": [
                    1.0,
                    1.0,
                    1.0,
                    1.0,
                    1.0,
                    1.0,
                    1.0
                ],
                "OnHitRatio": [
                    0.10000000149011612,
                    0.10000000149011612,
                    0.10000000149011612,
                    0.10000000149011612,
                    0.10000000149011612,
                    0.10000000149011612,
                    0.10000000149011612
                ]
            }
        },
        "W": {
            "nombre": "SonaWAbility/SonaW",
            "cooldown": [],
            "costo_mana": [
                80.0,
                85.0,
                90.0,
                95.0,
                100.0,
                105.0
            ],
            "rango": [
                1000.0,
                1000.0,
                1000.0,
                1000.0,
                1000.0,
                1000.0,
                1000.0
            ],
            "daño_base": [
                0.5,
                0.5,
                0.5,
                0.5,
                0.5,
                0.5,
                0.5
            ],
            "escalado_1": 0.0,
            "escalado_2": 0.0,
            "parametros_extra": {
                "BaseHeal": [
                    15.0,
                    30.0,
                    45.0,
                    60.0,
                    75.0,
                    90.0,
                    105.0
                ],
                "BaseShield": [
                    5.0,
                    25.0,
                    45.0,
                    65.0,
                    85.0,
                    105.0,
                    125.0
                ],
                "AuraDuration": [
                    3.0,
                    3.0,
                    3.0,
                    3.0,
                    3.0,
                    3.0,
                    3.0
                ],
                "AuraRange": [
                    400.0,
                    400.0,
                    400.0,
                    400.0,
                    400.0,
                    400.0,
                    400.0
                ],
                "BaseGlobalCD": [
                    0.5,
                    0.5,
                    0.5,
                    0.5,
                    0.5,
                    0.5,
                    0.5
                ],
                "DiminuendoDuration": [
                    3.0,
                    3.0,
                    3.0,
                    3.0,
                    3.0,
                    3.0,
                    3.0
                ],
                "HealRange": [
                    1000.0,
                    1000.0,
                    1000.0,
                    1000.0,
                    1000.0,
                    1000.0,
                    1000.0
                ],
                "ShieldDuration": [
                    1.5,
                    1.5,
                    1.5,
                    1.5,
                    1.5,
                    1.5,
                    1.5
                ],
                "AccelerandoShieldBreakpoint": [
                    5.0,
                    25.0,
                    45.0,
                    65.0,
                    85.0,
                    105.0,
                    125.0
                ],
                "HealRatio": [
                    0.30000001192092896,
                    0.30000001192092896,
                    0.30000001192092896,
                    0.30000001192092896,
                    0.30000001192092896,
                    0.30000001192092896,
                    0.30000001192092896
                ],
                "ShieldRatio": [
                    0.25,
                    0.25,
                    0.25,
                    0.25,
                    0.25,
                    0.25,
                    0.25
                ]
            }
        },
        "E": {
            "nombre": "SonaEAbility/SonaE",
            "cooldown": [
                14.0,
                14.0,
                14.0,
                14.0,
                14.0,
                14.0,
                14.0
            ],
            "costo_mana": [
                65.0,
                65.0,
                65.0,
                65.0,
                65.0,
                65.0
            ],
            "rango": [
                1000.0,
                1000.0,
                1000.0,
                1000.0,
                1000.0,
                1000.0,
                1000.0
            ],
            "daño_base": [
                0.20000000298023224,
                0.20000000298023224,
                0.20000000298023224,
                0.20000000298023224,
                0.20000000298023224,
                0.20000000298023224,
                0.20000000298023224
            ],
            "escalado_1": 0.0,
            "escalado_2": 0.0,