{
    "nombre": "Soraka",
    "stats_base": {
        "Vida": 605.0,
        "Vida_por_nivel": 88.0,
        "Regen_Vida": 0.5,
        "Regen_Vida_por_nivel": 0.10000000149011612,
        "Daño_Ataque": 50.0,
        "Daño_Ataque_por_nivel": 3.0,
        "Armadura": 32.0,
        "Armadura_por_nivel": 5.0,
        "Resistencia_Magica_por_nivel": 1.2999999523162842,
        "Vel_Movimiento": 325.0,
        "Rango_Ataque": 550.0,
        "Vel_Ataque_base": 0.625,
        "Vel_Ataque_ratio": 0.625,
        "Vel_Ataque_por_nivel": 2.140000104904175,
        "Mana": 425.0,
        "Mana_por_nivel": 40.0,
        "Regen_Mana": 2.299999952316284,
        "Regen_Mana_por_nivel": 0.07999999821186066
    },
    "habilidades": {
        "Q": {
            "nombre": "SorakaQAbility/SorakaQ",
            "cooldown": [
                9.0,
                8.0,
                7.0,
                6.0,
                5.0,
                4.0,
                3.0
            ],
            "costo_mana": [
                45.0,
                50.0,
                55.0,
                60.0,
                65.0,
                65.0
            ],
            "rango": [
                800.0,
                800.0,
                800.0,
                800.0,
                800.0,
                800.0,
                800.0
            ],
            "daño_base": [
                50.0,
                85.0,
                120.0,
                155.0,
                190.0,
                225.0,
                260.0
            ],
            "escalado_1": 0.30000001192092896,
            "escalado_2": 0.30000001192092896,
            "parametros_extra": {
                "BaseHoT": [
                    45.0,
                    60.0,
                    75.0,
                    90.0,
                    105.0,
                    120.0,
                    135.0
                ],
                "HotDuration": [
                    2.5,
                    2.5,
                    2.5,
                    2.5,
                    2.5,
                    2.5,
                    2.5
                ],
                "MoveSpeedSlow": [
                    0.30000001192092896,
                    0.30000001192092896,
                    0.30000001192092896,
                    0.30000001192092896,
                    0.30000001192092896,
                    0.30000001192092896,
                    0.30000001192092896
                ],
                "SlowDuration": [
                    1.5,
                    1.5,
                    1.5,
                    1.5,
                    1.5,
                    1.5,
                    1.5
                ],
                "MoveSpeedHaste": [
                    0.17499999701976776,
                    0.20000000298023224,
                    0.22499999403953552,
                    0.25,
                    0.2750000059604645,
                    0.30000001192092896,
                    0.32499998807907104
                ],
                "MoveSpeedDuration": [
                    2.5,
                    2.5,
                    2.5,
                    2.5,
                    2.5,
                    2.5,
                    2.5
                ]
            }
        },
        "W": {
            "nombre": "SorakaWAbility/SorakaW",
            "cooldown": [
                6.0,
                6.0,
                5.0,
                4.0,
                3.0,
                2.0,
                2.0
            ],
            "costo_mana": [
                40.0,
                45.0,
                50.0,
                55.0,
                60.0,
                60.0
            ],
            "rango": [
                550.0,
                550.0,
                550.0,
                550.0,
                550.0,
                550.0,
                550.0
            ],
            "daño_base": [],
            "escalado_1": 0.0,
            "escalado_2": 0.0,
            "parametros_extra": {
                "BaseHeal": [
                    70.0,
                    90.0,
                    110.0,
                    130.0,
                    150.0,
                    170.0,
                    190.0
                ],
                "PercentHealthCost": [
                    0.10000000149011612,
                    0.10000000149011612,
                    0.10000000149011612,
                    0.10000000149011612,
                    0.10000000149011612,
                    0.10000000149011612,
                    0.10000000149011612
                ],
                "MinimumPercentHealth": [
                    0.05000000074505806,
                    0.05000000074505806,
                    0.05000000074505806,
                    0.05000000074505806,
                    0.05000000074505806,
                    0.05000000074505806,
                    0.05000000074505806
                ],
                "PercentHealthCostRefund": [
                    0.75,
                    0.800000011920929,
                    0.8500000238418579,
                    0.8999999761581421,
                    0.949999988079071,
                    1.0,
                    1.0499999523162842
                ]
            }
        },
        "E": {
            "nombre": "SorakaEAbility/SorakaE",
            "cooldown": [
                20.0,
                20.0,
                19.0,
                18.0,
                17.0,
                16.0,
                16.0
            ],
            "costo_mana": [
                70.0,
                75.0,
                80.0,
                85.0,
                90.0,
                90.0
            ],
            "rango": [
                875.0,
                875.0,
                875.0,
                875.0,
                875.0,
                875.0,
                875.0
            ],
            "daño_base": [
                45.0,
                70.0,
                95.0,
                120.0,
                145.0,
                170.0,
                195.0
            ],
            "escalado_1": 0.0,
            "escalado_2": 0.0,
            "parametros_extra": {
                "RootDuration": [
                    0.75,
                    1.0,
                    1.25,
                    1.5,
                    1.75,
                    2.0,
                    2.25
                ],
                "RootDelay": [
                    1.5,
                    1.5,
                    1.5,
                    1.5,
                    1.5,
                    1.5,
                    1.5
                ]
            }
        },
        "R": {
            "nombre": "SorakaRAbility/SorakaR",
            "cooldown": [
                150.0,
                150.0,
                135.0,
                120.0,
                10.0,
                10.0,
                10.0
            ],
            "costo_mana": [
                100.0,
                100.0,
                100.0,
                0.0,
                0.0,
                0.0
            ],
            "rango": [
                25000.0,
                25000.0,
                25000.0,
                25000.0,
                25000.0,
                25000.0,
                25000.0
            ],
            "daño_base": [],
            "escalado_1": 0.550000011920929,
            "escalado_2": 0.0,
            "parametros_extra": {
                "BaseHeal": [
                    50.0,
                    150.0,
                    250.0,
                    350.0,
                    450.0,
                    550.0,
                    650.0
                ],
                "HealingAmpForLowHealthAllies": [
                    0.5,
                    0.5,
                    0.5,
                    0.5,
                    0.5,
                    0.5,
                    0.5
                ]
            }
        }
    },