{
    "nombre": "Swain",
    "stats_base": {
        "Vida": 595.0,
        "Vida_por_nivel": 99.0,
        "Regen_Vida": 0.6000000238418579,
        "Regen_Vida_por_nivel": 0.10000000149011612,
        "Daño_Ataque": 58.0,
        "Daño_Ataque_por_nivel": 2.700000047683716,
        "Armadura": 25.0,
        "Armadura_por_nivel": 4.699999809265137,
        "Resistencia_Magica_por_nivel": 1.5499999523162842,
        "Vel_Movimiento": 330.0,
        "Rango_Ataque": 525.0,
        "Vel_Ataque_base": 0.625,
        "Vel_Ataque_ratio": 0.625,
        "Vel_Ataque_por_nivel": 2.109999895095825,
        "Mana": 400.0,
        "Mana_por_nivel": 29.0,
        "Regen_Mana": 2.0,
        "Regen_Mana_por_nivel": 0.1599999964237213
    },
    "habilidades": {
        "Q": {
            "nombre": "SwainQAbility/SwainQ",
            "cooldown": [
                7.0,
                7.0,
                6.0,
                5.0,
                4.0,
                3.0,
                3.0
            ],
            "costo_mana": [
                40.0,
                45.0,
                50.0,
                55.0,
                60.0,
                60.0
            ],
            "rango": [
                25000.0,
                25000.0,
                25000.0,
                25000.0,
                25000.0,
                25000.0,
                25000.0
            ],
            "daño_base": [
                30.0,
                60.0,
                90.0,
                120.0,
                150.0,
                180.0,
                210.0
            ],
            "escalado_1": 0.44999998807907104,
            "escalado_2": 0.44999998807907104,
            "parametros_extra": {
                "ExtraBoltRatio": [
                    0.25,
                    0.25,
                    0.25,
                    0.25,
                    0.25,
                    0.25,
                    0.25
                ],
                "BoundaryCheckRange": [
                    725.0,
                    725.0,
                    725.0,
                    725.0,
                    725.0,
                    725.0,
                    725.0
                ]
            }
        },
        "W": {
            "nombre": "SwainWAbility/SwainW",
            "cooldown": [
                22.0,
                22.0,
                21.0,
                20.0,
                19.0,
                18.0,
                18.0
            ],
            "costo_mana": [
                60.0,
                65.0,
                70.0,
                75.0,
                80.0,
                80.0
            ],
            "rango": [
                5500.0,
                5500.0,
                6000.0,
                6500.0,
                7000.0,
                7500.0,
                7500.0
            ],
            "daño_base": [
                35.0,
                70.0,
                105.0,
                140.0,
                175.0,
                210.0,
                245.0
            ],
            "escalado_1": 0.6000000238418579,
            "escalado_2": 0.6000000238418579,
            "parametros_extra": {
                "MinionMod": [
                    0.5,
                    0.5,
                    0.5,
                    0.5,
                    0.5,
                    0.5,
                    0.5
                ],
                "Slow": [
                    -0.5,
                    -0.5,
                    -0.5,
                    -0.5,
                    -0.5,
                    -0.5,
                    -0.5
                ],
                "SlowDuration": [
                    1.5,
                    1.5,
                    1.5,
                    1.5,
                    1.5,
                    1.5,
                    1.5
                ],
                "RevealDuration": [
                    6.0,
                    6.0,
                    6.0,
                    6.0,
                    6.0,
                    6.0,
                    6.0
                ],
                "EffectRadius": [
                    325.0,
                    325.0,
                    325.0,
                    325.0,
                    325.0,
                    325.0,
                    325.0
                ],
                "VisionRadius": [
                    420.0,
                    420.0,
                    420.0,
                    420.0,
                    420.0,
                    420.0,
                    420.0
                ]
            }
        },
        "E": {
            "nombre": "SwainEAbility/SwainE",
            "cooldown": [
                12.0,
                12.0,
                11.5,
                11.0,
                10.5,
                10.0,
                10.0
            ],
            "costo_mana": [
                50.0,
                55.0,
                60.0,
                65.0,
                70.0,
                70.0
            ],
            "rango": [
                850.0,
                850.0,
                850.0,
                850.0,
                850.0,
                850.0,
                850.0
            ],
            "daño_base": [
                50.0,
                90.0,
                130.0,
                170.0,
                210.0,
                250.0,
                290.0
            ],
            "escalado_1": 0.0,
            "escalado_2": 0.0,
            "parametros_extra": {
                "E2Ratio": [
                    0.699999988079071,
                    0.699999988079071,
                    0.699999988079071,
                    0.699999988079071,
                    0.699999988079071,
                    0.699999988079071,
                    0.699999988079071
                ],
                "RootDuration": [
                    1.5,
                    1.5,
                    1.5,
                    1.5,
                    1.5,
                    1.5,
                    1.5
                ],
                "PullDistance": [
                    290.0,
                    290.0,
                    290.0,
                    290.0,
                    290.0,
                    290.0,
                    290.0
                ],
                "CooldownRefund": [
                    0.20000000298023224,
                    0.20000000298023224,
                    0.20000000298023224,
                    0.20000000298023224,
                    0.20000000298023224,
                    0.20000000298023224,
                    0.20000000298023224
                ],
                "ExplosionRadius": [
                    205.0,
                    205.0,
                    205.0,
                    205.0,
                    205.0,
                    205.0,
                    205.0
                ]
            }
        },
        "R": {
            "nombre": "SwainRAbility/SwainR",
            "cooldown": [
                120.0,
                120.0,
                120.0,
                120.0,
                120.0,
                120.0,
                120.0
            ],
            "costo_mana": [
                100.0,
                100.0,
                100.0,
                100.0,
                100.0,
                100.0
            ],
            "rango": [
                600.0,
                600.0,
                600.0,
                600.0,
                600.0,
                600.0,
                600.0
            ],
            "daño_base": [
                5.0,
                15.0,
                25.0,
                35.0,
                45.0,
                55.0,
                65.0
            ],
            "escalado_1": 0.03999999910593033,
            "escalado_2": 0.03999999910593033,