{
    "nombre": "Sylas",
    "stats_base": {
        "Vida": 600.0,
        "Vida_por_nivel": 122.0,
        "Regen_Vida": 1.7999999523162842,
        "Regen_Vida_por_nivel": 0.18000000715255737,
        "Daño_Ataque": 61.0,
        "Daño_Ataque_por_nivel": 3.0,
        "Armadura": 29.0,
        "Armadura_por_nivel": 5.199999809265137,
        "Resistencia_Magica_por_nivel": 2.549999952316284,
        "Vel_Movimiento": 340.0,
        "Rango_Ataque": 175.0,
        "Vel_Ataque_base": 0.6449999809265137,
        "Vel_Ataque_ratio": 0.6449999809265137,
        "Vel_Ataque_por_nivel": 3.5,
        "Mana": 400.0,
        "Mana_por_nivel": 70.0,
        "Regen_Mana": 1.600000023841858,
        "Regen_Mana_por_nivel": 0.1599999964237213
    },
    "habilidades": {
        "Q": {
            "nombre": "SylasQAbility/SylasQ",
            "cooldown": [
                10.0,
                10.0,
                9.0,
                8.0,
                7.0,
                6.0,
                6.0
            ],
            "costo_mana": [
                55.0,
                55.0,
                55.0,
                55.0,
                55.0,
                55.0
            ],
            "rango": [
                850.0,
                850.0,
                850.0,
                850.0,
                850.0,
                850.0,
                850.0
            ],
            "daño_base": [
                20.0,
                40.0,
                60.0,
                80.0,
                100.0,
                120.0,
                140.0
            ],
            "escalado_1": 0.4000000059604645,
            "escalado_2": 0.4000000059604645,
            "parametros_extra": {
                "SlowAmount": [
                    0.10000000149011612,
                    0.15000000596046448,
                    0.20000000298023224,
                    0.25,
                    0.30000001192092896,
                    0.3499999940395355,
                    0.4000000059604645
                ],
                "MinionMod": [
                    0.4000000059604645,
                    0.4000000059604645,
                    0.4000000059604645,
                    0.4000000059604645,
                    0.4000000059604645,
                    0.4000000059604645,
                    0.4000000059604645
                ],
                "Q2AoE": [
                    180.0,
                    180.0,
                    180.0,
                    180.0,
                    180.0,
                    180.0,
                    180.0
                ],
                "DetonationDelay": [
                    0.6000000238418579,
                    0.6000000238418579,
                    0.6000000238418579,
                    0.6000000238418579,
                    0.6000000238418579,
                    0.6000000238418579,
                    0.6000000238418579
                ],
                "SlowDuration": [
                    1.5,
                    1.5,
                    1.5,
                    1.5,
                    1.5,
                    1.5,
                    1.5
                ],
                "MonsterMod": [
                    1.0,
                    1.0,
                    1.0,
                    1.0,
                    1.0,
                    1.0,
                    1.0
                ]
            }
        },
        "W": {
            "nombre": "SylasWAbility/SylasW",
            "cooldown": [
                12.0,
                12.0,
                10.5,
                9.0,
                7.5,
                6.0,
                5.25
            ],
            "costo_mana": [
                50.0,
                60.0,
                70.0,
                80.0,
                90.0,
                100.0
            ],
            "rango": [],
            "daño_base": [
                40.0,
                75.0,
                110.0,
                145.0,
                180.0,
                215.0,
                250.0
            ],
            "escalado_1": 0.6000000238418579,
            "escalado_2": 0.6000000238418579,
            "parametros_extra": {
                "Healing": [
                    0.0,
                    20.0,
                    40.0,
                    60.0,
                    80.0,
                    100.0,
                    120.0
                ],
                "MaxHealingPercentAmp": [
                    2.0,
                    2.0,
                    2.0,
                    2.0,
                    2.0,
                    2.0,
                    2.0
                ],
                "MaxExecuteThreshold": [
                    0.4000000059604645,
                    0.4000000059604645,
                    0.4000000059604645,
                    0.4000000059604645,
                    0.4000000059604645,
                    0.4000000059604645,
                    0.4000000059604645
                ],
                "HealMinHPRatio": [
                    0.05000000074505806,
                    0.05000000074505806,
                    0.05000000074505806,
                    0.05000000074505806,
                    0.05000000074505806,
                    0.05000000074505806,
                    0.05000000074505806
                ]
            }
        },
        "E": {
            "nombre": "SylasEAbility/SylasE",
            "cooldown": [
                13.0,
                13.0,
                12.0,
                11.0,
                10.0,
                9.0,
                9.0
            ],
            "costo_mana": [
                65.0,
                65.0,
                65.0,
                65.0,
                65.0,
                65.0
            ],
            "rango": [],
            "daño_base": [
                30.0,
                80.0,
                130.0,
                180.0,
                230.0,
                280.0,
                330.0
            ],
            "escalado_1": 0.800000011920929,
            "escalado_2": 0.800000011920929,
            "parametros_extra": {
                "KnockUpDuration": [
                    0.5,
                    0.5,
                    0.5,
                    0.5,
                    0.5,
                    0.5,
                    0.5
                ]
            }
        },
        "R": {
            "nombre": "SylasRAbility/SylasR",
            "cooldown": [
                80.0,
                80.0,
                55.0,
                30.0,
                10.0,
                10.0,
                10.0
            ],
            "costo_mana": [
                75.0,
                75.0,
                75.0,
                75.0,
                75.0,
                75.0
            ],
            "rango": [
                950.0,
                950.0,
                950.0,
                950.0,
                950.0,
                950.0,
                950.0
            ],
            "daño_base": [],
            "escalado_1": 0.25,
            "escalado_2": 0.0,
            "parametros_extra": {
                "EnemyCooldownPercent": [
                    2.0,
                    2.0,
                    2.0,
                    2.0,
                    2.0,
                    2.0,
                    2.0
                ],
                "EnemyCooldownTooltip": [
                    200.0,
                    200.0,
                    200.0,
                    200.0,
                    200.0,
                    200.0,
                    200.0
                ],
                "MinimumEnemyCooldown": [
                    40.0,
                    40.0,
                    40.0,
                    40.0,
                    40.0,
                    40.0,
                    40.0
                ],