{
    "nombre": "Syndra",
    "stats_base": {
        "Vida": 563.0,
        "Vida_por_nivel": 100.0,
        "Regen_Vida": 1.2999999523162842,
        "Regen_Vida_por_nivel": 0.11999999731779099,
        "Daño_Ataque": 54.0,
        "Daño_Ataque_por_nivel": 2.9000000953674316,
        "Armadura": 25.0,
        "Armadura_por_nivel": 4.0,
        "Resistencia_Magica_por_nivel": 1.2999999523162842,
        "Vel_Movimiento": 330.0,
        "Rango_Ataque": 550.0,
        "Vel_Ataque_base": 0.6579999923706055,
        "Vel_Ataque_ratio": 0.625,
        "Vel_Ataque_por_nivel": 2.0,
        "Mana": 480.0,
        "Mana_por_nivel": 40.0,
        "Regen_Mana": 1.600000023841858,
        "Regen_Mana_por_nivel": 0.1599999964237213
    },
    "habilidades": {
        "Q": {
            "nombre": "SyndraQAbility/SyndraQ",
            "cooldown": [
                7.0,
                7.0,
                7.0,
                7.0,
                7.0,
                7.0,
                7.0
            ],
            "costo_mana": [
                40.0,
                45.0,
                50.0,
                55.0,
                60.0,
                60.0
            ],
            "rango": [
                800.0,
                800.0,
                800.0,
                800.0,
                800.0,
                800.0,
                800.0
            ],
            "daño_base": [
                45.0,
                80.0,
                115.0,
                150.0,
                185.0,
                220.0,
                255.0
            ],
            "escalado_1": 0.0,
            "escalado_2": 0.0,
            "parametros_extra": {
                "Upgrade1MaxAmmo": [
                    2.0,
                    2.0,
                    2.0,
                    2.0,
                    2.0,
                    2.0,
                    2.0
                ],
                "Upgrade2MaxAmmo": [
                    3.0,
                    3.0,
                    3.0,
                    3.0,
                    3.0,
                    3.0,
                    3.0
                ],
                "SphereDuration": [
                    6.0,
                    6.0,
                    6.0,
                    6.0,
                    6.0,
                    6.0,
                    6.0
                ]
            }
        },
        "W": {
            "nombre": "SyndraWAbility/SyndraW",
            "cooldown": [
                12.0,
                12.0,
                11.0,
                10.0,
                9.0,
                8.0,
                8.0
            ],
            "costo_mana": [
                60.0,
                70.0,
                80.0,
                90.0,
                100.0,
                100.0
            ],
            "rango": [
                925.0,
                925.0,
                925.0,
                925.0,
                925.0,
                925.0,
                925.0
            ],
            "daño_base": [
                40.0,
                70.0,
                100.0,
                130.0,
                160.0,
                190.0,
                220.0
            ],
            "escalado_1": 0.0,
            "escalado_2": 0.0,
            "parametros_extra": {
                "BaseSlow": [
                    25.0,
                    25.0,
                    25.0,
                    25.0,
                    25.0,
                    25.0,
                    25.0
                ],
                "SlowDuration": [
                    1.5,
                    1.5,
                    1.5,
                    1.5,
                    1.5,
                    1.5,
                    1.5
                ],
                "ExtraSpherePickupRadius": [
                    450.0,
                    450.0,
                    450.0,
                    450.0,
                    450.0,
                    450.0,
                    450.0
                ]
            }
        },
        "E": {
            "nombre": "SyndraEAbility/SyndraE",
            "cooldown": [
                15.0,
                15.0,
                15.0,
                15.0,
                15.0,
                15.0,
                15.0
            ],
            "costo_mana": [
                50.0,
                50.0,
                50.0,
                50.0,
                50.0,
                50.0
            ],
            "rango": [
                650.0,
                650.0,
                650.0,
                650.0,
                650.0,
                650.0,
                650.0
            ],
            "daño_base": [
                25.0,
                60.0,
                95.0,
                130.0,
                165.0,
                200.0,
                235.0
            ],
            "escalado_1": 0.6000000238418579,
            "escalado_2": 0.6000000238418579,
            "parametros_extra": {
                "ConeAngle": [
                    56.0,
                    56.0,
                    56.0,
                    56.0,
                    56.0,
                    56.0,
                    56.0
                ],
                "StunDuration": [
                    1.25,
                    1.25,
                    1.25,
                    1.25,
                    1.25,
                    1.25,
                    1.25
                ],
                "UpgradedSlowDuration": [
                    1.25,
                    1.25,
                    1.25,
                    1.25,
                    1.25,
                    1.25,
                    1.25
                ],
                "UpgradedSlowAmount": [
                    0.699999988079071,
                    0.699999988079071,
                    0.699999988079071,
                    0.699999988079071,
                    0.699999988079071,
                    0.699999988079071,
                    0.699999988079071
                ],
                "UpgradedConeAngle": [
                    84.0,
                    84.0,
                    84.0,
                    84.0,
                    84.0,
                    84.0,
                    84.0
                ]
            }
        },
        "R": {
            "nombre": "SyndraRAbility/SyndraR",
            "cooldown": [
                120.0,
                120.0,
                100.0,
                80.0,
                60.0,
                60.0,
                60.0
            ],
            "costo_mana": [
                100.0,
                100.0,
                100.0,
                100.0,
                100.0,
                100.0
            ],
            "rango": [
                675.0,
                675.0,
                675.0,
                675.0,
                675.0,
                675.0,
                675.0
            ],
            "daño_base": [
                40.0,
                80.0,
                120.0,
                160.0,
                200.0,
                240.0,
                280.0
            ],
            "escalado_1": 0.20000000298023224,
            "escalado_2": 0.20000000298023224,
            "parametros_extra": {
                "MaxSpheresToUse": [
                    7.0,
                    7.0,
                    7.0,
                    7.0,
                    7.0,
                    7.0,
                    7.0
                ],
                "UpgradeExecuteThreshold": [
                    0.15000000596046448,
                    0.15000000596046448,
                    0.15000000596046448,
                    0.15000000596046448,
                    0.15000000596046448,
                    0.15000000596046448,
                    0.15000000596046448
                ],