{
    "nombre": "TahmKench",
    "stats_base": {
        "Vida": 640.0,
        "Vida_por_nivel": 103.0,
        "Regen_Vida": 1.2999999523162842,
        "Regen_Vida_por_nivel": 0.10999999940395355,
        "Daño_Ataque": 56.0,
        "Daño_Ataque_por_nivel": 3.200000047683716,
        "Armadura": 39.0,
        "Armadura_por_nivel": 4.699999809265137,
        "Resistencia_Magica_por_nivel": 2.049999952316284,
        "Vel_Movimiento": 335.0,
        "Rango_Ataque": 175.0,
        "Vel_Ataque_base": 0.6579999923706055,
        "Vel_Ataque_ratio": 0.6579999923706055,
        "Vel_Ataque_por_nivel": 2.5,
        "Mana": 325.0,
        "Mana_por_nivel": 50.0,
        "Regen_Mana": 1.600000023841858,
        "Regen_Mana_por_nivel": 0.20000000298023224
    },
    "habilidades": {
        "Q": {
            "nombre": "TahmKenchQAbility/TahmKenchQ",
            "cooldown": [
                7.5,
                7.0,
                6.5,
                6.0,
                5.5,
                5.0,
                4.5
            ],
            "costo_mana": [
                50.0,
                46.0,
                42.0,
                38.0,
                34.0,
                30.0
            ],
            "rango": [
                900.0,
                900.0,
                900.0,
                900.0,
                900.0,
                900.0,
                900.0
            ],
            "daño_base": [
                30.0,
                75.0,
                120.0,
                165.0,
                210.0,
                255.0,
                300.0
            ],
            "escalado_1": 0.0,
            "escalado_2": 0.0,
            "parametros_extra": {
                "SlowAmount": [
                    0.5,
                    0.5,
                    0.5,
                    0.5,
                    0.5,
                    0.5,
                    0.5
                ],
                "SlowDuration": [
                    2.0,
                    2.0,
                    2.0,
                    2.0,
                    2.0,
                    2.0,
                    2.0
                ],
                "StunDuration": [
                    1.5,
                    1.5,
                    1.5,
                    1.5,
                    1.5,
                    1.5,
                    1.5
                ],
                "PercentHealthHealing": [
                    0.04500000178813934,
                    0.05000000074505806,
                    0.054999999701976776,
                    0.05999999865889549,
                    0.06499999761581421,
                    0.07000000029802322,
                    0.07500000298023224
                ],
                "BaseHeal": [
                    5.0,
                    10.0,
                    15.0,
                    20.0,
                    25.0,
                    30.0,
                    35.0
                ]
            }
        },
        "W": {
            "nombre": "TahmKenchWAbility/TahmKenchW",
            "cooldown": [
                22.0,
                21.0,
                20.0,
                19.0,
                18.0,
                17.0,
                16.0
            ],
            "costo_mana": [
                60.0,
                75.0,
                90.0,
                105.0,
                120.0,
                135.0
            ],
            "rango": [
                900.0,
                1000.0,
                1050.0,
                1100.0,
                1150.0,
                1200.0,
                1250.0
            ],
            "daño_base": [
                65.0,
                100.0,
                135.0,
                170.0,
                205.0,
                240.0,
                275.0
            ],
            "escalado_1": 0.0,
            "escalado_2": 0.0,
            "parametros_extra": {
                "KnockUpDuration": [
                    1.0,
                    1.0,
                    1.0,
                    1.0,
                    1.0,
                    1.0,
                    1.0
                ],
                "AoEDelayFromChannelStart": [
                    1.5,
                    1.5,
                    1.5,
                    1.5,
                    1.5,
                    1.5,
                    1.5
                ],
                "TotalTime": [
                    2.0,
                    2.0,
                    2.0,
                    2.0,
                    2.0,
                    2.0,
                    2.0
                ],
                "ChannelTime": [
                    1.350000023841858,
                    1.350000023841858,
                    1.350000023841858,
                    1.350000023841858,
                    1.350000023841858,
                    1.350000023841858,
                    1.350000023841858
                ],
                "EnemyWarningDelayFromChannelStart": [
                    0.75,
                    0.75,
                    0.75,
                    0.75,
                    0.75,
                    0.75,
                    0.75
                ],
                "ChampRefund": [
                    0.375,
                    0.4000000059604645,
                    0.42500001192092896,
                    0.44999998807907104,
                    0.4749999940395355,
                    0.5,
                    0.5249999761581421
                ]
            }
        },
        "E": {
            "nombre": "TahmKenchEAbility/TahmKenchE",
            "cooldown": [
                3.0,
                3.0,
                3.0,
                3.0,
                3.0,
                3.0,
                3.0
            ],
            "costo_mana": [],
            "rango": [
                2400.0,
                2400.0,
                2400.0,
                2400.0,
                2400.0,
                2400.0,
                2400.0
            ],
            "daño_base": [],
            "escalado_1": 0.0,
            "escalado_2": 0.0,
            "parametros_extra": {
                "ShieldDuration": [
                    2.5,
                    2.5,
                    2.5,
                    2.5,
                    2.5,
                    2.5,
                    2.5
                ],
                "OOCTimer": [
                    4.0,
                    4.0,
                    4.0,
                    4.0,
                    4.0,
                    4.0,
                    4.0
                ],
                "GreyHealthRatio": [
                    0.07000000029802322,
                    0.15000000596046448,
                    0.23000000417232513,
                    0.3100000023841858,
                    0.38999998569488525,
                    0.4699999988079071,
                    0.550000011920929
                ],
                "MaxHPHealRatio": [
                    0.10000000149011612,
                    0.10000000149011612,
                    0.10000000149011612,
                    0.10000000149011612,
                    0.10000000149011612,
                    0.10000000149011612,
                    0.10000000149011612
                ],
                "GreyHealthRatioEnhanced": [
                    0.4000000059604645,
                    0.41999998688697815,
                    0.4399999976158142,
                    0.46000000834465027,
                    0.47999998927116394,
                    0.5,
                    0.5199999809265137
                ],
                "EnhancedThreshold": [
                    2.0,
                    2.0,
                    2.0,
                    2.0,
                    2.0,
                    2.0,
                    2.0
                ],