{
    "nombre": "Taliyah",
    "stats_base": {
        "Vida": 550.0,
        "Vida_por_nivel": 104.0,
        "Regen_Vida": 1.2999999523162842,
        "Regen_Vida_por_nivel": 0.12999999523162842,
        "Daño_Ataque": 58.0,
        "Daño_Ataque_por_nivel": 3.299999952316284,
        "Armadura": 18.0,
        "Armadura_por_nivel": 4.699999809265137,
        "Resistencia_Magica_por_nivel": 1.2999999523162842,
        "Vel_Movimiento": 330.0,
        "Rango_Ataque": 525.0,
        "Vel_Ataque_base": 0.6579999923706055,
        "Vel_Ataque_ratio": 0.625,
        "Vel_Ataque_por_nivel": 1.3600000143051147,
        "Mana": 470.0,
        "Mana_por_nivel": 30.0,
        "Regen_Mana": 1.600000023841858,
        "Regen_Mana_por_nivel": 0.1599999964237213
    },
    "habilidades": {
        "Q": {
            "nombre": "TaliyahQAbility/TaliyahQ",
            "cooldown": [
                7.0,
                7.0,
                6.0,
                5.0,
                4.0,
                3.0,
                2.0
            ],
            "costo_mana": [
                55.0,
                60.0,
                65.0,
                70.0,
                75.0,
                75.0
            ],
            "rango": [
                1000.0,
                1000.0,
                1000.0,
                1000.0,
                1000.0,
                1000.0,
                1000.0
            ],
            "daño_base": [
                0.0,
                1.7999999523162842,
                1.7999999523162842,
                1.7999999523162842,
                1.7999999523162842,
                1.7999999523162842,
                1.7999999523162842
            ],
            "escalado_1": 0.44999998807907104,
            "escalado_2": 1.0,
            "parametros_extra": {
                "WorkedGroundCDR": [
                    0.5,
                    0.5,
                    0.5,
                    0.5,
                    0.5,
                    0.5,
                    0.5
                ],
                "MinimumWorkedGroundCD": [
                    0.75,
                    0.75,
                    0.75,
                    0.75,
                    0.75,
                    0.75,
                    0.75
                ],
                "SlowPercent": [
                    0.15000000596046448,
                    0.20000000298023224,
                    0.25,
                    0.30000001192092896,
                    0.3499999940395355,
                    0.4000000059604645,
                    0.44999998807907104
                ],
                "SlowDuration": [
                    1.5,
                    1.5,
                    1.5,
                    1.5,
                    1.5,
                    1.5,
                    1.5
                ],
                "MonsterStunDuration": [
                    3.0,
                    3.0,
                    3.0,
                    3.0,
                    3.0,
                    3.0,
                    3.0
                ],
                "AoERadius": [
                    175.0,
                    175.0,
                    175.0,
                    175.0,
                    175.0,
                    175.0,
                    175.0
                ],
                "AoERadiusBig": [
                    225.0,
                    225.0,
                    225.0,
                    225.0,
                    225.0,
                    225.0,
                    225.0
                ]
            }
        },
        "W": {
            "nombre": "TaliyahWVCAbility/TaliyahWVC",
            "cooldown": [
                14.0,
                14.0,
                12.5,
                11.0,
                9.5,
                8.0,
                8.0
            ],
            "costo_mana": [
                40.0,
                30.0,
                20.0,
                10.0,
                0.0,
                0.0
            ],
            "rango": [
                900.0,
                900.0,
                900.0,
                900.0,
                900.0,
                900.0,
                900.0
            ],
            "daño_base": [],
            "escalado_1": 0.4000000059604645,
            "escalado_2": 0.0
        },
        "E": {
            "nombre": "TaliyahEAbility/TaliyahE",
            "cooldown": [
                14.0,
                14.0,
                14.0,
                14.0,
                14.0,
                14.0,
                14.0
            ],
            "costo_mana": [
                90.0,
                90.0,
                90.0,
                90.0,
                90.0,
                90.0
            ],
            "rango": [
                950.0,
                950.0,
                950.0,
                950.0,
                950.0,
                950.0,
                950.0
            ],
            "daño_base": [
                15.0,
                60.0,
                105.0,
                150.0,
                195.0,
                240.0,
                285.0
            ],
            "escalado_1": 0.4000000059604645,
            "escalado_2": -0.03999999910593033,
            "parametros_extra": {
                "MonsterModPercent": [
                    2.25,
                    2.25,
                    2.25,
                    2.25,
                    2.25,
                    2.25,
                    2.25
                ],
                "StunDuration": [
                    0.75,
                    0.75,
                    0.75,
                    0.75,
                    0.75,
                    0.75,
                    0.75
                ],
                "MaxStunDuration": [
                    2.0,
                    2.0,
                    2.0,
                    2.0,
                    2.0,
                    2.0,
                    2.0
                ],
                "DelayBetweenRows": [
                    0.17000000178813934,
                    0.17000000178813934,
                    0.17000000178813934,
                    0.17000000178813934,
                    0.17000000178813934,
                    0.17000000178813934,
                    0.17000000178813934
                ],
                "SlowPercent": [
                    0.20000000298023224,
                    0.20000000298023224,
                    0.20000000298023224,
                    0.20000000298023224,
                    0.20000000298023224,
                    0.20000000298023224,
                    0.20000000298023224
                ]
            }
        },
        "R": {
            "nombre": "TaliyahRAbility/TaliyahR",
            "cooldown": [
                180.0,
                180.0,
                150.0,
                120.0,
                0.0,
                0.0,
                140.0
            ],
            "costo_mana": [
                100.0,
                100.0,
                100.0,
                0.0,
                0.0,
                0.0
            ],
            "rango": [
                25000.0,
                25000.0,
                25000.0,
                25000.0,
                25000.0,
                25000.0,
                25000.0
            ],
            "daño_base": [
                4.0,
                4.0,
                4.0,
                4.0,
                4.0,
                4.0,
                4.0
            ],
            "escalado_1": 0.0,
            "escalado_2": 0.0,
            "parametros_extra": {
                "MaxJumpRange": [
                    700.0,
                    700.0,
                    700.0,
                    700.0,
                    700.0,
                    700.0,
                    700.0
                ],