{
    "nombre": "Talon",
    "stats_base": {
        "Vida": 658.0,
        "Vida_por_nivel": 109.0,
        "Regen_Vida": 1.7000000476837158,
        "Regen_Vida_por_nivel": 0.15000000596046448,
        "Daño_Ataque": 68.0,
        "Daño_Ataque_por_nivel": 3.0999999046325684,
        "Armadura": 30.0,
        "Armadura_por_nivel": 4.699999809265137,
        "Resistencia_Magica_por_nivel": 2.049999952316284,
        "Vel_Movimiento": 335.0,
        "Rango_Ataque": 125.0,
        "Vel_Ataque_base": 0.625,
        "Vel_Ataque_ratio": 0.625,
        "Vel_Ataque_por_nivel": 2.9000000953674316,
        "Mana": 400.0,
        "Mana_por_nivel": 37.0,
        "Regen_Mana": 1.5199999809265137,
        "Regen_Mana_por_nivel": 0.1599999964237213
    },
    "habilidades": {
        "Q": {
            "nombre": "TalonQAbility/TalonQ",
            "cooldown": [
                8.0,
                8.0,
                7.5,
                7.0,
                6.5,
                6.0,
                6.0
            ],
            "costo_mana": [
                40.0,
                40.0,
                40.0,
                40.0,
                40.0,
                40.0
            ],
            "rango": [
                575.0,
                575.0,
                575.0,
                575.0,
                575.0,
                575.0,
                575.0
            ],
            "daño_base": [
                45.0,
                65.0,
                85.0,
                105.0,
                125.0,
                145.0,
                165.0
            ],
            "escalado_1": 1.0,
            "escalado_2": 0.0,
            "parametros_extra": {
                "CooldownRefund": [
                    0.5,
                    0.5,
                    0.5,
                    0.5,
                    0.5,
                    0.5,
                    0.5
                ]
            }
        },
        "W": {
            "nombre": "TalonWAbility/TalonW",
            "cooldown": [
                9.0,
                9.0,
                8.5,
                8.0,
                7.5,
                7.0,
                7.0
            ],
            "costo_mana": [
                50.0,
                55.0,
                60.0,
                65.0,
                70.0,
                75.0
            ],
            "rango": [
                650.0,
                650.0,
                650.0,
                650.0,
                650.0,
                650.0,
                650.0
            ],
            "daño_base": [
                40.0,
                50.0,
                60.0,
                70.0,
                80.0,
                90.0,
                100.0
            ],
            "escalado_1": 0.4000000059604645,
            "escalado_2": 0.0,
            "parametros_extra": {
                "MovespeedSlow": [
                    0.3499999940395355,
                    0.4000000059604645,
                    0.44999998807907104,
                    0.5,
                    0.550000011920929,
                    0.6000000238418579,
                    0.6499999761581421
                ],
                "SlowDuration": [
                    1.0,
                    1.0,
                    1.0,
                    1.0,
                    1.0,
                    1.0,
                    1.0
                ],
                "ReturnDelay": [
                    0.699999988079071,
                    0.699999988079071,
                    0.699999988079071,
                    0.699999988079071,
                    0.699999988079071,
                    0.699999988079071,
                    0.699999988079071
                ]
            }
        },
        "E": {
            "nombre": "TalonEAbility/TalonE",
            "cooldown": [
                0.0,
                0.0,
                0.0,
                0.0,
                0.0,
                0.0,
                0.0
            ],
            "costo_mana": [],
            "rango": [
                6000.0,
                6000.0,
                6000.0,
                6000.0,
                6000.0,
                6000.0,
                6000.0
            ],
            "daño_base": [],
            "escalado_1": 0.4000000059604645,
            "escalado_2": 0.0,
            "parametros_extra": {
                "WallCD": [
                    185.0,
                    160.0,
                    135.0,
                    110.0,
                    85.0,
                    60.0,
                    35.0
                ],
                "WallJumpDistance": [
                    625.0,
                    625.0,
                    625.0,
                    625.0,
                    625.0,
                    625.0,
                    625.0
                ],
                "WallLockoutWidth": [
                    1250.0,
                    1250.0,
                    1250.0,
                    1250.0,
                    1250.0,
                    1250.0,
                    1250.0
                ],
                "DisplayCD": [
                    2.0,
                    2.0,
                    2.0,
                    2.0,
                    2.0,
                    2.0,
                    2.0
                ]
            }
        },
        "R": {
            "nombre": "TalonRAbility/TalonR",
            "cooldown": [
                100.0,
                100.0,
                80.0,
                60.0,
                60.0,
                60.0,
                60.0
            ],
            "costo_mana": [
                100.0,
                100.0,
                100.0,
                100.0,
                100.0,
                100.0
            ],
            "rango": [
                550.0,
                550.0,
                550.0,
                550.0,
                550.0,
                550.0,
                550.0
            ],
            "daño_base": [
                45.0,
                90.0,
                135.0,
                180.0,
                225.0,
                270.0,
                315.0
            ],
            "escalado_1": 0.0,
            "escalado_2": 0.0,
            "parametros_extra": {
                "MoveSpeed": [
                    0.25,
                    0.4000000059604645,
                    0.550000011920929,
                    0.699999988079071,
                    0.8500000238418579,
                    1.0,
                    1.149999976158142
                ],
                "Duration": [
                    2.5,
                    2.5,
                    2.5,
                    2.5,
                    2.5,
                    2.5,
                    2.5
                ]
            }
        }
    },
    "pasiva": {
        "nombre": "TalonPassiveAbility",
        "descripcion": "game_buff_tooltip_TalonPassive"
    }
}