{
    "nombre": "Taric",
    "stats_base": {
        "Vida": 645.0,
        "Vida_por_nivel": 99.0,
        "Regen_Vida": 1.2000000476837158,
        "Regen_Vida_por_nivel": 0.10000000149011612,
        "Daño_Ataque": 55.0,
        "Daño_Ataque_por_nivel": 3.5,
        "Armadura": 40.0,
        "Armadura_por_nivel": 4.300000190734863,
        "Resistencia_Magica_por_nivel": 2.049999952316284,
        "Vel_Movimiento": 340.0,
        "Rango_Ataque": 150.0,
        "Vel_Ataque_base": 0.625,
        "Vel_Ataque_ratio": 0.625,
        "Vel_Ataque_por_nivel": 2.0,
        "Mana": 300.0,
        "Mana_por_nivel": 60.0,
        "Regen_Mana": 1.7000000476837158,
        "Regen_Mana_por_nivel": 0.1599999964237213
    },
    "habilidades": {
        "Q": {
            "nombre": "TaricQAbility/TaricQ",
            "cooldown": [
                3.0,
                3.0,
                3.0,
                3.0,
                3.0,
                3.0,
                3.0
            ],
            "costo_mana": [
                60.0,
                60.0,
                60.0,
                60.0,
                60.0,
                60.0
            ],
            "rango": [
                325.0,
                325.0,
                325.0,
                325.0,
                325.0,
                325.0,
                325.0
            ],
            "daño_base": [
                25.0,
                25.0,
                25.0,
                25.0,
                25.0,
                25.0,
                25.0
            ],
            "escalado_1": 0.15000000596046448,
            "escalado_2": 0.75,
            "parametros_extra": {
                "Recharge": [
                    15.0,
                    15.0,
                    15.0,
                    15.0,
                    15.0,
                    15.0,
                    15.0
                ],
                "HealingPerStackBase": [
                    25.0,
                    25.0,
                    25.0,
                    25.0,
                    25.0,
                    25.0,
                    25.0
                ],
                "HealingHPRatio": [
                    0.009999999776482582,
                    0.009999999776482582,
                    0.009999999776482582,
                    0.009999999776482582,
                    0.009999999776482582,
                    0.009999999776482582,
                    0.009999999776482582
                ]
            }
        },
        "W": {
            "nombre": "TaricWAbility/TaricW",
            "cooldown": [
                15.0,
                15.0,
                15.0,
                15.0,
                15.0,
                15.0,
                15.0
            ],
            "costo_mana": [
                60.0,
                60.0,
                60.0,
                60.0,
                60.0,
                60.0
            ],
            "rango": [
                800.0,
                800.0,
                800.0,
                800.0,
                800.0,
                800.0,
                800.0
            ],
            "daño_base": [],
            "escalado_1": 0.30000001192092896,
            "escalado_2": 0.10000000149011612,
            "parametros_extra": {
                "ArmorBonusPercentage": [
                    0.05000000074505806,
                    0.05999999865889549,
                    0.07000000029802322,
                    0.07999999821186066,
                    0.09000000357627869,
                    0.10000000149011612,
                    0.10999999940395355
                ]
            }
        },
        "E": {
            "nombre": "TaricEAbility/TaricE",
            "cooldown": [
                17.0,
                16.0,
                15.0,
                14.0,
                13.0,
                12.0,
                11.0
            ],
            "costo_mana": [
                40.0,
                40.0,
                40.0,
                40.0,
                40.0,
                40.0
            ],
            "rango": [
                25000.0,
                25000.0,
                25000.0,
                25000.0,
                25000.0,
                25000.0,
                25000.0
            ],
            "daño_base": [
                50.0,
                90.0,
                130.0,
                170.0,
                210.0,
                250.0,
                290.0
            ],
            "escalado_1": 0.5,
            "escalado_2": 0.5
        },
        "R": {
            "nombre": "TaricRAbility/TaricR",
            "cooldown": [
                210.0,
                180.0,
                150.0,
                120.0,
                90.0,
                60.0,
                30.0
            ],
            "costo_mana": [
                100.0,
                100.0,
                100.0,
                0.0,
                0.0,
                0.0
            ],
            "rango": [],
            "daño_base": [],
            "escalado_1": 0.5,
            "escalado_2": 0.5,
            "parametros_extra": {
                "InitialDelay": [
                    2.5,
                    2.5,
                    2.5,
                    2.5,
                    2.5,
                    2.5,
                    2.5
                ],
                "InvulnDuration": [
                    2.5,
                    2.5,
                    2.5,
                    2.5,
                    2.5,
                    2.5,
                    2.5
                ]
            }
        }
    },
    "pasiva": {
        "nombre": "TaricPassiveAbility",
        "descripcion": "game_buff_tooltip_TaricPassive"
    }
}