{
    "nombre": "Teemo",
    "stats_base": {
        "Vida": 615.0,
        "Vida_por_nivel": 104.0,
        "Regen_Vida": 1.100000023841858,
        "Regen_Vida_por_nivel": 0.12999999523162842,
        "Daño_Ataque": 54.0,
        "Daño_Ataque_por_nivel": 3.0,
        "Armadura": 24.0,
        "Armadura_por_nivel": 4.949999809265137,
        "Resistencia_Magica_por_nivel": 1.2999999523162842,
        "Vel_Movimiento": 330.0,
        "Rango_Ataque": 500.0,
        "Vel_Ataque_base": 0.6899999976158142,
        "Vel_Ataque_ratio": 0.6899999976158142,
        "Vel_Ataque_por_nivel": 3.380000114440918,
        "Mana": 334.0,
        "Mana_por_nivel": 25.0,
        "Regen_Mana": 1.9199999570846558,
        "Regen_Mana_por_nivel": 0.09000000357627869
    },
    "habilidades": {
        "Q": {
            "nombre": "TeemoQAbility/TeemoQ",
            "cooldown": [
                7.0,
                7.0,
                7.0,
                7.0,
                7.0,
                7.0,
                7.0
            ],
            "costo_mana": [
                70.0,
                75.0,
                80.0,
                85.0,
                90.0,
                95.0
            ],
            "rango": [
                680.0,
                680.0,
                680.0,
                680.0,
                680.0,
                680.0,
                680.0
            ],
            "daño_base": [
                35.0,
                80.0,
                125.0,
                170.0,
                215.0,
                260.0,
                305.0
            ],
            "escalado_1": 0.699999988079071,
            "escalado_2": 0.699999988079071,
            "parametros_extra": {
                "BlindDuration": [
                    1.75,
                    2.0,
                    2.25,
                    2.5,
                    2.75,
                    3.0,
                    3.25
                ],
                "MissChance": [
                    1.0,
                    1.0,
                    1.0,
                    1.0,
                    1.0,
                    1.0,
                    1.0
                ],
                "MinionMonsterDurationMod": [
                    2.0,
                    2.0,
                    2.0,
                    2.0,
                    2.0,
                    2.0,
                    2.0
                ]
            }
        },
        "W": {
            "nombre": "TeemoWAbility/TeemoW",
            "cooldown": [
                14.0,
                14.0,
                14.0,
                14.0,
                14.0,
                14.0,
                14.0
            ],
            "costo_mana": [
                40.0,
                40.0,
                40.0,
                40.0,
                40.0,
                40.0
            ],
            "rango": [
                20.0,
                20.0,
                20.0,
                20.0,
                20.0,
                20.0,
                20.0
            ],
            "daño_base": [
                5.0,
                5.0,
                5.0,
                5.0,
                5.0,
                5.0,
                5.0
            ],
            "escalado_1": 0.0,
            "escalado_2": 0.0,
            "parametros_extra": {
                "PassiveMoveSpeedBonus": [
                    0.07999999821186066,
                    0.11999999731779099,
                    0.1599999964237213,
                    0.20000000298023224,
                    0.23999999463558197,
                    0.2800000011920929,
                    0.3199999928474426
                ],
                "ActiveMoveSpeedBuffDuration": [
                    3.0,
                    3.0,
                    3.0,
                    3.0,
                    3.0,
                    3.0,
                    3.0
                ],
                "ActiveMoveSpeedBonus": [
                    0.1599999964237213,
                    0.23999999463558197,
                    0.3199999928474426,
                    0.4000000059604645,
                    0.47999998927116394,
                    0.5600000023841858,
                    0.6399999856948853
                ]
            }
        },
        "E": {
            "nombre": "TeemoEAbility/TeemoE",
            "cooldown": [
                0.0,
                0.0,
                0.0,
                0.0,
                0.0,
                0.0,
                0.0
            ],
            "costo_mana": [],
            "rango": [
                680.0,
                680.0,
                680.0,
                680.0,
                680.0,
                680.0,
                680.0
            ],
            "daño_base": [
                0.0,
                6.0,
                12.0,
                18.0,
                24.0,
                30.0,
                36.0
            ],
            "escalado_1": 0.05000000074505806,
            "escalado_2": 0.10000000149011612,
            "parametros_extra": {
                "PoisonDuration": [
                    4.0,
                    4.0,
                    4.0,
                    4.0,
                    4.0,
                    4.0,
                    4.0
                ],
                "TickFrequency": [
                    1.0,
                    1.0,
                    1.0,
                    1.0,
                    1.0,
                    1.0,
                    1.0
                ],
                "MonsterMod": [
                    1.600000023841858,
                    1.600000023841858,
                    1.600000023841858,
                    1.600000023841858,
                    1.600000023841858,
                    1.600000023841858,
                    1.600000023841858
                ]
            }
        },
        "R": {
            "nombre": "TeemoRAbility/TeemoR",
            "cooldown": [
                0.25,
                0.25,
                0.25,
                0.25,
                0.25,
                0.25,
                0.25
            ],
            "costo_mana": [
                75.0,
                55.0,
                35.0,
                35.0,
                35.0,
                35.0
            ],
            "rango": [
                600.0,
                600.0,
                750.0,
                900.0,
                900.0,
                900.0,
                900.0
            ],
            "daño_base": [
                75.0,
                200.0,
                325.0,
                450.0,
                575.0,
                700.0,
                825.0
            ],
            "escalado_1": 0.5,
            "escalado_2": 0.5,
            "parametros_extra": {
                "TriggerRadius": [
                    160.0,
                    160.0,
                    160.0,
                    160.0,
                    160.0,
                    160.0,
                    160.0
                ],
                "MaxAmmo": [
                    2.0,
                    3.0,
                    4.0,
                    5.0,
                    6.0,
                    7.0,
                    8.0
                ],
                "MaxBounceDistance": [
                    360.0,
                    360.0,
                    440.0,
                    550.0,
                    550.0,
                    550.0,
                    550.0
                ],
                "ArmTime": [
                    1.0,
                    1.0,
                    1.0,
                    1.0,
                    1.0,
                    1.0,
                    1.0
                ],
                "MushroomDuration": [
                    5.0,
                    5.0,
                    5.0,
                    5.0,
                    5.0,
                    5.0,
                    5.0
                ],