{
    "nombre": "Thresh",
    "stats_base": {
        "Vida": 620.0,
        "Vida_por_nivel": 120.0,
        "Regen_Vida": 1.399999976158142,
        "Regen_Vida_por_nivel": 0.10999999940395355,
        "Daño_Ataque": 56.0,
        "Daño_Ataque_por_nivel": 2.200000047683716,
        "Armadura": 33.0,
        "Resistencia_Magica_por_nivel": 1.5499999523162842,
        "Vel_Movimiento": 330.0,
        "Rango_Ataque": 450.0,
        "Vel_Ataque_base": 0.625,
        "Vel_Ataque_ratio": 0.625,
        "Vel_Ataque_por_nivel": 3.5,
        "Mana": 274.0,
        "Mana_por_nivel": 44.0,
        "Regen_Mana": 1.2000000476837158,
        "Regen_Mana_por_nivel": 0.1599999964237213
    },
    "habilidades": {
        "Q": {
            "nombre": "ThreshQAbility/ThreshQ",
            "cooldown": [
                19.0,
                19.0,
                16.5,
                14.0,
                11.5,
                9.0,
                9.0
            ],
            "costo_mana": [
                70.0,
                70.0,
                70.0,
                70.0,
                70.0,
                70.0
            ],
            "rango": [
                10000.0,
                10000.0,
                10000.0,
                10000.0,
                10000.0,
                10000.0,
                10000.0
            ],
            "daño_base": [
                100.0,
                100.0,
                100.0,
                100.0,
                100.0,
                100.0,
                100.0
            ],
            "escalado_1": 0.8999999761581421,
            "escalado_2": 1.0,
            "parametros_extra": {
                "TauntLength": [
                    1.5,
                    1.5,
                    1.5,
                    1.5,
                    1.5,
                    1.5,
                    1.5
                ],
                "SlowPercent": [
                    75.0,
                    75.0,
                    75.0,
                    75.0,
                    75.0,
                    75.0,
                    75.0
                ],
                "HitBonusCooldown": [
                    2.0,
                    2.0,
                    2.0,
                    2.0,
                    2.0,
                    2.0,
                    2.0
                ]
            }
        },
        "W": {
            "nombre": "ThreshWAbility/ThreshW",
            "cooldown": [
                21.0,
                21.0,
                20.0,
                19.0,
                18.0,
                17.0,
                16.0
            ],
            "costo_mana": [
                50.0,
                55.0,
                60.0,
                65.0,
                70.0,
                75.0
            ],
            "rango": [
                950.0,
                950.0,
                950.0,
                950.0,
                950.0,
                950.0,
                950.0
            ],
            "daño_base": [
                1.0,
                1.0,
                1.0,
                1.0,
                1.0,
                1.0,
                1.0
            ],
            "escalado_1": 0.0,
            "escalado_2": 0.0,
            "parametros_extra": {
                "ShieldPerSoul": [
                    2.0,
                    2.0,
                    2.0,
                    2.0,
                    2.0,
                    2.0,
                    2.0
                ],
                "LanternDuration": [
                    6.0,
                    6.0,
                    6.0,
                    6.0,
                    6.0,
                    6.0,
                    6.0
                ],
                "BaseShieldValue": [
                    30.0,
                    50.0,
                    70.0,
                    90.0,
                    110.0,
                    130.0,
                    150.0
                ],
                "ShieldDuration": [
                    4.0,
                    4.0,
                    4.0,
                    4.0,
                    4.0,
                    4.0,
                    4.0
                ]
            }
        },
        "E": {
            "nombre": "ThreshEAbility/ThreshE",
            "cooldown": [
                13.0,
                13.0,
                12.25,
                11.5,
                10.75,
                10.0,
                9.25
            ],
            "costo_mana": [
                60.0,
                65.0,
                70.0,
                75.0,
                80.0,
                85.0
            ],
            "rango": [
                20000.0,
                20000.0,
                20000.0,
                20000.0,
                20000.0,
                20000.0,
                20000.0
            ],
            "daño_base": [
                75.0,
                75.0,
                120.0,
                165.0,
                210.0,
                255.0,
                300.0
            ],
            "escalado_1": 0.699999988079071,
            "escalado_2": 0.699999988079071
        },
        "R": {
            "nombre": "ThreshRPentaAbility/ThreshRPenta",
            "cooldown": [
                120.0,
                120.0,
                100.0,
                80.0,
                80.0,
                80.0,
                80.0
            ],
            "costo_mana": [
                100.0,
                100.0,
                100.0,
                100.0,
                100.0,
                0.0
            ],
            "rango": [
                850.0,
                850.0,
                850.0,
                850.0,
                850.0,
                850.0,
                850.0
            ],
            "daño_base": [
                0.0,
                250.0,
                400.0,
                550.0,
                175.0,
                175.0,
                0.0
            ],
            "escalado_1": 1.0,
            "escalado_2": 1.0,
            "parametros_extra": {
                "ThreshRCageRadius": [
                    400.0,
                    400.0,
                    400.0,
                    400.0,
                    400.0,
                    400.0,
                    400.0
                ],
                "ThreshRWallThickness": [
                    30.0,
                    30.0,
                    30.0,
                    30.0,
                    30.0,
                    30.0,
                    30.0
                ],
                "ThreshRWallLength": [
                    470.2279968261719,
                    470.2279968261719,
                    470.2279968261719,
                    470.2279968261719,
                    470.2279968261719,
                    470.2279968261719,
                    470.2279968261719
                ]
            }
        }
    },
    "pasiva": {
        "nombre": "ThreshPassiveSoulsAbility",
        "descripcion": ""
    }
}