{
    "nombre": "Tristana",
    "stats_base": {
        "Vida": 640.0,
        "Vida_por_nivel": 102.0,
        "Regen_Vida": 0.800000011920929,
        "Regen_Vida_por_nivel": 0.10000000149011612,
        "Daño_Ataque": 60.0,
        "Daño_Ataque_por_nivel": 2.9000000953674316,
        "Armadura": 30.0,
        "Armadura_por_nivel": 4.0,
        "Resistencia_Magica_por_nivel": 1.2999999523162842,
        "Vel_Movimiento": 325.0,
        "Rango_Ataque": 550.0,
        "Vel_Ataque_base": 0.656000018119812,
        "Vel_Ataque_ratio": 0.6940000057220459,
        "Vel_Ataque_por_nivel": 1.5,
        "Mana": 300.0,
        "Mana_por_nivel": 32.0,
        "Regen_Mana": 1.440000057220459,
        "Regen_Mana_por_nivel": 0.09000000357627869
    },
    "habilidades": {
        "Q": {
            "nombre": "TristanaQAbility/TristanaQ",
            "cooldown": [
                21.0,
                20.0,
                19.0,
                18.0,
                17.0,
                16.0,
                16.0
            ],
            "costo_mana": [
                30.0,
                35.0,
                40.0,
                45.0,
                50.0,
                50.0
            ],
            "rango": [
                20.0,
                20.0,
                20.0,
                20.0,
                20.0,
                20.0,
                20.0
            ],
            "daño_base": [],
            "escalado_1": 0.0,
            "escalado_2": 0.0,
            "parametros_extra": {
                "AttackSpeedMod": [
                    0.44999998807907104,
                    0.6000000238418579,
                    0.75,
                    0.8999999761581421,
                    1.0499999523162842,
                    1.2000000476837158,
                    1.350000023841858
                ],
                "BuffDuration": [
                    7.0,
                    7.0,
                    7.0,
                    7.0,
                    7.0,
                    7.0,
                    7.0
                ]
            }
        },
        "W": {
            "nombre": "TristanaWAbility/TristanaW",
            "cooldown": [
                24.0,
                22.0,
                20.0,
                18.0,
                16.0,
                14.0,
                14.0
            ],
            "costo_mana": [
                30.0,
                35.0,
                40.0,
                45.0,
                50.0,
                50.0
            ],
            "rango": [
                25000.0,
                25000.0,
                25000.0,
                25000.0,
                25000.0,
                25000.0,
                25000.0
            ],
            "daño_base": [
                35.0,
                70.0,
                105.0,
                140.0,
                175.0,
                210.0,
                245.0
            ],
            "escalado_1": 1.0,
            "escalado_2": 0.5,
            "parametros_extra": {
                "SlowDuration": [
                    2.0,
                    2.0,
                    2.0,
                    2.0,
                    2.0,
                    2.0,
                    2.0
                ],
                "SlowMod": [
                    -0.4000000059604645,
                    -0.4000000059604645,
                    -0.4000000059604645,
                    -0.4000000059604645,
                    -0.4000000059604645,
                    -0.4000000059604645,
                    -0.4000000059604645
                ]
            }
        },
        "E": {
            "nombre": "TristanaEAbility/TristanaE",
            "cooldown": [
                16.0,
                16.0,
                15.5,
                15.0,
                14.5,
                14.0,
                14.0
            ],
            "costo_mana": [
                50.0,
                55.0,
                60.0,
                65.0,
                70.0,
                70.0
            ],
            "rango": [
                550.0,
                550.0,
                550.0,
                550.0,
                550.0,
                550.0,
                550.0
            ],
            "daño_base": [
                30.0,
                45.0,
                60.0,
                75.0,
                90.0,
                105.0,
                120.0
            ],
            "escalado_1": 0.800000011920929,
            "escalado_2": 0.5,
            "parametros_extra": {
                "PassiveRadius": [
                    300.0,
                    300.0,
                    300.0,
                    300.0,
                    300.0,
                    300.0,
                    300.0
                ],
                "ActiveRadius": [
                    300.0,
                    300.0,
                    300.0,
                    300.0,
                    300.0,
                    300.0,
                    300.0
                ],
                "ActiveTowerRadius": [
                    600.0,
                    600.0,
                    600.0,
                    600.0,
                    600.0,
                    600.0,
                    600.0
                ],
                "ActiveMaxStacks": [
                    4.0,
                    4.0,
                    4.0,
                    4.0,
                    4.0,
                    4.0,
                    4.0
                ],
                "ActiveDuration": [
                    4.0,
                    4.0,
                    4.0,
                    4.0,
                    4.0,
                    4.0,
                    4.0
                ],
                "ActivePerStackAmp": [
                    0.25,
                    0.25,
                    0.25,
                    0.25,
                    0.25,
                    0.25,
                    0.25
                ],
                "CritChanceModifier": [
                    0.4000000059604645,
                    0.4000000059604645,
                    0.4000000059604645,
                    0.4000000059604645,
                    0.4000000059604645,
                    0.4000000059604645,
                    0.4000000059604645
                ]
            }
        },
        "R": {
            "nombre": "TristanaRAbility/TristanaR",
            "cooldown": [
                100.0,
                100.0,
                100.0,
                100.0,
                100.0,
                100.0,
                100.0
            ],
            "costo_mana": [
                100.0,
                100.0,
                100.0,
                100.0,
                100.0,
                100.0
            ],
            "rango": [
                550.0,
                550.0,
                550.0,
                550.0,
                550.0,
                550.0,
                550.0
            ],
            "daño_base": [
                175.0,
                225.0,
                275.0,
                325.0,
                375.0,
                425.0,
                475.0
            ],
            "escalado_1": 1.0,
            "escalado_2": 1.0,
            "parametros_extra": {
                "KnockbackDistance": [
                    400.0,
                    600.0,
                    800.0,
                    1000.0,
                    1200.0,
                    1400.0,
                    1600.0
                ],
                "KnockbackArea": [
                    200.0,
                    200.0,
                    200.0,
                    200.0,
                    200.0,
                    200.0,
                    200.0
                ],