{
    "nombre": "Trundle",
    "stats_base": {
        "Vida": 650.0,
        "Vida_por_nivel": 110.0,
        "Regen_Vida": 1.2000000476837158,
        "Regen_Vida_por_nivel": 0.15000000596046448,
        "Daño_Ataque": 68.0,
        "Daño_Ataque_por_nivel": 4.5,
        "Armadura": 37.0,
        "Armadura_por_nivel": 4.5,
        "Resistencia_Magica_por_nivel": 2.049999952316284,
        "Vel_Movimiento": 350.0,
        "Rango_Ataque": 175.0,
        "Vel_Ataque_base": 0.6700000166893005,
        "Vel_Ataque_ratio": 0.6700000166893005,
        "Vel_Ataque_por_nivel": 2.9000000953674316,
        "Mana": 340.0,
        "Mana_por_nivel": 45.0,
        "Regen_Mana": 1.5,
        "Regen_Mana_por_nivel": 0.11999999731779099
    },
    "habilidades": {
        "Q": {
            "nombre": "TrundleTrollSmashAbility/TrundleTrollSmash",
            "cooldown": [
                3.5,
                3.5,
                3.5,
                3.5,
                3.5,
                3.5,
                3.5
            ],
            "costo_mana": [
                20.0,
                20.0,
                20.0,
                20.0,
                20.0,
                20.0
            ],
            "rango": [
                300.0,
                300.0,
                300.0,
                300.0,
                300.0,
                300.0,
                300.0
            ],
            "daño_base": [
                -10.0,
                10.0,
                30.0,
                50.0,
                70.0,
                90.0,
                110.0
            ],
            "escalado_1": 0.05000000074505806,
            "escalado_2": 0.0,
            "parametros_extra": {
                "BonusRange": [
                    25.0,
                    25.0,
                    25.0,
                    25.0,
                    25.0,
                    25.0,
                    25.0
                ],
                "ADScaling": [
                    1.0499999523162842,
                    1.149999976158142,
                    1.25,
                    1.350000023841858,
                    1.4500000476837158,
                    1.5499999523162842,
                    1.649999976158142
                ],
                "BonusAD": [
                    15.0,
                    20.0,
                    25.0,
                    30.0,
                    35.0,
                    40.0,
                    45.0
                ],
                "SappedAD": [
                    -7.5,
                    -10.0,
                    -12.5,
                    -15.0,
                    -17.5,
                    -20.0,
                    -22.5
                ],
                "SapDebuffDuration": [
                    5.0,
                    5.0,
                    5.0,
                    5.0,
                    5.0,
                    5.0,
                    5.0
                ],
                "SlowDuration": [
                    0.10000000149011612,
                    0.10000000149011612,
                    0.10000000149011612,
                    0.10000000149011612,
                    0.10000000149011612,
                    0.10000000149011612,
                    0.10000000149011612
                ],
                "SlowAmount": [
                    0.75,
                    0.75,
                    0.75,
                    0.75,
                    0.75,
                    0.75,
                    0.75
                ],
                "PrepDuration": [
                    7.0,
                    7.0,
                    7.0,
                    7.0,
                    7.0,
                    7.0,
                    7.0
                ]
            }
        },
        "W": {
            "nombre": "trundledesecrateAbility/trundledesecrate",
            "cooldown": [
                18.0,
                18.0,
                17.0,
                16.0,
                15.0,
                14.0,
                13.0
            ],
            "costo_mana": [
                40.0,
                40.0,
                40.0,
                40.0,
                40.0,
                40.0
            ],
            "rango": [
                25000.0,
                25000.0,
                25000.0,
                25000.0,
                25000.0,
                25000.0,
                25000.0
            ],
            "daño_base": [
                0.20000000298023224,
                0.20000000298023224,
                0.2800000011920929,
                0.36000001430511475,
                0.4399999976158142,
                0.5199999809265137,
                0.6000000238418579
            ],
            "escalado_1": 0.0,
            "escalado_2": 0.0,
            "parametros_extra": {
                "MSBonus": [
                    0.20000000298023224,
                    0.20000000298023224,
                    0.2800000011920929,
                    0.36000001430511475,
                    0.4399999976158142,
                    0.5199999809265137,
                    0.6000000238418579
                ],
                "ASBonus": [
                    0.30000001192092896,
                    0.30000001192092896,
                    0.44999998807907104,
                    0.6000000238418579,
                    0.75,
                    0.8999999761581421,
                    0.8999999761581421
                ],
                "HealingBonus": [
                    0.25,
                    0.25,
                    0.25,
                    0.25,
                    0.25,
                    0.25,
                    0.25
                ],
                "Duration": [
                    8.0,
                    8.0,
                    8.0,
                    8.0,
                    8.0,
                    8.0,
                    8.0
                ]
            }
        },
        "E": {
            "nombre": "TrundleCircleAbility/TrundleCircle",
            "cooldown": [
                21.0,
                21.0,
                19.5,
                18.0,
                16.5,
                15.0,
                15.0
            ],
            "costo_mana": [
                75.0,
                75.0,
                75.0,
                75.0,
                75.0,
                75.0
            ],
            "rango": [
                1000.0,
                1000.0,
                1000.0,
                1000.0,
                1000.0,
                1000.0,
                1000.0
            ],
            "daño_base": [
                6.0,
                6.0,
                6.0,
                6.0,
                6.0,
                6.0,
                6.0
            ],
            "escalado_1": 0.0,
            "escalado_2": 0.0,
            "parametros_extra": {
                "PillarDuration": [
                    6.0,
                    6.0,
                    6.0,
                    6.0,
                    6.0,
                    6.0,
                    6.0
                ],
                "SlowAmount": [
                    30.0,
                    34.0,
                    38.0,
                    42.0,
                    46.0,
                    50.0,
                    54.0
                ],
                "SlowRadius": [
                    360.0,
                    360.0,
                    360.0,
                    360.0,
                    360.0,
                    360.0,
                    360.0
                ],
                "KnockbackRadius": [
                    225.0,
                    225.0,
                    225.0,
                    225.0,
                    225.0,
                    225.0,
                    225.0
                ],