{
    "nombre": "TwistedFate",
    "stats_base": {
        "Vida": 604.0,
        "Vida_por_nivel": 108.0,
        "Regen_Vida": 1.100000023841858,
        "Regen_Vida_por_nivel": 0.11999999731779099,
        "Daño_Ataque": 52.0,
        "Daño_Ataque_por_nivel": 2.5,
        "Armadura": 24.0,
        "Armadura_por_nivel": 4.349999904632568,
        "Resistencia_Magica_por_nivel": 1.2999999523162842,
        "Vel_Movimiento": 330.0,
        "Rango_Ataque": 525.0,
        "Vel_Ataque_base": 0.625,
        "Vel_Ataque_ratio": 0.6510000228881836,
        "Vel_Ataque_por_nivel": 2.5,
        "Mana": 333.0,
        "Mana_por_nivel": 39.0,
        "Regen_Mana": 1.600000023841858,
        "Regen_Mana_por_nivel": 0.1599999964237213
    },
    "habilidades": {
        "Q": {
            "nombre": "WildCardsAbility/WildCards",
            "cooldown": [
                6.0,
                6.0,
                5.75,
                5.5,
                5.25,
                5.0,
                5.0
            ],
            "costo_mana": [
                60.0,
                70.0,
                80.0,
                90.0,
                100.0,
                110.0
            ],
            "rango": [
                10000.0,
                10000.0,
                10000.0,
                10000.0,
                10000.0,
                10000.0,
                10000.0
            ],
            "daño_base": [
                15.0,
                60.0,
                105.0,
                150.0,
                195.0,
                240.0,
                285.0
            ],
            "escalado_1": 0.5,
            "escalado_2": 0.8500000238418579
        },
        "W": {
            "nombre": "PickACardAbility/PickACard",
            "cooldown": [
                6.0,
                6.0,
                6.0,
                6.0,
                6.0,
                6.0,
                6.0
            ],
            "costo_mana": [
                50.0,
                55.0,
                60.0,
                65.0,
                70.0,
                75.0
            ],
            "rango": [
                200.0,
                200.0,
                200.0,
                200.0,
                200.0,
                200.0,
                200.0
            ],
            "daño_base": [
                20.0,
                40.0,
                60.0,
                80.0,
                100.0,
                120.0,
                140.0
            ],
            "escalado_1": 0.5,
            "escalado_2": 1.0,
            "parametros_extra": {
                "BlueBase": [
                    20.0,
                    40.0,
                    60.0,
                    80.0,
                    100.0,
                    120.0,
                    140.0
                ],
                "RedBase": [
                    15.0,
                    30.0,
                    45.0,
                    60.0,
                    75.0,
                    90.0,
                    105.0
                ],
                "GoldBase": [
                    7.5,
                    15.0,
                    22.5,
                    30.0,
                    37.5,
                    45.0,
                    52.5
                ],
                "BlueCritMultiplier": [
                    0.574999988079071,
                    0.574999988079071,
                    0.574999988079071,
                    0.574999988079071,
                    0.574999988079071,
                    0.574999988079071,
                    0.574999988079071
                ],
                "RedCritMultiplier": [
                    0.3499999940395355,
                    0.3499999940395355,
                    0.3499999940395355,
                    0.3499999940395355,
                    0.3499999940395355,
                    0.3499999940395355,
                    0.3499999940395355
                ],
                "GoldCritMultiplier": [
                    0.25,
                    0.25,
                    0.25,
                    0.25,
                    0.25,
                    0.25,
                    0.25
                ],
                "ttBlueAP": [
                    1.0,
                    1.0,
                    1.0,
                    1.0,
                    1.0,
                    1.0,
                    1.0
                ],
                "ttRedAP": [
                    0.699999988079071,
                    0.699999988079071,
                    0.699999988079071,
                    0.699999988079071,
                    0.699999988079071,
                    0.699999988079071,
                    0.699999988079071
                ],
                "ttGoldAP": [
                    0.5,
                    0.5,
                    0.5,
                    0.5,
                    0.5,
                    0.5,
                    0.5
                ],
                "ttAD": [
                    1.0,
                    1.0,
                    1.0,
                    1.0,
                    1.0,
                    1.0,
                    1.0
                ]
            }
        },
        "E": {
            "nombre": "CardmasterStackAbility/CardmasterStack",
            "cooldown": [
                0.0,
                0.0,
                0.0,
                0.0,
                0.0,
                0.0,
                0.0
            ],
            "costo_mana": [],
            "rango": [
                0.0,
                0.0,
                0.0,
                0.0,
                0.0,
                0.0,
                0.0
            ],
            "daño_base": [
                40.0,
                65.0,
                90.0,
                115.0,
                140.0,
                165.0,
                190.0
            ],
            "escalado_1": 0.5,
            "escalado_2": 0.4000000059604645,
            "parametros_extra": {
                "AttackSpeedBonus": [
                    5.0,
                    15.0,
                    25.0,
                    35.0,
                    45.0,
                    55.0,
                    65.0
                ],
                "TowerEffectiveness": [
                    0.5,
                    0.5,
                    0.5,
                    0.5,
                    0.5,
                    0.5,
                    0.5
                ]
            }
        },
        "R": {
            "nombre": "DestinyAbility/Destiny",
            "cooldown": [
                170.0,
                170.0,
                140.0,
                110.0,
                110.0,
                110.0,
                110.0
            ],
            "costo_mana": [
                100.0,
                100.0,
                100.0,
                115.0,
                130.0,
                0.0
            ],
            "rango": [
                5500.0,
                5500.0,
                5500.0,
                5500.0,
                5500.0,
                5500.0,
                5500.0
            ],
            "daño_base": [
                0.0,
                6.0,
                8.0,
                10.0,
                0.0,
                0.0,
                0.0
            ],
            "escalado_1": 1.0,
            "escalado_2": 0.0,
            "parametros_extra": {
                "RecastDuration": [
                    6.0,
                    6.0,
                    8.0,
                    10.0,
                    12.0,
                    14.0,
                    16.0
                ]
            }
        }
    },
    "pasiva": {
        "nombre": "PickACardAbility",
        "descripcion": ""
    }
}