{
    "nombre": "Twitch",
    "stats_base": {
        "Vida": 630.0,
        "Vida_por_nivel": 98.0,
        "Regen_Vida": 0.75,
        "Regen_Vida_por_nivel": 0.11999999731779099,
        "Daño_Ataque": 59.0,
        "Daño_Ataque_por_nivel": 3.0,
        "Armadura": 27.0,
        "Armadura_por_nivel": 4.0,
        "Resistencia_Magica_por_nivel": 1.2999999523162842,
        "Vel_Movimiento": 330.0,
        "Rango_Ataque": 550.0,
        "Vel_Ataque_base": 0.6790000200271606,
        "Vel_Ataque_ratio": 0.6790000200271606,
        "Vel_Ataque_por_nivel": 3.0,
        "Mana": 300.0,
        "Mana_por_nivel": 40.0,
        "Regen_Mana": 1.4500000476837158,
        "Regen_Mana_por_nivel": 0.14000000059604645
    },
    "habilidades": {
        "Q": {
            "nombre": "TwitchHideInShadowsAbility/TwitchHideInShadows",
            "cooldown": [
                16.0,
                16.0,
                16.0,
                16.0,
                16.0,
                16.0,
                16.0
            ],
            "costo_mana": [
                40.0,
                40.0,
                40.0,
                40.0,
                40.0,
                40.0
            ],
            "rango": [
                20.0,
                20.0,
                20.0,
                20.0,
                20.0,
                20.0,
                20.0
            ],
            "daño_base": [],
            "escalado_1": 0.0,
            "escalado_2": 0.0,
            "parametros_extra": {
                "AttackSpeedMod": [
                    0.3499999940395355,
                    0.4000000059604645,
                    0.44999998807907104,
                    0.5,
                    0.550000011920929,
                    0.6000000238418579,
                    0.6499999761581421
                ],
                "AttackSpeedDuration": [
                    6.0,
                    6.0,
                    6.0,
                    6.0,
                    6.0,
                    6.0,
                    6.0
                ],
                "StealthDuration": [
                    9.0,
                    10.0,
                    11.0,
                    12.0,
                    13.0,
                    14.0,
                    15.0
                ],
                "MaxFadeTime": [
                    1.0,
                    1.0,
                    1.0,
                    1.0,
                    1.0,
                    1.0,
                    1.0
                ],
                "StealthDetectionRange": [
                    500.0,
                    500.0,
                    500.0,
                    500.0,
                    500.0,
                    500.0,
                    500.0
                ],
                "MoveSpeedMod": [
                    10.0,
                    10.0,
                    10.0,
                    10.0,
                    10.0,
                    10.0,
                    10.0
                ],
                "HiddenSpeed": [
                    30.0,
                    30.0,
                    30.0,
                    30.0,
                    30.0,
                    30.0,
                    30.0
                ],
                "MoveBonusRange": [
                    1000.0,
                    1000.0,
                    1000.0,
                    1000.0,
                    1000.0,
                    1000.0,
                    1000.0
                ]
            }
        },
        "W": {
            "nombre": "TwitchVenomCaskAbility/TwitchVenomCask",
            "cooldown": [
                14.0,
                13.0,
                12.0,
                11.0,
                10.0,
                9.0,
                9.0
            ],
            "costo_mana": [
                70.0,
                70.0,
                70.0,
                70.0,
                70.0,
                70.0
            ],
            "rango": [
                950.0,
                950.0,
                950.0,
                950.0,
                950.0,
                950.0,
                950.0
            ],
            "daño_base": [
                25.0,
                30.0,
                35.0,
                40.0,
                45.0,
                50.0,
                55.0
            ],
            "escalado_1": 0.699999988079071,
            "escalado_2": 0.05999999865889549,
            "parametros_extra": {
                "BaseSlowAmount": [
                    25.0,
                    30.0,
                    35.0,
                    40.0,
                    45.0,
                    50.0,
                    55.0
                ],
                "Duration": [
                    3.0,
                    3.0,
                    3.0,
                    3.0,
                    3.0,
                    3.0,
                    3.0
                ],
                "AoERadius": [
                    300.0,
                    300.0,
                    300.0,
                    300.0,
                    300.0,
                    300.0,
                    300.0
                ]
            }
        },
        "E": {
            "nombre": "TwitchExpungeAbility/TwitchExpunge",
            "cooldown": [
                13.0,
                12.0,
                11.0,
                10.0,
                9.0,
                8.0,
                8.0
            ],
            "costo_mana": [
                50.0,
                60.0,
                70.0,
                80.0,
                90.0,
                100.0
            ],
            "rango": [
                1200.0,
                1200.0,
                1200.0,
                1200.0,
                1200.0,
                1200.0,
                1200.0
            ],
            "daño_base": [
                10.0,
                20.0,
                30.0,
                40.0,
                50.0,
                60.0,
                70.0
            ],
            "escalado_1": 0.3499999940395355,
            "escalado_2": 0.3499999940395355,
            "parametros_extra": {
                "MaxStacks": [
                    6.0,
                    6.0,
                    6.0,
                    6.0,
                    6.0,
                    6.0,
                    6.0
                ]
            }
        },
        "R": {
            "nombre": "TwitchFullAutomaticAbility/TwitchFullAutomatic",
            "cooldown": [
                90.0,
                90.0,
                90.0,
                90.0,
                90.0,
                90.0,
                90.0
            ],
            "costo_mana": [
                100.0,
                100.0,
                100.0,
                0.0,
                0.0,
                0.0
            ],
            "rango": [
                1200.0,
                1200.0,
                1200.0,
                1200.0,
                1200.0,
                1200.0,
                1200.0
            ],
            "daño_base": [
                0.10000000149011612,
                0.10000000149011612,
                0.10000000149011612,
                0.10000000149011612,
                0.10000000149011612,
                0.10000000149011612,
                0.10000000149011612
            ],
            "escalado_1": 1.0,
            "escalado_2": 0.0,
            "parametros_extra": {
                "BonusRange": [
                    300.0,
                    300.0,
                    300.0,
                    300.0,
                    300.0,
                    300.0,
                    300.0
                ],
                "BonusAD": [
                    15.0,
                    30.0,
                    45.0,
                    60.0,
                    75.0,
                    90.0,
                    105.0
                ],