{
    "nombre": "Udyr",
    "stats_base": {
        "Vida": 664.0,
        "Vida_por_nivel": 92.0,
        "Regen_Vida": 1.2000000476837158,
        "Regen_Vida_por_nivel": 0.15000000596046448,
        "Daño_Ataque": 62.0,
        "Daño_Ataque_por_nivel": 4.0,
        "Armadura": 31.0,
        "Armadura_por_nivel": 4.699999809265137,
        "Resistencia_Magica_por_nivel": 2.049999952316284,
        "Vel_Movimiento": 350.0,
        "Rango_Ataque": 125.0,
        "Vel_Ataque_base": 0.6499999761581421,
        "Vel_Ataque_ratio": 0.6499999761581421,
        "Vel_Ataque_por_nivel": 3.0,
        "Mana": 271.0,
        "Mana_por_nivel": 50.0,
        "Regen_Mana": 1.5,
        "Regen_Mana_por_nivel": 0.09000000357627869
    },
    "habilidades": {
        "Q": {
            "nombre": "UdyrQAbility/UdyrQ",
            "cooldown": [
                6.0,
                6.0,
                6.0,
                6.0,
                6.0,
                6.0,
                6.0
            ],
            "costo_mana": [
                20.0,
                20.0,
                20.0,
                20.0,
                20.0,
                20.0
            ],
            "rango": [
                600.0,
                600.0,
                600.0,
                600.0,
                600.0,
                600.0,
                600.0
            ],
            "daño_base": [
                -0.0,
                6.0,
                12.0,
                18.0,
                24.0,
                30.0,
                36.0
            ],
            "escalado_1": 0.0003499999875202775,
            "escalado_2": 5.999999848427251e-05,
            "parametros_extra": {
                "AttackSpeedBase": [
                    0.07999999821186066,
                    0.20000000298023224,
                    0.3199999928474426,
                    0.4399999976158142,
                    0.5600000023841858,
                    0.6800000071525574,
                    0.800000011920929
                ],
                "AttackSpeedDurationBase": [
                    4.0,
                    4.0,
                    4.0,
                    4.0,
                    4.0,
                    4.0,
                    4.0
                ],
                "AttackSpeedDurationEmpowered": [
                    4.0,
                    4.0,
                    4.0,
                    4.0,
                    4.0,
                    4.0,
                    4.0
                ],
                "MaxHPOnHitBase": [
                    0.019999999552965164,
                    0.029999999329447746,
                    0.03999999910593033,
                    0.05000000074505806,
                    0.05999999865889549,
                    0.07000000029802322,
                    0.07999999821186066
                ],
                "RepeatBouncePenalty": [
                    1.0,
                    1.0,
                    1.0,
                    1.0,
                    1.0,
                    1.0,
                    1.0
                ],
                "Bounces": [
                    6.0,
                    6.0,
                    6.0,
                    6.0,
                    6.0,
                    6.0,
                    6.0
                ],
                "BounceRange": [
                    450.0,
                    450.0,
                    450.0,
                    450.0,
                    450.0,
                    450.0,
                    450.0
                ],
                "AttackRange": [
                    50.0,
                    50.0,
                    50.0,
                    50.0,
                    50.0,
                    50.0,
                    50.0
                ],
                "EmpoweredBonusASLevel1": [
                    0.20000000298023224,
                    0.20000000298023224,
                    0.20000000298023224,
                    0.20000000298023224,
                    0.20000000298023224,
                    0.20000000298023224,
                    0.20000000298023224
                ],
                "EmpoweredBonusASLevel18": [
                    0.699999988079071,
                    0.699999988079071,
                    0.699999988079071,
                    0.699999988079071,
                    0.699999988079071,
                    0.699999988079071,
                    0.699999988079071
                ],
                "OnHitBonusHPRatio": [
                    0.00800000037997961,
                    0.009999999776482582,
                    0.012000000104308128,
                    0.014000000432133675,
                    0.01600000075995922,
                    0.017999999225139618,
                    0.019999999552965164
                ]
            }
        },
        "W": {
            "nombre": "UdyrWAbility/UdyrW",
            "cooldown": [
                6.0,
                6.0,
                6.0,
                6.0,
                6.0,
                6.0,
                6.0
            ],
            "costo_mana": [
                40.0,
                40.0,
                40.0,
                40.0,
                40.0,
                40.0
            ],
            "rango": [
                0.0,
                0.0,
                0.0,
                0.0,
                0.0,
                0.0,
                0.0
            ],
            "daño_base": [],
            "escalado_1": 0.44999998807907104,
            "escalado_2": 0.4000000059604645,
            "parametros_extra": {
                "ShieldDuration": [
                    4.0,
                    4.0,
                    4.0,
                    4.0,
                    4.0,
                    4.0,
                    4.0
                ],
                "ShieldBase": [
                    25.0,
                    45.0,
                    65.0,
                    85.0,
                    105.0,
                    125.0,
                    145.0
                ],
                "LifeOnHitHPRatio": [
                    0.012000000104308128,
                    0.012000000104308128,
                    0.012000000104308128,
                    0.012000000104308128,
                    0.012000000104308128,
                    0.012000000104308128,
                    0.012000000104308128
                ],
                "ShieldPercentHealth": [
                    0.017000000923871994,
                    0.019999999552965164,
                    0.023000000044703484,
                    0.026000000536441803,
                    0.028999999165534973,
                    0.03200000151991844,
                    0.03500000014901161
                ],
                "LifeSteal": [
                    0.14000000059604645,
                    0.15000000596046448,
                    0.1599999964237213,
                    0.17000000178813934,
                    0.18000000715255737,
                    0.1899999976158142,
                    0.20000000298023224
                ],
                "HealOnHitMinionPenalty": [
                    0.4000000059604645,
                    0.4000000059604645,
                    0.4000000059604645,
                    0.4000000059604645,
                    0.4000000059604645,
                    0.4000000059604645,
                    0.4000000059604645
                ],
                "HealAttackMult": [
                    2.0,
                    2.0,
                    2.0,
                    2.0,
                    2.0,
                    2.0,
                    2.0
                ],
                "PercentOfShieldHealAmount": [
                    0.5,
                    0.5,
                    0.5,
                    0.5,
                    0.5,
                    0.5,
                    0.5
                ]
            }
        },
        "E": {
            "nombre": "UdyrEAbility/UdyrE",