{
    "nombre": "Urgot",
    "stats_base": {
        "Vida": 655.0,
        "Vida_por_nivel": 102.0,
        "Regen_Vida": 1.5,
        "Regen_Vida_por_nivel": 0.14000000059604645,
        "Daño_Ataque": 63.0,
        "Daño_Ataque_por_nivel": 4.0,
        "Armadura": 36.0,
        "Armadura_por_nivel": 5.0,
        "Resistencia_Magica_por_nivel": 2.049999952316284,
        "Vel_Movimiento": 330.0,
        "Rango_Ataque": 350.0,
        "Vel_Ataque_base": 0.625,
        "Vel_Ataque_ratio": 0.625,
        "Vel_Ataque_por_nivel": 3.75,
        "Mana": 340.0,
        "Mana_por_nivel": 45.0,
        "Regen_Mana": 1.4500000476837158,
        "Regen_Mana_por_nivel": 0.1599999964237213
    },
    "habilidades": {
        "Q": {
            "nombre": "UrgotQAbility/UrgotQ",
            "cooldown": [
                10.0,
                10.0,
                9.5,
                9.0,
                8.5,
                8.0,
                7.5
            ],
            "costo_mana": [
                70.0,
                70.0,
                70.0,
                70.0,
                70.0,
                70.0
            ],
            "rango": [
                800.0,
                800.0,
                800.0,
                800.0,
                800.0,
                800.0,
                800.0
            ],
            "daño_base": [
                -20.0,
                25.0,
                70.0,
                115.0,
                160.0,
                205.0,
                250.0
            ],
            "escalado_1": 0.699999988079071,
            "escalado_2": 0.0,
            "parametros_extra": {
                "SlowDuration": [
                    1.25,
                    1.25,
                    1.25,
                    1.25,
                    1.25,
                    1.25,
                    1.25
                ],
                "SlowAmount": [
                    0.4000000059604645,
                    0.44999998807907104,
                    0.5,
                    0.550000011920929,
                    0.6000000238418579,
                    0.6499999761581421,
                    0.699999988079071
                ],
                "ExplosionDelayPostMissile": [
                    0.30000001192092896,
                    0.30000001192092896,
                    0.30000001192092896,
                    0.30000001192092896,
                    0.30000001192092896,
                    0.30000001192092896,
                    0.30000001192092896
                ],
                "DelayOnMissileLaunch": [
                    0.10000000149011612,
                    0.10000000149011612,
                    0.10000000149011612,
                    0.10000000149011612,
                    0.10000000149011612,
                    0.10000000149011612,
                    0.10000000149011612
                ],
                "WHalterDuration": [
                    0.30000001192092896,
                    0.30000001192092896,
                    0.30000001192092896,
                    0.30000001192092896,
                    0.30000001192092896,
                    0.30000001192092896,
                    0.30000001192092896
                ],
                "AoERadius": [
                    210.0,
                    210.0,
                    210.0,
                    210.0,
                    210.0,
                    210.0,
                    210.0
                ]
            }
        },
        "W": {
            "nombre": "UrgotWAbility/UrgotW",
            "cooldown": [
                12.0,
                12.0,
                9.0,
                6.0,
                3.0,
                0.0,
                0.0
            ],
            "costo_mana": [
                40.0,
                30.0,
                20.0,
                10.0,
                0.0,
                0.0
            ],
            "rango": [
                450.0,
                450.0,
                450.0,
                450.0,
                450.0,
                450.0,
                450.0
            ],
            "daño_base": [
                30.0,
                30.0,
                60.0,
                90.0,
                120.0,
                150.0,
                180.0
            ],
            "escalado_1": 0.15000000596046448,
            "escalado_2": 0.0,
            "parametros_extra": {
                "WAttacksPerSecond": [
                    3.0,
                    3.0,
                    3.0,
                    3.0,
                    3.0,
                    3.0,
                    3.0
                ]
            }
        },
        "E": {
            "nombre": "UrgotEAbility/UrgotE",
            "cooldown": [
                16.0,
                16.0,
                15.5,
                15.0,
                14.5,
                14.0,
                13.5
            ],
            "costo_mana": [
                60.0,
                70.0,
                80.0,
                90.0,
                100.0,
                110.0
            ],
            "rango": [
                25000.0,
                25000.0,
                25000.0,
                25000.0,
                25000.0,
                25000.0,
                25000.0
            ],
            "daño_base": [
                60.0,
                90.0,
                120.0,
                150.0,
                180.0,
                210.0,
                240.0
            ],
            "escalado_1": 0.5,
            "escalado_2": 0.0,
            "parametros_extra": {
                "EShieldDuration": [
                    4.0,
                    4.0,
                    4.0,
                    4.0,
                    4.0,
                    4.0,
                    4.0
                ],
                "EShieldBaseHealth": [
                    35.0,
                    55.0,
                    75.0,
                    95.0,
                    115.0,
                    135.0,
                    155.0
                ],
                "EShieldBonusHealthRatio": [
                    0.0,
                    0.13500000536441803,
                    0.13500000536441803,
                    0.13500000536441803,
                    0.13500000536441803,
                    0.13500000536441803,
                    0.13500000536441803
                ],
                "StunDuration": [
                    1.5,
                    1.5,
                    1.5,
                    1.5,
                    1.5,
                    1.5,
                    1.5
                ],
                "BaseDashSpeed": [
                    1200.0,
                    1200.0,
                    1200.0,
                    1200.0,
                    1200.0,
                    1200.0,
                    1200.0
                ],
                "MinimumDashRange": [
                    450.0,
                    450.0,
                    450.0,
                    450.0,
                    450.0,
                    450.0,
                    450.0
                ],
                "ThrowDistance": [
                    100.0,
                    100.0,
                    100.0,
                    100.0,
                    100.0,
                    100.0,
                    100.0
                ],
                "WHalterDuration": [
                    1.5,
                    1.5,
                    1.5,
                    1.5,
                    1.5,
                    1.5,
                    1.5
                ]
            }
        },
        "R": {
            "nombre": "UrgotRAbility/UrgotR",
            "cooldown": [
                100.0,
                100.0,
                85.0,
                70.0,
                70.0,
                70.0,
                70.0
            ],