{
    "nombre": "Varus",
    "stats_base": {
        "Vida": 600.0,
        "Vida_por_nivel": 105.0,
        "Regen_Vida": 0.699999988079071,
        "Regen_Vida_por_nivel": 0.10999999940395355,
        "Daño_Ataque": 59.0,
        "Daño_Ataque_por_nivel": 3.4000000953674316,
        "Armadura": 24.0,
        "Armadura_por_nivel": 4.0,
        "Resistencia_Magica_por_nivel": 1.2999999523162842,
        "Vel_Movimiento": 330.0,
        "Rango_Ataque": 575.0,
        "Vel_Ataque_base": 0.6579999923706055,
        "Vel_Ataque_ratio": 0.6579999923706055,
        "Vel_Ataque_por_nivel": 3.5,
        "Mana": 320.0,
        "Mana_por_nivel": 40.0,
        "Regen_Mana": 1.600000023841858,
        "Regen_Mana_por_nivel": 0.1599999964237213
    },
    "habilidades": {
        "Q": {
            "nombre": "VarusQAbility/VarusQ",
            "cooldown": [
                17.0,
                16.0,
                15.0,
                14.0,
                13.0,
                12.0,
                11.0
            ],
            "costo_mana": [
                50.0,
                55.0,
                60.0,
                65.0,
                70.0,
                75.0
            ],
            "rango": [
                925.0,
                925.0,
                925.0,
                925.0,
                925.0,
                925.0,
                925.0
            ],
            "daño_base": [
                10.0,
                80.0,
                150.0,
                220.0,
                290.0,
                360.0,
                430.0
            ],
            "escalado_1": 1.0,
            "escalado_2": 1.5,
            "parametros_extra": {
                "ChargeMultiplierInverse": [
                    0.666670024394989,
                    0.666670024394989,
                    0.666670024394989,
                    0.666670024394989,
                    0.666670024394989,
                    0.666670024394989,
                    0.666670024394989
                ],
                "MaxChargeAmp": [
                    0.5,
                    0.5,
                    0.5,
                    0.5,
                    0.5,
                    0.5,
                    0.5
                ],
                "FalloffPercent": [
                    0.15000000596046448,
                    0.15000000596046448,
                    0.15000000596046448,
                    0.15000000596046448,
                    0.15000000596046448,
                    0.15000000596046448,
                    0.15000000596046448
                ],
                "ManaRefund": [
                    0.5,
                    0.5,
                    0.5,
                    0.5,
                    0.5,
                    0.5,
                    0.5
                ],
                "MaxChannelDuration": [
                    4.0,
                    4.0,
                    4.0,
                    4.0,
                    4.0,
                    4.0,
                    4.0
                ],
                "CDRefund": [
                    3.0,
                    3.0,
                    3.0,
                    3.0,
                    3.0,
                    3.0,
                    3.0
                ],
                "MoveSpeedMod": [
                    -0.20000000298023224,
                    -0.20000000298023224,
                    -0.20000000298023224,
                    -0.20000000298023224,
                    -0.20000000298023224,
                    -0.20000000298023224,
                    -0.20000000298023224
                ]
            }
        },
        "W": {
            "nombre": "VarusWAbility/VarusW",
            "cooldown": [
                40.0,
                40.0,
                40.0,
                40.0,
                40.0,
                40.0,
                40.0
            ],
            "costo_mana": [],
            "rango": [
                10000.0,
                10000.0,
                10000.0,
                10000.0,
                10000.0,
                10000.0,
                10000.0
            ],
            "daño_base": [
                120.0,
                120.0,
                120.0,
                120.0,
                120.0,
                120.0,
                120.0
            ],
            "escalado_1": 0.15000000596046448,
            "escalado_2": 0.0,
            "parametros_extra": {
                "VarusWDebuffDuration": [
                    6.0,
                    6.0,
                    6.0,
                    6.0,
                    6.0,
                    6.0,
                    6.0
                ],
                "VarusWMaxStacks": [
                    3.0,
                    3.0,
                    3.0,
                    3.0,
                    3.0,
                    3.0,
                    3.0
                ],
                "BasePercentHPPerStack": [
                    0.02500000037252903,
                    0.029999999329447746,
                    0.03500000014901161,
                    0.03999999910593033,
                    0.04500000178813934,
                    0.05000000074505806,
                    0.054999999701976776
                ],
                "QEmpowerMonsterCap": [
                    360.0,
                    360.0,
                    360.0,
                    360.0,
                    360.0,
                    360.0,
                    360.0
                ],
                "CDRPerBlightStack": [
                    0.12999999523162842,
                    0.12999999523162842,
                    0.12999999523162842,
                    0.12999999523162842,
                    0.12999999523162842,
                    0.12999999523162842,
                    0.12999999523162842
                ],
                "OnHitRatio": [
                    0.25,
                    0.25,
                    0.25,
                    0.25,
                    0.25,
                    0.25,
                    0.25
                ],
                "DebuffDuration": [
                    6.0,
                    6.0,
                    6.0,
                    6.0,
                    6.0,
                    6.0,
                    6.0
                ],
                "MaxStacks": [
                    3.0,
                    3.0,
                    3.0,
                    3.0,
                    3.0,
                    3.0,
                    3.0
                ]
            }
        },
        "E": {
            "nombre": "VarusEAbility/VarusE",
            "cooldown": [
                18.0,
                18.0,
                16.0,
                14.0,
                12.0,
                10.0,
                10.0
            ],
            "costo_mana": [
                90.0,
                90.0,
                90.0,
                90.0,
                90.0,
                90.0
            ],
            "rango": [
                925.0,
                925.0,
                925.0,
                925.0,
                925.0,
                925.0,
                925.0
            ],
            "daño_base": [
                30.0,
                60.0,
                90.0,
                120.0,
                150.0,
                180.0,
                210.0
            ],
            "escalado_1": 0.8999999761581421,
            "escalado_2": 0.0,
            "parametros_extra": {
                "GrievousAmount": [
                    0.4000000059604645,
                    0.4000000059604645,
                    0.4000000059604645,
                    0.4000000059604645,
                    0.4000000059604645,
                    0.4000000059604645,
                    0.4000000059604645
                ],