{
    "nombre": "Vayne",
    "stats_base": {
        "Vida": 550.0,
        "Vida_por_nivel": 103.0,
        "Regen_Vida": 0.699999988079071,
        "Regen_Vida_por_nivel": 0.10999999940395355,
        "Daño_Ataque": 60.0,
        "Daño_Ataque_por_nivel": 2.3499999046325684,
        "Armadura": 23.0,
        "Armadura_por_nivel": 4.599999904632568,
        "Resistencia_Magica_por_nivel": 1.2999999523162842,
        "Vel_Movimiento": 330.0,
        "Rango_Ataque": 550.0,
        "Vel_Ataque_base": 0.6579999923706055,
        "Vel_Ataque_ratio": 0.6579999923706055,
        "Vel_Ataque_por_nivel": 3.299999952316284,
        "Mana": 232.0,
        "Mana_por_nivel": 35.0,
        "Regen_Mana": 1.399999976158142,
        "Regen_Mana_por_nivel": 0.07999999821186066
    },
    "habilidades": {
        "Q": {
            "nombre": "VayneTumbleAbility/VayneTumble",
            "cooldown": [
                6.0,
                6.0,
                5.0,
                4.0,
                3.0,
                2.0,
                2.0
            ],
            "costo_mana": [
                30.0,
                30.0,
                30.0,
                30.0,
                30.0,
                30.0
            ],
            "rango": [
                25000.0,
                25000.0,
                25000.0,
                25000.0,
                25000.0,
                25000.0,
                25000.0
            ],
            "daño_base": [],
            "escalado_1": 0.6000000238418579,
            "escalado_2": 0.5,
            "parametros_extra": {
                "Duration": [
                    3.0,
                    3.0,
                    3.0,
                    3.0,
                    3.0,
                    3.0,
                    3.0
                ]
            }
        },
        "W": {
            "nombre": "VayneSilveredBoltsAbility/VayneSilveredBolts",
            "cooldown": [
                0.0,
                0.0,
                0.0,
                0.0,
                0.0,
                0.0,
                0.0
            ],
            "costo_mana": [],
            "rango": [
                10000.0,
                10000.0,
                10000.0,
                10000.0,
                10000.0,
                10000.0,
                10000.0
            ],
            "daño_base": [
                35.0,
                50.0,
                65.0,
                80.0,
                95.0,
                110.0,
                125.0
            ],
            "escalado_1": 0.009999999776482582,
            "escalado_2": 0.0,
            "parametros_extra": {
                "MaxHealthRatio": [
                    0.05000000074505806,
                    0.05999999865889549,
                    0.07000000029802322,
                    0.07999999821186066,
                    0.09000000357627869,
                    0.10000000149011612,
                    0.10999999940395355
                ],
                "DebuffDuration": [
                    3.5,
                    3.5,
                    3.5,
                    3.5,
                    3.5,
                    3.5,
                    3.5
                ]
            }
        },
        "E": {
            "nombre": "VayneCondemnAbility/VayneCondemn",
            "cooldown": [
                22.0,
                20.0,
                18.0,
                16.0,
                14.0,
                12.0,
                12.0
            ],
            "costo_mana": [
                90.0,
                90.0,
                90.0,
                90.0,
                90.0,
                90.0
            ],
            "rango": [
                550.0,
                550.0,
                550.0,
                550.0,
                550.0,
                550.0,
                550.0
            ],
            "daño_base": [
                15.0,
                50.0,
                85.0,
                120.0,
                155.0,
                190.0,
                225.0
            ],
            "escalado_1": 0.5,
            "escalado_2": 0.0,
            "parametros_extra": {
                "StunDuration": [
                    1.5,
                    1.5,
                    1.5,
                    1.5,
                    1.5,
                    1.5,
                    1.5
                ],
                "KnockbackDistance": [
                    475.0,
                    475.0,
                    475.0,
                    475.0,
                    475.0,
                    475.0,
                    475.0
                ]
            }
        },
        "R": {
            "nombre": "VayneInquisitionAbility/VayneInquisition",
            "cooldown": [
                100.0,
                100.0,
                85.0,
                70.0,
                70.0,
                70.0,
                70.0
            ],
            "costo_mana": [
                80.0,
                80.0,
                80.0,
                80.0,
                80.0,
                80.0
            ],
            "rango": [
                1.0,
                1.0,
                1.0,
                1.0,
                1.0,
                1.0,
                1.0
            ],
            "daño_base": [
                20.0,
                35.0,
                50.0,
                65.0,
                80.0,
                95.0,
                110.0
            ],
            "escalado_1": 0.0,
            "escalado_2": 0.0,
            "parametros_extra": {
                "BaseDuration": [
                    6.0,
                    8.0,
                    10.0,
                    12.0,
                    14.0,
                    16.0,
                    18.0
                ],
                "TumbleStealthDuration": [
                    1.0,
                    1.0,
                    1.0,
                    1.0,
                    1.0,
                    1.0,
                    1.0
                ],
                "MovementSpeed": [
                    90.0,
                    90.0,
                    90.0,
                    90.0,
                    90.0,
                    90.0,
                    90.0
                ],
                "DurationToAdd": [
                    4.0,
                    4.0,
                    4.0,
                    4.0,
                    4.0,
                    4.0,
                    4.0
                ],
                "TumbleCDReduction": [
                    20.0,
                    30.0,
                    40.0,
                    50.0,
                    60.0,
                    70.0,
                    80.0
                ]
            }
        }
    },
    "pasiva": {
        "nombre": "VaynePassiveAbility",
        "descripcion": ""
    }
}