{
    "nombre": "Veigar",
    "stats_base": {
        "Vida": 580.0,
        "Vida_por_nivel": 108.0,
        "Regen_Vida": 1.2999999523162842,
        "Regen_Vida_por_nivel": 0.11999999731779099,
        "Daño_Ataque": 52.0,
        "Daño_Ataque_por_nivel": 2.700000047683716,
        "Armadura": 18.0,
        "Armadura_por_nivel": 5.199999809265137,
        "Resistencia_Magica_por_nivel": 1.2999999523162842,
        "Vel_Movimiento": 340.0,
        "Rango_Ataque": 550.0,
        "Vel_Ataque_base": 0.625,
        "Vel_Ataque_ratio": 0.625,
        "Vel_Ataque_por_nivel": 2.240000009536743,
        "Mana": 490.0,
        "Mana_por_nivel": 26.0,
        "Regen_Mana": 1.600000023841858,
        "Regen_Mana_por_nivel": 0.1599999964237213
    },
    "habilidades": {
        "Q": {
            "nombre": "VeigarBalefulStrikeAbility/VeigarBalefulStrike",
            "cooldown": [
                6.5,
                6.0,
                5.5,
                5.0,
                4.5,
                4.0,
                3.5
            ],
            "costo_mana": [
                30.0,
                35.0,
                40.0,
                45.0,
                50.0,
                50.0
            ],
            "rango": [
                10000.0,
                10000.0,
                10000.0,
                10000.0,
                10000.0,
                10000.0,
                10000.0
            ],
            "daño_base": [
                40.0,
                80.0,
                120.0,
                160.0,
                200.0,
                240.0,
                280.0
            ],
            "escalado_1": 0.44999998807907104,
            "escalado_2": 0.44999998807907104
        },
        "W": {
            "nombre": "VeigarDarkMatterAbility/VeigarDarkMatter",
            "cooldown": [
                0.0,
                0.0,
                0.0,
                0.0,
                0.0,
                0.0,
                0.0
            ],
            "costo_mana": [
                60.0,
                65.0,
                70.0,
                75.0,
                80.0,
                85.0
            ],
            "rango": [
                950.0,
                950.0,
                950.0,
                950.0,
                950.0,
                950.0,
                950.0
            ],
            "daño_base": [
                30.0,
                85.0,
                140.0,
                195.0,
                250.0,
                305.0,
                360.0
            ],
            "escalado_1": 0.6000000238418579,
            "escalado_2": 0.6000000238418579,
            "parametros_extra": {
                "ImpactDelay": [
                    1.2000000476837158,
                    1.2000000476837158,
                    1.2000000476837158,
                    1.2000000476837158,
                    1.2000000476837158,
                    1.2000000476837158,
                    1.2000000476837158
                ],
                "BaseCooldown": [
                    8.0,
                    8.0,
                    8.0,
                    8.0,
                    8.0,
                    8.0,
                    8.0
                ]
            }
        },
        "E": {
            "nombre": "VeigarEventHorizonAbility/VeigarEventHorizon",
            "cooldown": [
                20.0,
                20.0,
                18.5,
                17.0,
                15.5,
                14.0,
                14.0
            ],
            "costo_mana": [
                70.0,
                75.0,
                80.0,
                85.0,
                90.0,
                95.0
            ],
            "rango": [
                700.0,
                700.0,
                700.0,
                700.0,
                700.0,
                700.0,
                700.0
            ],
            "daño_base": [
                1.25,
                1.5,
                1.75,
                2.0,
                2.25,
                2.5,
                2.75
            ],
            "escalado_1": 0.20000000298023224,
            "escalado_2": 0.0,
            "parametros_extra": {
                "StunDuration": [
                    1.25,
                    1.5,
                    1.75,
                    2.0,
                    2.25,
                    2.5,
                    2.75
                ],
                "CageDelay": [
                    0.5,
                    0.5,
                    0.5,
                    0.5,
                    0.5,
                    0.5,
                    0.5
                ]
            }
        },
        "R": {
            "nombre": "VeigarRAbility/VeigarR",
            "cooldown": [
                120.0,
                120.0,
                90.0,
                60.0,
                30.0,
                30.0,
                30.0
            ],
            "costo_mana": [
                100.0,
                100.0,
                100.0,
                100.0,
                100.0,
                100.0
            ],
            "rango": [
                650.0,
                650.0,
                650.0,
                650.0,
                650.0,
                650.0,
                650.0
            ],
            "daño_base": [
                100.0,
                175.0,
                250.0,
                325.0,
                400.0,
                475.0,
                550.0
            ],
            "escalado_1": 0.6000000238418579,
            "escalado_2": 0.6000000238418579,
            "parametros_extra": {
                "MaxExecuteMult": [
                    2.0,
                    2.0,
                    2.0,
                    2.0,
                    2.0,
                    2.0,
                    2.0
                ]
            }
        }
    },
    "pasiva": {
        "nombre": "VeigarPassiveAbility",
        "descripcion": "game_buff_tooltip_VeigarPassive"
    }
}