{
    "nombre": "Velkoz",
    "stats_base": {
        "Vida": 590.0,
        "Vida_por_nivel": 102.0,
        "Regen_Vida": 1.100000023841858,
        "Regen_Vida_por_nivel": 0.10999999940395355,
        "Daño_Ataque": 55.0,
        "Daño_Ataque_por_nivel": 3.1415927410125732,
        "Armadura": 22.0,
        "Armadura_por_nivel": 4.699999809265137,
        "Resistencia_Magica_por_nivel": 1.2999999523162842,
        "Vel_Movimiento": 340.0,
        "Rango_Ataque": 525.0,
        "Vel_Ataque_base": 0.6430000066757202,
        "Vel_Ataque_ratio": 0.625,
        "Vel_Ataque_por_nivel": 1.590000033378601,
        "Mana": 469.0,
        "Mana_por_nivel": 21.0,
        "Regen_Mana": 1.600000023841858,
        "Regen_Mana_por_nivel": 0.1599999964237213
    },
    "habilidades": {
        "Q": {
            "nombre": "VelkozQAbility/VelkozQ",
            "cooldown": [
                7.0,
                7.0,
                7.0,
                7.0,
                7.0,
                7.0,
                7.0
            ],
            "costo_mana": [
                40.0,
                45.0,
                50.0,
                55.0,
                60.0,
                65.0
            ],
            "rango": [
                10000.0,
                10000.0,
                10000.0,
                10000.0,
                10000.0,
                10000.0,
                10000.0
            ],
            "daño_base": [
                40.0,
                80.0,
                120.0,
                160.0,
                200.0,
                240.0,
                280.0
            ],
            "escalado_1": 0.0,
            "escalado_2": 0.0,
            "parametros_extra": {
                "PassiveStacksToAdd": [
                    1.0,
                    1.0,
                    1.0,
                    1.0,
                    1.0,
                    1.0,
                    1.0
                ],
                "SlowAmount": [
                    0.699999988079071,
                    0.699999988079071,
                    0.699999988079071,
                    0.699999988079071,
                    0.699999988079071,
                    0.699999988079071,
                    0.699999988079071
                ],
                "SlowDuration": [
                    0.6000000238418579,
                    1.0,
                    1.399999976158142,
                    1.7999999523162842,
                    2.200000047683716,
                    2.5999999046325684,
                    3.0
                ],
                "SplitTelegraphTime": [
                    0.25,
                    0.25,
                    0.25,
                    0.25,
                    0.25,
                    0.25,
                    0.25
                ],
                "ManaRefund": [
                    0.5,
                    0.5,
                    0.5,
                    0.5,
                    0.5,
                    0.5,
                    0.5
                ],
                "TooltipManaRefund": [
                    17.5,
                    20.0,
                    22.5,
                    25.0,
                    27.5,
                    30.0,
                    32.5
                ]
            }
        },
        "W": {
            "nombre": "VelkozWAbility/VelkozW",
            "cooldown": [
                1.5,
                1.5,
                1.5,
                1.5,
                1.5,
                1.5,
                1.5
            ],
            "costo_mana": [
                50.0,
                55.0,
                60.0,
                65.0,
                70.0,
                75.0
            ],
            "rango": [
                25000.0,
                25000.0,
                25000.0,
                25000.0,
                25000.0,
                25000.0,
                25000.0
            ],
            "daño_base": [
                10.0,
                30.0,
                50.0,
                70.0,
                90.0,
                110.0,
                130.0
            ],
            "escalado_1": 0.20000000298023224,
            "escalado_2": 0.25,
            "parametros_extra": {
                "PassiveStacksToAdd": [
                    1.0,
                    1.0,
                    1.0,
                    1.0,
                    1.0,
                    1.0,
                    1.0
                ]
            }
        },
        "E": {
            "nombre": "VelkozEAbility/VelkozE",
            "cooldown": [
                12.0,
                12.0,
                11.5,
                11.0,
                10.5,
                10.0,
                10.0
            ],
            "costo_mana": [
                50.0,
                55.0,
                60.0,
                65.0,
                70.0,
                75.0
            ],
            "rango": [
                800.0,
                800.0,
                800.0,
                800.0,
                800.0,
                800.0,
                800.0
            ],
            "daño_base": [
                40.0,
                70.0,
                100.0,
                130.0,
                160.0,
                190.0,
                220.0
            ],
            "escalado_1": 0.30000001192092896,
            "escalado_2": 0.30000001192092896,
            "parametros_extra": {
                "PassiveStacksToAdd": [
                    1.0,
                    1.0,
                    1.0,
                    1.0,
                    1.0,
                    1.0,
                    1.0
                ],
                "StunDuration": [
                    0.75,
                    0.75,
                    0.75,
                    0.75,
                    0.75,
                    0.75,
                    0.75
                ],
                "MoveDistance": [
                    225.0,
                    225.0,
                    225.0,
                    225.0,
                    225.0,
                    225.0,
                    225.0
                ],
                "MaxDetonationTime": [
                    0.550000011920929,
                    0.550000011920929,
                    0.550000011920929,
                    0.550000011920929,
                    0.550000011920929,
                    0.550000011920929,
                    0.550000011920929
                ],
                "MinDetonationTime": [
                    0.25,
                    0.25,
                    0.25,
                    0.25,
                    0.25,
                    0.25,
                    0.25
                ]
            }
        },
        "R": {
            "nombre": "VelkozRAbility/VelkozR",
            "cooldown": [
                10.0,
                100.0,
                90.0,
                80.0,
                10.0,
                10.0,
                10.0
            ],
            "costo_mana": [
                100.0,
                100.0,
                100.0,
                0.0,
                0.0,
                0.0
            ],
            "rango": [
                1550.0,
                1550.0,
                1550.0,
                1550.0,
                1550.0,
                1550.0,
                1550.0
            ],
            "daño_base": [
                0.0,
                450.0,
                700.0,
                925.0,
                0.0,
                0.0,
                0.0
            ],
            "escalado_1": 1.25,
            "escalado_2": 0.0,
            "parametros_extra": {
                "PassiveStacksToAddPerTick": [
                    1.0,
                    1.0,
                    1.0,
                    1.0,
                    1.0,
                    1.0,
                    1.0
                ]
            }
        }
    },