{
    "nombre": "Vex",
    "stats_base": {
        "Vida": 590.0,
        "Vida_por_nivel": 104.0,
        "Regen_Vida": 1.2999999523162842,
        "Regen_Vida_por_nivel": 0.11999999731779099,
        "Daño_Ataque": 54.0,
        "Daño_Ataque_por_nivel": 2.75,
        "Armadura": 23.0,
        "Armadura_por_nivel": 4.449999809265137,
        "Resistencia_Magica_por_nivel": 1.2999999523162842,
        "Vel_Movimiento": 335.0,
        "Rango_Ataque": 550.0,
        "Vel_Ataque_base": 0.6690000295639038,
        "Vel_Ataque_ratio": 0.625,
        "Vel_Ataque_por_nivel": 1.0,
        "Mana": 490.0,
        "Mana_por_nivel": 32.0,
        "Regen_Mana": 1.2000000476837158,
        "Regen_Mana_por_nivel": 0.1599999964237213
    },
    "habilidades": {
        "Q": {
            "nombre": "VexQAbility/VexQ",
            "cooldown": [
                8.0,
                8.0,
                7.0,
                6.0,
                5.0,
                4.0,
                4.0
            ],
            "costo_mana": [
                45.0,
                50.0,
                55.0,
                60.0,
                65.0,
                65.0
            ],
            "rango": [
                1200.0,
                1200.0,
                1200.0,
                1200.0,
                1200.0,
                1200.0,
                1200.0
            ],
            "daño_base": [
                25.0,
                70.0,
                115.0,
                160.0,
                205.0,
                250.0,
                295.0
            ],
            "escalado_1": 0.699999988079071,
            "escalado_2": 0.699999988079071
        },
        "W": {
            "nombre": "VexWAbility/VexW",
            "cooldown": [
                17.0,
                16.0,
                15.0,
                14.0,
                13.0,
                12.0,
                11.0
            ],
            "costo_mana": [
                75.0,
                75.0,
                75.0,
                75.0,
                75.0,
                75.0
            ],
            "rango": [
                475.0,
                475.0,
                475.0,
                475.0,
                475.0,
                475.0,
                475.0
            ],
            "daño_base": [
                40.0,
                80.0,
                120.0,
                160.0,
                200.0,
                240.0,
                280.0
            ],
            "escalado_1": 0.30000001192092896,
            "escalado_2": 0.30000001192092896,
            "parametros_extra": {
                "ShieldAmount": [
                    25.0,
                    50.0,
                    75.0,
                    100.0,
                    125.0,
                    150.0,
                    175.0
                ],
                "ShieldDuration": [
                    2.5,
                    2.5,
                    2.5,
                    2.5,
                    2.5,
                    2.5,
                    2.5
                ],
                "AOERadius": [
                    475.0,
                    475.0,
                    475.0,
                    475.0,
                    475.0,
                    475.0,
                    475.0
                ],
                "BonusAOERadiusVsDashes": [
                    75.0,
                    75.0,
                    75.0,
                    75.0,
                    75.0,
                    75.0,
                    75.0
                ]
            }
        },
        "E": {
            "nombre": "VexEAbility/VexE",
            "cooldown": [
                13.0,
                13.0,
                13.0,
                13.0,
                13.0,
                13.0,
                13.0
            ],
            "costo_mana": [
                70.0,
                80.0,
                90.0,
                100.0,
                110.0,
                110.0
            ],
            "rango": [
                800.0,
                800.0,
                800.0,
                800.0,
                800.0,
                800.0,
                800.0
            ],
            "daño_base": [
                30.0,
                50.0,
                70.0,
                90.0,
                110.0,
                130.0,
                150.0
            ],
            "escalado_1": 0.3499999940395355,
            "escalado_2": 0.3499999940395355,
            "parametros_extra": {
                "SlowAmount": [
                    0.25,
                    0.30000001192092896,
                    0.3499999940395355,
                    0.4000000059604645,
                    0.44999998807907104,
                    0.5,
                    0.550000011920929
                ],
                "SlowDuration": [
                    2.0,
                    2.0,
                    2.0,
                    2.0,
                    2.0,
                    2.0,
                    2.0
                ],
                "StartingRadius": [
                    200.0,
                    200.0,
                    200.0,
                    200.0,
                    200.0,
                    200.0,
                    200.0
                ],
                "RadiusGrowthRate": [
                    13.0,
                    13.0,
                    13.0,
                    13.0,
                    13.0,
                    13.0,
                    13.0
                ],
                "MaxRadius": [
                    300.0,
                    300.0,
                    300.0,
                    300.0,
                    300.0,
                    300.0,
                    300.0
                ],
                "GloomCDChampTooltip": [
                    0.25,
                    0.25,
                    0.25,
                    0.25,
                    0.25,
                    0.25,
                    0.25
                ],
                "GloomCDNonChampTooltip": [
                    0.10000000149011612,
                    0.10000000149011612,
                    0.10000000149011612,
                    0.10000000149011612,
                    0.10000000149011612,
                    0.10000000149011612,
                    0.10000000149011612
                ]
            }
        },
        "R": {
            "nombre": "VexRAbility/VexR",
            "cooldown": [
                140.0,
                140.0,
                120.0,
                100.0,
                100.0,
                100.0,
                100.0
            ],
            "costo_mana": [
                100.0,
                100.0,
                100.0,
                100.0,
                100.0,
                100.0
            ],
            "rango": [
                2000.0,
                2000.0,
                2500.0,
                3000.0,
                3000.0,
                3000.0,
                3000.0
            ],
            "daño_base": [
                25.0,
                75.0,
                125.0,
                175.0,
                225.0,
                275.0,
                325.0
            ],
            "escalado_1": 0.0,
            "escalado_2": 0.0,
            "parametros_extra": {
                "R2Duration": [
                    4.0,
                    4.0,
                    4.0,
                    4.0,
                    4.0,
                    4.0,
                    4.0
                ],
                "TakedownWindow": [
                    6.0,
                    6.0,
                    6.0,
                    6.0,
                    6.0,
                    6.0,
                    6.0
                ],