{
    "nombre": "Vi",
    "stats_base": {
        "Vida": 655.0,
        "Vida_por_nivel": 105.0,
        "Regen_Vida": 2.0,
        "Regen_Vida_por_nivel": 0.20000000298023224,
        "Daño_Ataque": 63.0,
        "Daño_Ataque_por_nivel": 3.5,
        "Armadura": 30.0,
        "Armadura_por_nivel": 4.699999809265137,
        "Resistencia_Magica_por_nivel": 2.049999952316284,
        "Vel_Movimiento": 340.0,
        "Rango_Ataque": 125.0,
        "Vel_Ataque_base": 0.6439999938011169,
        "Vel_Ataque_ratio": 0.6439999938011169,
        "Vel_Ataque_por_nivel": 2.0,
        "Mana": 295.0,
        "Mana_por_nivel": 65.0,
        "Regen_Mana": 1.600000023841858,
        "Regen_Mana_por_nivel": 0.12999999523162842
    },
    "habilidades": {
        "Q": {
            "nombre": "ViQAbility/ViQ",
            "cooldown": [
                12.0,
                12.0,
                10.5,
                9.0,
                7.5,
                6.0,
                6.0
            ],
            "costo_mana": [
                50.0,
                60.0,
                70.0,
                80.0,
                90.0,
                80.0
            ],
            "rango": [
                250.0,
                250.0,
                250.0,
                250.0,
                250.0,
                250.0,
                250.0
            ],
            "daño_base": [
                20.0,
                40.0,
                60.0,
                80.0,
                100.0,
                120.0,
                140.0
            ],
            "escalado_1": 0.699999988079071,
            "escalado_2": 0.699999988079071,
            "parametros_extra": {
                "KnockbackDuration": [
                    0.75,
                    0.75,
                    0.75,
                    0.75,
                    0.75,
                    0.75,
                    0.75
                ],
                "MinDashRange": [
                    250.0,
                    250.0,
                    250.0,
                    250.0,
                    250.0,
                    250.0,
                    250.0
                ],
                "ExtraDashRangeAtMaxCharge": [
                    475.0,
                    475.0,
                    475.0,
                    475.0,
                    475.0,
                    475.0,
                    475.0
                ],
                "DashWallCheating": [
                    50.0,
                    50.0,
                    50.0,
                    50.0,
                    50.0,
                    50.0,
                    50.0
                ],
                "CanceledRefundTime": [
                    3.0,
                    3.0,
                    3.0,
                    3.0,
                    3.0,
                    3.0,
                    3.0
                ],
                "ManaRefundPercent": [
                    0.5,
                    0.5,
                    0.5,
                    0.5,
                    0.5,
                    0.5,
                    0.5
                ],
                "SelfSlow": [
                    15.0,
                    15.0,
                    15.0,
                    15.0,
                    15.0,
                    15.0,
                    15.0
                ],
                "ChargeDuration": [
                    6.0,
                    6.0,
                    6.0,
                    6.0,
                    6.0,
                    6.0,
                    6.0
                ],
                "VFXChargeDuration": [
                    5.0,
                    5.0,
                    5.0,
                    5.0,
                    5.0,
                    5.0,
                    5.0
                ]
            }
        },
        "W": {
            "nombre": "ViWAbility/ViW",
            "cooldown": [
                0.0,
                0.0,
                0.0,
                0.0,
                0.0,
                0.0,
                0.0
            ],
            "costo_mana": [],
            "rango": [
                10000.0,
                10000.0,
                10000.0,
                10000.0,
                10000.0,
                10000.0,
                10000.0
            ],
            "daño_base": [
                3.0,
                4.0,
                5.0,
                6.0,
                7.0,
                8.0,
                9.0
            ],
            "escalado_1": 0.05000000074505806,
            "escalado_2": 0.0,
            "parametros_extra": {
                "ADCoefficient": [
                    0.03500000014901161,
                    0.03500000014901161,
                    0.03500000014901161,
                    0.03500000014901161,
                    0.03500000014901161,
                    0.03500000014901161,
                    0.03500000014901161
                ],
                "SharedBuffsDuration": [
                    4.0,
                    4.0,
                    4.0,
                    4.0,
                    4.0,
                    4.0,
                    4.0
                ],
                "AttackSpeed": [
                    25.0,
                    30.0,
                    35.0,
                    40.0,
                    45.0,
                    50.0,
                    55.0
                ],
                "ShredAmount": [
                    20.0,
                    20.0,
                    20.0,
                    20.0,
                    20.0,
                    20.0,
                    20.0
                ],
                "MarkerBuffDuration": [
                    4.0,
                    4.0,
                    4.0,
                    4.0,
                    4.0,
                    4.0,
                    4.0
                ],
                "StacksBeforeEffect": [
                    2.0,
                    2.0,
                    2.0,
                    2.0,
                    2.0,
                    2.0,
                    2.0
                ]
            }
        },
        "E": {
            "nombre": "ViEAbility/ViE",
            "cooldown": [
                1.0,
                1.0,
                1.0,
                1.0,
                1.0,
                1.0,
                1.0
            ],
            "costo_mana": [
                26.0,
                32.0,
                38.0,
                44.0,
                50.0,
                50.0
            ],
            "rango": [],
            "daño_base": [
                -10.0,
                10.0,
                30.0,
                50.0,
                70.0,
                90.0,
                110.0
            ],
            "escalado_1": 1.100000023841858,
            "escalado_2": 0.0,
            "parametros_extra": {
                "BonusRange": [
                    50.0,
                    50.0,
                    50.0,
                    50.0,
                    50.0,
                    50.0,
                    50.0
                ],
                "AttackBuffDuration": [
                    6.0,
                    6.0,
                    6.0,
                    6.0,
                    6.0,
                    6.0,
                    6.0
                ],
                "StaticCooldown": [
                    1.0,
                    1.0,
                    1.0,
                    1.0,
                    1.0,
                    1.0,
                    1.0
                ]
            }
        },
        "R": {
            "nombre": "ViRAbility/ViR",
            "cooldown": [
                140.0,
                140.0,
                115.0,
                90.0,
                90.0,
                90.0,
                90.0
            ],