{
    "nombre": "Viego",
    "stats_base": {
        "Vida": 630.0,
        "Vida_por_nivel": 109.0,
        "Regen_Vida": 1.399999976158142,
        "Regen_Vida_por_nivel": 0.14000000059604645,
        "Daño_Ataque": 57.0,
        "Daño_Ataque_por_nivel": 3.5,
        "Armadura": 34.0,
        "Armadura_por_nivel": 4.599999904632568,
        "Resistencia_Magica_por_nivel": 2.049999952316284,
        "Vel_Movimiento": 345.0,
        "Rango_Ataque": 200.0,
        "Vel_Ataque_base": 0.6579999923706055,
        "Vel_Ataque_ratio": 0.6579999923706055,
        "Vel_Ataque_por_nivel": 2.75,
        "Mana": 10000.0,
        "Regen_Mana": 0.0
    },
    "habilidades": {
        "Q": {
            "nombre": "ViegoQAbility/ViegoQ",
            "cooldown": [
                5.0,
                5.0,
                4.5,
                4.0,
                3.5,
                3.0,
                3.0
            ],
            "costo_mana": [],
            "rango": [
                600.0,
                600.0,
                600.0,
                600.0,
                600.0,
                600.0,
                600.0
            ],
            "daño_base": [
                10.0,
                25.0,
                40.0,
                55.0,
                70.0,
                85.0,
                100.0
            ],
            "escalado_1": 0.699999988079071,
            "escalado_2": 0.15000000596046448,
            "parametros_extra": {
                "ActiveCritMod": [
                    0.6000000238418579,
                    0.6000000238418579,
                    0.6000000238418579,
                    0.6000000238418579,
                    0.6000000238418579,
                    0.6000000238418579,
                    0.6000000238418579
                ],
                "PercentHealthOnHit": [
                    1.0,
                    2.0,
                    3.0,
                    4.0,
                    5.0,
                    6.0,
                    7.0
                ],
                "MonsterCapOnHit": [
                    80.0,
                    80.0,
                    80.0,
                    80.0,
                    80.0,
                    80.0,
                    80.0
                ],
                "RectangleRange": [
                    600.0,
                    600.0,
                    600.0,
                    600.0,
                    600.0,
                    600.0,
                    600.0
                ],
                "RectangleWidth": [
                    125.0,
                    125.0,
                    125.0,
                    125.0,
                    125.0,
                    125.0,
                    125.0
                ],
                "HealModVsMinions": [
                    1.0,
                    1.0,
                    1.0,
                    1.0,
                    1.0,
                    1.0,
                    1.0
                ],
                "HealModVsMonsters": [
                    1.25,
                    1.25,
                    1.25,
                    1.25,
                    1.25,
                    1.25,
                    1.25
                ],
                "HealModVsChamps": [
                    1.5,
                    1.5,
                    1.5,
                    1.5,
                    1.5,
                    1.5,
                    1.5
                ],
                "MarkDuration": [
                    4.0,
                    4.0,
                    4.0,
                    4.0,
                    4.0,
                    4.0,
                    4.0
                ],
                "HealthCritMod": [
                    0.699999988079071,
                    0.699999988079071,
                    0.699999988079071,
                    0.699999988079071,
                    0.699999988079071,
                    0.699999988079071,
                    0.699999988079071
                ]
            }
        },
        "W": {
            "nombre": "ViegoWAbility/ViegoW",
            "cooldown": [
                8.0,
                8.0,
                8.0,
                8.0,
                8.0,
                8.0,
                8.0
            ],
            "costo_mana": [],
            "rango": [],
            "daño_base": [
                25.0,
                80.0,
                135.0,
                190.0,
                245.0,
                300.0,
                355.0
            ],
            "escalado_1": 1.0,
            "escalado_2": 1.0,
            "parametros_extra": {
                "StunMultPercent": [
                    4.0,
                    4.0,
                    4.0,
                    4.0,
                    4.0,
                    4.0,
                    4.0
                ],
                "StunDuration": [
                    0.25,
                    0.25,
                    0.25,
                    0.25,
                    0.25,
                    0.25,
                    0.25
                ],
                "MaxStunTT": [
                    1.25,
                    1.25,
                    1.25,
                    1.25,
                    1.25,
                    1.25,
                    1.25
                ],
                "DashDistance": [
                    300.0,
                    300.0,
                    300.0,
                    300.0,
                    300.0,
                    300.0,
                    300.0
                ],
                "DashSpeed": [
                    1000.0,
                    1000.0,
                    1000.0,
                    1000.0,
                    1000.0,
                    1000.0,
                    1000.0
                ],
                "MinMissileRange": [
                    500.0,
                    500.0,
                    500.0,
                    500.0,
                    500.0,
                    500.0,
                    500.0
                ],
                "MaxBonusMissileRange": [
                    400.0,
                    400.0,
                    400.0,
                    400.0,
                    400.0,
                    400.0,
                    400.0
                ],
                "SelfSlowPercent": [
                    0.10000000149011612,
                    0.10000000149011612,
                    0.10000000149011612,
                    0.10000000149011612,
                    0.10000000149011612,
                    0.10000000149011612,
                    0.10000000149011612
                ],
                "MaxChargeTime": [
                    3.0,
                    3.0,
                    3.0,
                    3.0,
                    3.0,
                    3.0,
                    3.0
                ],
                "CDWheninterrupted": [
                    3.0,
                    3.0,
                    3.0,
                    3.0,
                    3.0,
                    3.0,
                    3.0
                ]
            }
        },
        "E": {
            "nombre": "ViegoEAbility/ViegoE",
            "cooldown": [
                14.0,
                14.0,
                12.0,
                10.0,
                8.0,
                6.0,
                6.0
            ],
            "costo_mana": [],
            "rango": [
                25000.0,
                25000.0,
                25000.0,
                25000.0,
                25000.0,
                25000.0,
                25000.0
            ],
            "daño_base": [],
            "escalado_1": 0.00039999998989515007,
            "escalado_2": 0.00039999998989515007,