{
    "nombre": "Viktor",
    "stats_base": {
        "Vida": 600.0,
        "Vida_por_nivel": 100.0,
        "Regen_Vida": 1.600000023841858,
        "Regen_Vida_por_nivel": 0.12999999523162842,
        "Daño_Ataque": 53.0,
        "Daño_Ataque_por_nivel": 3.0,
        "Armadura": 23.0,
        "Armadura_por_nivel": 4.400000095367432,
        "Resistencia_Magica_por_nivel": 1.2999999523162842,
        "Vel_Movimiento": 335.0,
        "Rango_Ataque": 525.0,
        "Vel_Ataque_base": 0.6579999923706055,
        "Vel_Ataque_ratio": 0.6579999923706055,
        "Vel_Ataque_por_nivel": 2.109999895095825,
        "Mana": 405.0,
        "Mana_por_nivel": 45.0,
        "Regen_Mana": 1.600000023841858,
        "Regen_Mana_por_nivel": 0.1599999964237213
    },
    "habilidades": {
        "Q": {
            "nombre": "ViktorQAbility/ViktorQ",
            "cooldown": [
                9.0,
                9.0,
                8.0,
                7.0,
                6.0,
                5.0,
                5.0
            ],
            "costo_mana": [
                45.0,
                50.0,
                55.0,
                60.0,
                65.0,
                70.0
            ],
            "rango": [
                600.0,
                600.0,
                600.0,
                600.0,
                600.0,
                600.0,
                600.0
            ],
            "daño_base": [
                45.0,
                60.0,
                75.0,
                90.0,
                105.0,
                120.0,
                135.0
            ],
            "escalado_1": 0.4000000059604645,
            "escalado_2": 0.4000000059604645,
            "parametros_extra": {
                "BuffDuration": [
                    2.5,
                    2.5,
                    2.5,
                    2.5,
                    2.5,
                    2.5,
                    2.5
                ],
                "ShieldManaRatio": [
                    0.07999999821186066,
                    0.07999999821186066,
                    0.07999999821186066,
                    0.07999999821186066,
                    0.07999999821186066,
                    0.07999999821186066,
                    0.07999999821186066
                ],
                "AugmentShieldBonus": [
                    1.600000023841858,
                    1.600000023841858,
                    1.600000023841858,
                    1.600000023841858,
                    1.600000023841858,
                    1.600000023841858,
                    1.600000023841858
                ],
                "AugmentMoveSpeedBonus": [
                    30.0,
                    30.0,
                    30.0,
                    30.0,
                    30.0,
                    30.0,
                    30.0
                ]
            }
        },
        "W": {
            "nombre": "ViktorWAbility/ViktorW",
            "cooldown": [
                18.0,
                17.0,
                16.0,
                15.0,
                14.0,
                13.0,
                13.0
            ],
            "costo_mana": [
                65.0,
                65.0,
                65.0,
                65.0,
                65.0,
                65.0
            ],
            "rango": [
                800.0,
                800.0,
                800.0,
                800.0,
                800.0,
                800.0,
                800.0
            ],
            "daño_base": [],
            "escalado_1": 0.0,
            "escalado_2": 0.0,
            "parametros_extra": {
                "SlowPotency": [
                    -30.0,
                    -33.0,
                    -36.0,
                    -39.0,
                    -42.0,
                    -45.0,
                    -48.0
                ],
                "StunDuration": [
                    1.5,
                    1.5,
                    1.5,
                    1.5,
                    1.5,
                    1.5,
                    1.5
                ],
                "FieldDuration": [
                    4.0,
                    4.0,
                    4.0,
                    4.0,
                    4.0,
                    4.0,
                    4.0
                ],
                "StackCadence": [
                    0.5,
                    0.5,
                    0.5,
                    0.5,
                    0.5,
                    0.5,
                    0.5
                ],
                "StacksForStun": [
                    6.0,
                    6.0,
                    6.0,
                    6.0,
                    6.0,
                    6.0,
                    6.0
                ],
                "SlowDuration": [
                    1.0,
                    1.0,
                    1.0,
                    1.0,
                    1.0,
                    1.0,
                    1.0
                ],
                "AugmentSlow": [
                    20.0,
                    20.0,
                    20.0,
                    20.0,
                    20.0,
                    20.0,
                    20.0
                ],
                "Size": [
                    275.0,
                    275.0,
                    275.0,
                    275.0,
                    275.0,
                    275.0,
                    275.0
                ]
            }
        },
        "E": {
            "nombre": "ViktorEAbility/ViktorE",
            "cooldown": [
                12.0,
                12.0,
                11.0,
                10.0,
                9.0,
                8.0,
                8.0
            ],
            "costo_mana": [
                60.0,
                70.0,
                80.0,
                90.0,
                100.0,
                100.0
            ],
            "rango": [
                550.0,
                550.0,
                550.0,
                550.0,
                550.0,
                550.0,
                550.0
            ],
            "daño_base": [
                30.0,
                70.0,
                110.0,
                150.0,
                190.0,
                230.0,
                270.0
            ],
            "escalado_1": 0.6000000238418579,
            "escalado_2": 0.699999988079071,
            "parametros_extra": {
                "LaserRange": [
                    700.0,
                    700.0,
                    700.0,
                    700.0,
                    700.0,
                    700.0,
                    700.0
                ],
                "Delay": [
                    1.0,
                    1.0,
                    1.0,
                    1.0,
                    1.0,
                    1.0,
                    1.0
                ],
                "AftershockMinionMulti": [
                    0.5,
                    0.5,
                    0.5,
                    0.5,
                    0.5,
                    0.5,
                    0.5
                ]
            }
        },
        "R": {
            "nombre": "ViktorRAbility/ViktorR",
            "cooldown": [
                0.0,
                120.0,
                100.0,
                80.0,
                0.0,
                0.0,
                0.0
            ],
            "costo_mana": [
                100.0,
                100.0,
                100.0,
                100.0,
                100.0,
                100.0
            ],
            "rango": [
                700.0,
                700.0,
                700.0,
                700.0,
                700.0,
                700.0,
                700.0
            ],