{
    "nombre": "Vladimir",
    "stats_base": {
        "Vida": 600.0,
        "Vida_por_nivel": 110.0,
        "Regen_Vida": 1.399999976158142,
        "Regen_Vida_por_nivel": 0.11999999731779099,
        "Daño_Ataque": 55.0,
        "Daño_Ataque_por_nivel": 3.0,
        "Armadura": 24.0,
        "Armadura_por_nivel": 4.5,
        "Resistencia_Magica_por_nivel": 1.2999999523162842,
        "Vel_Movimiento": 330.0,
        "Rango_Ataque": 450.0,
        "Vel_Ataque_base": 0.6579999923706055,
        "Vel_Ataque_ratio": 0.6579999923706055,
        "Vel_Ataque_por_nivel": 2.0,
        "Mana": 2.0,
        "Regen_Mana": 0.0
    },
    "habilidades": {
        "Q": {
            "nombre": "VladimirQAbility/VladimirQ",
            "cooldown": [
                10.100000381469727,
                9.0,
                7.900000095367432,
                6.800000190734863,
                5.699999809265137,
                4.599999904632568,
                3.5
            ],
            "costo_mana": [],
            "rango": [
                600.0,
                600.0,
                600.0,
                600.0,
                600.0,
                600.0,
                600.0
            ],
            "daño_base": [
                60.0,
                80.0,
                100.0,
                120.0,
                140.0,
                160.0,
                180.0
            ],
            "escalado_1": 0.6000000238418579,
            "escalado_2": 0.3499999940395355
        },
        "W": {
            "nombre": "VladimirSanguinePoolAbility/VladimirSanguinePool",
            "cooldown": [
                31.0,
                28.0,
                25.0,
                22.0,
                19.0,
                16.0,
                16.0
            ],
            "costo_mana": [],
            "rango": [
                1050.0,
                1050.0,
                1050.0,
                1050.0,
                1050.0,
                1050.0,
                1050.0
            ],
            "daño_base": [
                25.0,
                80.0,
                135.0,
                190.0,
                245.0,
                300.0,
                355.0
            ],
            "escalado_1": 0.0,
            "escalado_2": 0.0,
            "parametros_extra": {
                "MinionHealingMod": [
                    0.6000000238418579,
                    0.6000000238418579,
                    0.6000000238418579,
                    0.6000000238418579,
                    0.6000000238418579,
                    0.6000000238418579,
                    0.6000000238418579
                ],
                "HealthCost": [
                    0.15000000596046448,
                    0.15000000596046448,
                    0.15000000596046448,
                    0.15000000596046448,
                    0.15000000596046448,
                    0.15000000596046448,
                    0.15000000596046448
                ],
                "BonusHealthRatio": [
                    0.15000000596046448,
                    0.15000000596046448,
                    0.15000000596046448,
                    0.15000000596046448,
                    0.15000000596046448,
                    0.15000000596046448,
                    0.15000000596046448
                ],
                "MoveSpeedMod": [
                    -0.4000000059604645,
                    -0.4000000059604645,
                    -0.4000000059604645,
                    -0.4000000059604645,
                    -0.4000000059604645,
                    -0.4000000059604645,
                    -0.4000000059604645
                ],
                "VampPercent": [
                    0.30000001192092896,
                    0.30000001192092896,
                    0.30000001192092896,
                    0.30000001192092896,
                    0.30000001192092896,
                    0.30000001192092896,
                    0.30000001192092896
                ],
                "HasteBoost": [
                    0.375,
                    0.375,
                    0.375,
                    0.375,
                    0.375,
                    0.375,
                    0.375
                ],
                "HasteDuration": [
                    1.0,
                    1.0,
                    1.0,
                    1.0,
                    1.0,
                    1.0,
                    1.0
                ]
            }
        },
        "E": {
            "nombre": "VladimirEAbility/VladimirE",
            "cooldown": [
                15.0,
                13.0,
                11.0,
                9.0,
                7.0,
                5.0,
                5.0
            ],
            "costo_mana": [],
            "rango": [
                550.0,
                550.0,
                550.0,
                550.0,
                550.0,
                550.0,
                550.0
            ],
            "daño_base": [],
            "escalado_1": 0.3499999940395355,
            "escalado_2": 0.800000011920929,
            "parametros_extra": {
                "SlowPercent": [
                    35.0,
                    40.0,
                    45.0,
                    50.0,
                    55.0,
                    60.0,
                    65.0
                ]
            }
        },
        "R": {
            "nombre": "VladimirHemoplagueAbility/VladimirHemoplague",
            "cooldown": [
                120.0,
                120.0,
                120.0,
                120.0,
                120.0,
                120.0,
                120.0
            ],
            "costo_mana": [],
            "rango": [
                625.0,
                625.0,
                625.0,
                625.0,
                625.0,
                625.0,
                700.0
            ],
            "daño_base": [
                150.0,
                150.0,
                250.0,
                350.0,
                0.0,
                0.0,
                0.0
            ],
            "escalado_1": 0.699999988079071,
            "escalado_2": 0.0
        }
    },
    "pasiva": {
        "nombre": "VladimirBloodGorgedAbility",
        "descripcion": "game_buff_tooltip_VladimirBloodGorged"
    }
}