{
    "nombre": "Volibear",
    "stats_base": {
        "Vida": 650.0,
        "Vida_por_nivel": 104.0,
        "Regen_Vida": 1.7999999523162842,
        "Regen_Vida_por_nivel": 0.15000000596046448,
        "Daño_Ataque": 65.0,
        "Daño_Ataque_por_nivel": 3.5,
        "Armadura": 35.0,
        "Armadura_por_nivel": 5.199999809265137,
        "Resistencia_Magica_por_nivel": 2.049999952316284,
        "Vel_Movimiento": 340.0,
        "Rango_Ataque": 150.0,
        "Vel_Ataque_base": 0.625,
        "Vel_Ataque_ratio": 0.699999988079071,
        "Vel_Ataque_por_nivel": 2.0,
        "Mana": 350.0,
        "Mana_por_nivel": 70.0,
        "Regen_Mana": 1.25,
        "Regen_Mana_por_nivel": 0.10000000149011612
    },
    "habilidades": {
        "Q": {
            "nombre": "VolibearQAbility/VolibearQ",
            "cooldown": [
                0.0,
                14.0,
                13.0,
                12.0,
                11.0,
                10.0,
                10.0
            ],
            "costo_mana": [
                50.0,
                50.0,
                50.0,
                50.0,
                50.0,
                50.0
            ],
            "rango": [
                300.0,
                300.0,
                300.0,
                300.0,
                300.0,
                300.0,
                300.0
            ],
            "daño_base": [
                0.0,
                10.0,
                20.0,
                30.0,
                40.0,
                50.0,
                60.0
            ],
            "escalado_1": 1.0,
            "escalado_2": 0.0,
            "parametros_extra": {
                "MinSpeed": [
                    0.08500000089406967,
                    0.11999999731779099,
                    0.1550000011920929,
                    0.1899999976158142,
                    0.22499999403953552,
                    0.25999999046325684,
                    0.29499998688697815
                ],
                "MaxSpeed": [
                    0.17000000178813934,
                    0.23999999463558197,
                    0.3100000023841858,
                    0.3799999952316284,
                    0.44999998807907104,
                    0.5199999809265137,
                    0.5899999737739563
                ],
                "Duration": [
                    4.0,
                    4.0,
                    4.0,
                    4.0,
                    4.0,
                    4.0,
                    4.0
                ],
                "StunDuration": [
                    1.0,
                    1.0,
                    1.0,
                    1.0,
                    1.0,
                    1.0,
                    1.0
                ],
                "BonusRange": [
                    25.0,
                    25.0,
                    25.0,
                    25.0,
                    25.0,
                    25.0,
                    25.0
                ]
            }
        },
        "W": {
            "nombre": "VolibearWAbility/VolibearW",
            "cooldown": [
                5.0,
                5.0,
                5.0,
                5.0,
                5.0,
                5.0,
                5.0
            ],
            "costo_mana": [
                20.0,
                25.0,
                30.0,
                35.0,
                40.0,
                40.0
            ],
            "rango": [
                325.0,
                325.0,
                325.0,
                325.0,
                325.0,
                325.0,
                325.0
            ],
            "daño_base": [
                -20.0,
                5.0,
                30.0,
                55.0,
                80.0,
                105.0,
                130.0
            ],
            "escalado_1": 1.0,
            "escalado_2": 0.0,
            "parametros_extra": {
                "HealPercent": [
                    0.05000000074505806,
                    0.07999999821186066,
                    0.10999999940395355,
                    0.14000000059604645,
                    0.17000000178813934,
                    0.20000000298023224,
                    0.23000000417232513
                ],
                "BonusHealthRatio": [
                    0.05999999865889549,
                    0.05999999865889549,
                    0.05999999865889549,
                    0.05999999865889549,
                    0.05999999865889549,
                    0.05999999865889549,
                    0.05999999865889549
                ],
                "MarkDuration": [
                    8.0,
                    8.0,
                    8.0,
                    8.0,
                    8.0,
                    8.0,
                    8.0
                ],
                "BaseHeal": [
                    5.0,
                    20.0,
                    35.0,
                    50.0,
                    65.0,
                    80.0,
                    95.0
                ],
                "MinionAndMonsterMod": [
                    0.5,
                    0.5,
                    0.5,
                    0.5,
                    0.5,
                    0.5,
                    0.5
                ]
            }
        },
        "E": {
            "nombre": "VolibearEAbility/VolibearE",
            "cooldown": [
                16.0,
                16.0,
                16.0,
                16.0,
                16.0,
                16.0,
                16.0
            ],
            "costo_mana": [
                50.0,
                50.0,
                50.0,
                50.0,
                50.0,
                50.0
            ],
            "rango": [
                1200.0,
                1200.0,
                1200.0,
                1200.0,
                1200.0,
                1200.0,
                1200.0
            ],
            "daño_base": [
                50.0,
                80.0,
                110.0,
                140.0,
                170.0,
                200.0,
                230.0
            ],
            "escalado_1": 0.699999988079071,
            "escalado_2": 0.699999988079071,
            "parametros_extra": {
                "SlowAmount": [
                    0.4000000059604645,
                    0.4000000059604645,
                    0.4000000059604645,
                    0.4000000059604645,
                    0.4000000059604645,
                    0.4000000059604645,
                    0.4000000059604645
                ],
                "ShieldAmount": [
                    0.14000000059604645,
                    0.14000000059604645,
                    0.14000000059604645,
                    0.14000000059604645,
                    0.14000000059604645,
                    0.14000000059604645,
                    0.14000000059604645
                ],
                "ShieldDuration": [
                    3.0,
                    3.0,
                    3.0,
                    3.0,
                    3.0,
                    3.0,
                    3.0
                ],
                "SlowDuration": [
                    2.0,
                    2.0,
                    2.0,
                    2.0,
                    2.0,
                    2.0,
                    2.0
                ]
            }
        },
        "R": {
            "nombre": "VolibearRAbility/VolibearR",
            "cooldown": [
                160.0,
                160.0,
                135.0,
                110.0,
                110.0,
                110.0,
                110.0
            ],
            "costo_mana": [
                100.0,
                100.0,
                100.0,
                100.0,
                100.0,
                100.0
            ],