{
    "nombre": "Warwick",
    "stats_base": {
        "Vida": 620.0,
        "Vida_por_nivel": 99.0,
        "Regen_Vida": 0.800000011920929,
        "Regen_Vida_por_nivel": 0.15000000596046448,
        "Daño_Ataque": 65.0,
        "Daño_Ataque_por_nivel": 2.5,
        "Armadura": 33.0,
        "Armadura_por_nivel": 4.400000095367432,
        "Resistencia_Magica_por_nivel": 2.049999952316284,
        "Vel_Movimiento": 335.0,
        "Rango_Ataque": 125.0,
        "Vel_Ataque_base": 0.6380000114440918,
        "Vel_Ataque_ratio": 0.6380000114440918,
        "Vel_Ataque_por_nivel": 2.0,
        "Mana": 280.0,
        "Mana_por_nivel": 35.0,
        "Regen_Mana": 1.4900000095367432,
        "Regen_Mana_por_nivel": 0.11999999731779099
    },
    "habilidades": {
        "Q": {
            "nombre": "WarwickQAbility/WarwickQ",
            "cooldown": [
                8.0,
                8.0,
                7.5,
                7.0,
                6.5,
                6.0,
                6.0
            ],
            "costo_mana": [
                80.0,
                85.0,
                90.0,
                95.0,
                100.0,
                100.0
            ],
            "rango": [
                365.0,
                365.0,
                365.0,
                365.0,
                365.0,
                365.0,
                365.0
            ],
            "daño_base": [
                5.0,
                6.0,
                7.0,
                8.0,
                9.0,
                10.0,
                11.0
            ],
            "escalado_1": 1.2000000476837158,
            "escalado_2": 1.0
        },
        "W": {
            "nombre": "WarwickWAbility/WarwickW",
            "cooldown": [
                80.0,
                80.0,
                70.0,
                60.0,
                50.0,
                40.0,
                40.0
            ],
            "costo_mana": [
                55.0,
                55.0,
                55.0,
                55.0,
                55.0,
                55.0
            ],
            "rango": [
                3000.0,
                3000.0,
                3000.0,
                3000.0,
                3000.0,
                3000.0,
                3000.0
            ],
            "daño_base": [
                27.5,
                35.0,
                42.5,
                50.0,
                57.5,
                65.0,
                72.5
            ],
            "escalado_1": 0.75,
            "escalado_2": 0.0,
            "parametros_extra": {
                "PassiveASBonus": [
                    60.0,
                    70.0,
                    80.0,
                    90.0,
                    100.0,
                    110.0,
                    120.0
                ],
                "Duration": [
                    8.0,
                    8.0,
                    8.0,
                    8.0,
                    8.0,
                    8.0,
                    8.0
                ],
                "MoveSpeedBonus": [
                    10.0,
                    15.0,
                    20.0,
                    25.0,
                    30.0,
                    35.0,
                    40.0
                ],
                "PassiveMSBonus": [
                    27.5,
                    35.0,
                    42.5,
                    50.0,
                    57.5,
                    65.0,
                    72.5
                ],
                "NoTargetCDReduction": [
                    0.699999988079071,
                    0.699999988079071,
                    0.699999988079071,
                    0.699999988079071,
                    0.699999988079071,
                    0.699999988079071,
                    0.699999988079071
                ],
                "PassiveASDuration": [
                    1.25,
                    1.25,
                    1.25,
                    1.25,
                    1.25,
                    1.25,
                    1.25
                ],
                "FirstHPThreshold": [
                    0.5,
                    0.5,
                    0.5,
                    0.5,
                    0.5,
                    0.5,
                    0.5
                ],
                "SecondHPThreshold": [
                    0.25,
                    0.25,
                    0.25,
                    0.25,
                    0.25,
                    0.25,
                    0.25
                ]
            }
        },
        "E": {
            "nombre": "WarwickEAbility/WarwickE",
            "cooldown": [
                16.0,
                15.0,
                14.0,
                13.0,
                12.0,
                11.0,
                11.0
            ],
            "costo_mana": [
                40.0,
                40.0,
                40.0,
                40.0,
                40.0,
                40.0
            ],
            "rango": [
                375.0,
                375.0,
                375.0,
                375.0,
                375.0,
                375.0,
                375.0
            ],
            "daño_base": [
                30.0,
                35.0,
                40.0,
                45.0,
                50.0,
                55.0,
                60.0
            ],
            "escalado_1": 1.0,
            "escalado_2": 0.5,
            "parametros_extra": {
                "CherryNegaHaste": [
                    -20.0,
                    -20.0,
                    -20.0,
                    -20.0,
                    -20.0,
                    -20.0,
                    -20.0
                ]
            }
        },
        "R": {
            "nombre": "WarwickRAbility/WarwickR",
            "cooldown": [
                110.0,
                110.0,
                90.0,
                70.0,
                70.0,
                70.0,
                70.0
            ],
            "costo_mana": [
                100.0,
                100.0,
                100.0,
                100.0,
                100.0,
                100.0
            ],
            "rango": [
                25000.0,
                25000.0,
                25000.0,
                25000.0,
                25000.0,
                25000.0,
                25000.0
            ],
            "daño_base": [
                0.0,
                175.0,
                350.0,
                525.0,
                700.0,
                875.0,
                1050.0
            ],
            "escalado_1": 0.0,
            "escalado_2": 0.0,
            "parametros_extra": {
                "RDuration": [
                    1.5,
                    1.5,
                    1.5,
                    1.5,
                    1.5,
                    1.5,
                    1.5
                ]
            }
        }
    },
    "pasiva": {
        "nombre": "WarwickPAbility",
        "descripcion": "game_buff_tooltip_WarwickP"
    }
}