{
    "nombre": "Xayah",
    "stats_base": {
        "Vida": 630.0,
        "Vida_por_nivel": 107.0,
        "Regen_Vida": 0.6499999761581421,
        "Regen_Vida_por_nivel": 0.15000000596046448,
        "Daño_Ataque": 60.0,
        "Daño_Ataque_por_nivel": 3.5,
        "Armadura": 25.0,
        "Armadura_por_nivel": 4.199999809265137,
        "Resistencia_Magica_por_nivel": 1.2999999523162842,
        "Vel_Movimiento": 330.0,
        "Rango_Ataque": 525.0,
        "Vel_Ataque_base": 0.6579999923706055,
        "Vel_Ataque_ratio": 0.6579999923706055,
        "Vel_Ataque_por_nivel": 3.9000000953674316,
        "Mana": 340.0,
        "Mana_por_nivel": 40.0,
        "Regen_Mana": 1.649999976158142,
        "Regen_Mana_por_nivel": 0.1599999964237213
    },
    "habilidades": {
        "Q": {
            "nombre": "XayahQAbility/XayahQ",
            "cooldown": [
                10.0,
                10.0,
                9.5,
                9.0,
                8.5,
                8.0,
                6.0
            ],
            "costo_mana": [
                35.0,
                35.0,
                35.0,
                35.0,
                35.0,
                35.0
            ],
            "rango": [
                1100.0,
                1100.0,
                1100.0,
                1100.0,
                1100.0,
                1100.0,
                1100.0
            ],
            "daño_base": [
                30.0,
                45.0,
                60.0,
                75.0,
                90.0,
                105.0,
                120.0
            ],
            "escalado_1": 0.5,
            "escalado_2": 0.5,
            "parametros_extra": {
                "MultiHitRatio": [
                    0.5,
                    0.5,
                    0.5,
                    0.5,
                    0.5,
                    0.5,
                    0.5
                ],
                "StartingCastTime": [
                    0.25,
                    0.25,
                    0.25,
                    0.25,
                    0.25,
                    0.25,
                    0.25
                ],
                "MinCastTime": [
                    0.0,
                    0.10000000149011612,
                    0.10000000149011612,
                    0.10000000149011612,
                    0.10000000149011612,
                    0.10000000149011612,
                    0.10000000149011612
                ],
                "ASpeedCastTimeScalarPerHundrethSecond": [
                    0.0,
                    0.07000000029802322,
                    0.07000000029802322,
                    0.07000000029802322,
                    0.07000000029802322,
                    0.07000000029802322,
                    0.07000000029802322
                ]
            }
        },
        "W": {
            "nombre": "XayahWAbility/XayahW",
            "cooldown": [
                20.0,
                18.0,
                17.0,
                16.0,
                15.0,
                14.0,
                14.0
            ],
            "costo_mana": [
                60.0,
                55.0,
                50.0,
                45.0,
                40.0,
                35.0
            ],
            "rango": [
                1000.0,
                1000.0,
                1000.0,
                1000.0,
                1000.0,
                1000.0,
                1000.0
            ],
            "daño_base": [
                30.0,
                35.0,
                40.0,
                45.0,
                50.0,
                55.0,
                60.0
            ],
            "escalado_1": 0.0,
            "escalado_2": 0.0
        },
        "E": {
            "nombre": "XayahEAbility/XayahE",
            "cooldown": [
                12.0,
                12.0,
                11.0,
                10.0,
                9.0,
                8.0,
                7.0
            ],
            "costo_mana": [
                20.0,
                20.0,
                20.0,
                20.0,
                20.0,
                20.0
            ],
            "rango": [
                2000.0,
                2000.0,
                2000.0,
                2000.0,
                2000.0,
                2000.0,
                2000.0
            ],
            "daño_base": [
                35.0,
                50.0,
                65.0,
                80.0,
                95.0,
                110.0,
                125.0
            ],
            "escalado_1": 0.6000000238418579,
            "escalado_2": 0.0,
            "parametros_extra": {
                "CritRatio": [
                    0.5,
                    0.5,
                    0.5,
                    0.5,
                    0.5,
                    0.5,
                    0.5
                ],
                "FeatherFalloff": [
                    0.05000000074505806,
                    0.05000000074505806,
                    0.05000000074505806,
                    0.05000000074505806,
                    0.05000000074505806,
                    0.05000000074505806,
                    0.05000000074505806
                ],
                "MinionMultiplier": [
                    0.5,
                    0.5,
                    0.5,
                    0.5,
                    0.5,
                    0.5,
                    0.5
                ],
                "FeatherThreshold": [
                    3.0,
                    3.0,
                    3.0,
                    3.0,
                    3.0,
                    3.0,
                    3.0
                ],
                "RootDuration": [
                    1.25,
                    1.25,
                    1.25,
                    1.25,
                    1.25,
                    1.25,
                    1.25
                ],
                "FeatherReturnDelay": [
                    0.25,
                    0.25,
                    0.25,
                    0.25,
                    0.25,
                    0.25,
                    0.25
                ]
            }
        },
        "R": {
            "nombre": "XayahRAbility/XayahR",
            "cooldown": [
                160.0,
                140.0,
                120.0,
                100.0,
                100.0,
                100.0,
                100.0
            ],
            "costo_mana": [
                100.0,
                100.0,
                100.0,
                100.0,
                100.0,
                100.0
            ],
            "rango": [
                25000.0,
                25000.0,
                25000.0,
                25000.0,
                25000.0,
                25000.0,
                25000.0
            ],
            "daño_base": [
                100.0,
                200.0,
                300.0,
                400.0,
                500.0,
                600.0,
                700.0
            ],
            "escalado_1": 1.0,
            "escalado_2": 0.0,
            "parametros_extra": {
                "RAttackDelay": [
                    1.0,
                    1.0,
                    1.0,
                    1.0,
                    1.0,
                    1.0,
                    1.0
                ],
                "RUntargetable": [
                    1.25,
                    1.25,
                    1.25,
                    1.25,
                    1.25,
                    1.25,
                    1.25
                ]
            }
        }
    },
    "pasiva": {
        "nombre": "XayahPassiveAbility",
        "descripcion": "game_buff_tooltip_XayahPassive"
    }
}