{
    "nombre": "Xerath",
    "stats_base": {
        "Vida": 596.0,
        "Vida_por_nivel": 106.0,
        "Regen_Vida": 1.100000023841858,
        "Regen_Vida_por_nivel": 0.10999999940395355,
        "Daño_Ataque": 55.0,
        "Daño_Ataque_por_nivel": 3.0,
        "Armadura": 22.0,
        "Armadura_por_nivel": 4.699999809265137,
        "Resistencia_Magica_por_nivel": 1.2999999523162842,
        "Vel_Movimiento": 340.0,
        "Rango_Ataque": 525.0,
        "Vel_Ataque_base": 0.6579999923706055,
        "Vel_Ataque_ratio": 0.625,
        "Vel_Ataque_por_nivel": 1.3600000143051147,
        "Mana": 400.0,
        "Mana_por_nivel": 22.0,
        "Regen_Mana": 1.3700000047683716,
        "Regen_Mana_por_nivel": 0.1599999964237213
    },
    "habilidades": {
        "Q": {
            "nombre": "XerathArcanopulseChargeUpAbility/XerathArcanopulseChargeUp",
            "cooldown": [
                10.0,
                9.0,
                8.0,
                7.0,
                6.0,
                5.0,
                5.0
            ],
            "costo_mana": [
                80.0,
                90.0,
                100.0,
                110.0,
                120.0,
                120.0
            ],
            "rango": [
                750.0,
                750.0,
                750.0,
                750.0,
                750.0,
                750.0,
                750.0
            ],
            "daño_base": [
                35.0,
                75.0,
                115.0,
                155.0,
                195.0,
                235.0,
                275.0
            ],
            "escalado_1": 0.8999999761581421,
            "escalado_2": 0.0
        },
        "W": {
            "nombre": "XerathArcaneBarrage2Ability/XerathArcaneBarrage2",
            "cooldown": [
                15.0,
                14.0,
                13.0,
                12.0,
                11.0,
                10.0,
                9.0
            ],
            "costo_mana": [
                80.0,
                90.0,
                100.0,
                110.0,
                120.0,
                120.0
            ],
            "rango": [
                1000.0,
                1000.0,
                1000.0,
                1000.0,
                1000.0,
                1000.0,
                1000.0
            ],
            "daño_base": [
                15.0,
                50.0,
                85.0,
                120.0,
                155.0,
                190.0,
                225.0
            ],
            "escalado_1": 0.0,
            "escalado_2": 0.0,
            "parametros_extra": {
                "SweetSpotMultiplier": [
                    1.6670000553131104,
                    1.6670000553131104,
                    1.6670000553131104,
                    1.6670000553131104,
                    1.6670000553131104,
                    1.6670000553131104,
                    1.6670000553131104
                ],
                "SlowAmount": [
                    0.25,
                    0.25,
                    0.25,
                    0.25,
                    0.25,
                    0.25,
                    0.25
                ],
                "SweetSpotSlowAmount": [
                    0.550000011920929,
                    0.6000000238418579,
                    0.6499999761581421,
                    0.699999988079071,
                    0.75,
                    0.800000011920929,
                    0.8500000238418579
                ],
                "MultiplicativeSlowDecayRate": [
                    0.800000011920929,
                    0.800000011920929,
                    0.800000011920929,
                    0.800000011920929,
                    0.800000011920929,
                    0.800000011920929,
                    0.800000011920929
                ],
                "SlowDuration": [
                    2.5,
                    2.5,
                    2.5,
                    2.5,
                    2.5,
                    2.5,
                    2.5
                ]
            }
        },
        "E": {
            "nombre": "XerathMageSpearAbility/XerathMageSpear",
            "cooldown": [
                13.5,
                13.0,
                12.5,
                12.0,
                11.5,
                11.0,
                11.0
            ],
            "costo_mana": [
                60.0,
                65.0,
                70.0,
                75.0,
                80.0,
                85.0
            ],
            "rango": [
                25000.0,
                25000.0,
                25000.0,
                25000.0,
                25000.0,
                25000.0,
                25000.0
            ],
            "daño_base": [
                50.0,
                70.0,
                100.0,
                130.0,
                160.0,
                190.0,
                230.0
            ],
            "escalado_1": 0.44999998807907104,
            "escalado_2": 0.25,
            "parametros_extra": {
                "MinStunDuration": [
                    0.75,
                    0.75,
                    0.75,
                    0.75,
                    0.75,
                    0.75,
                    0.75
                ],
                "MaxStunDuration": [
                    2.25,
                    2.25,
                    2.25,
                    2.25,
                    2.25,
                    2.25,
                    2.25
                ]
            }
        },
        "R": {
            "nombre": "XerathLocusOfPower2Ability/XerathLocusOfPower2",
            "cooldown": [
                130.0,
                130.0,
                115.0,
                100.0,
                130.0,
                130.0,
                130.0
            ],
            "costo_mana": [
                100.0,
                100.0,
                100.0,
                0.0,
                0.0,
                0.0
            ],
            "rango": [
                5000.0,
                5000.0,
                5000.0,
                5000.0,
                5000.0,
                5000.0,
                5000.0
            ],
            "daño_base": [
                10.0,
                10.0,
                10.0,
                10.0,
                0.0,
                0.0,
                0.0
            ],
            "escalado_1": 0.44999998807907104,
            "escalado_2": 0.0
        }
    },
    "pasiva": {
        "nombre": "XerathAscended2Ability",
        "descripcion": "game_buff_tooltip_XerathAscended"
    }
}