{
    "nombre": "XinZhao",
    "stats_base": {
        "Vida": 620.0,
        "Vida_por_nivel": 106.0,
        "Regen_Vida": 1.600000023841858,
        "Regen_Vida_por_nivel": 0.14000000059604645,
        "Daño_Ataque": 63.0,
        "Daño_Ataque_por_nivel": 3.0,
        "Armadura": 35.0,
        "Armadura_por_nivel": 4.400000095367432,
        "Resistencia_Magica_por_nivel": 2.049999952316284,
        "Vel_Movimiento": 345.0,
        "Rango_Ataque": 175.0,
        "Vel_Ataque_base": 0.6449999809265137,
        "Vel_Ataque_ratio": 0.6449999809265137,
        "Vel_Ataque_por_nivel": 3.5,
        "Mana": 274.0,
        "Mana_por_nivel": 55.0,
        "Regen_Mana": 1.4500000476837158,
        "Regen_Mana_por_nivel": 0.09000000357627869
    },
    "habilidades": {
        "Q": {
            "nombre": "XinZhaoQAbility/XinZhaoQ",
            "cooldown": [
                7.0,
                7.0,
                6.5,
                6.0,
                5.5,
                5.0,
                5.0
            ],
            "costo_mana": [
                30.0,
                30.0,
                30.0,
                30.0,
                30.0,
                30.0
            ],
            "rango": [
                375.0,
                375.0,
                375.0,
                375.0,
                375.0,
                375.0,
                375.0
            ],
            "daño_base": [
                15.0,
                15.0,
                30.0,
                45.0,
                60.0,
                75.0,
                75.0
            ],
            "escalado_1": 0.4000000059604645,
            "escalado_2": 0.0
        },
        "W": {
            "nombre": "XinZhaoWAbility/XinZhaoW",
            "cooldown": [
                12.0,
                12.0,
                11.0,
                10.0,
                9.0,
                8.0,
                7.0
            ],
            "costo_mana": [
                60.0,
                55.0,
                50.0,
                45.0,
                40.0,
                40.0
            ],
            "rango": [
                1000.0,
                1000.0,
                1000.0,
                1000.0,
                1000.0,
                1000.0,
                1000.0
            ],
            "daño_base": [
                20.0,
                30.0,
                40.0,
                50.0,
                60.0,
                70.0,
                80.0
            ],
            "escalado_1": 0.0,
            "escalado_2": 0.0,
            "parametros_extra": {
                "CritChanceAmp": [
                    0.3330000042915344,
                    0.3330000042915344,
                    0.3330000042915344,
                    0.3330000042915344,
                    0.3330000042915344,
                    0.3330000042915344,
                    0.3330000042915344
                ],
                "MarkDuration": [
                    3.0,
                    3.0,
                    3.0,
                    3.0,
                    3.0,
                    3.0,
                    3.0
                ],
                "HitNum": [
                    4.0,
                    4.0,
                    4.0,
                    4.0,
                    4.0,
                    4.0,
                    4.0
                ],
                "DelayTime": [
                    0.05000000074505806,
                    0.05000000074505806,
                    0.05000000074505806,
                    0.05000000074505806,
                    0.05000000074505806,
                    0.05000000074505806,
                    0.05000000074505806
                ],
                "BaseSlowDuration": [
                    1.5,
                    1.5,
                    1.5,
                    1.5,
                    1.5,
                    1.5,
                    1.5
                ]
            }
        },
        "E": {
            "nombre": "XinZhaoEAbility/XinZhaoE",
            "cooldown": [
                11.0,
                11.0,
                11.0,
                11.0,
                11.0,
                11.0,
                11.0
            ],
            "costo_mana": [
                50.0,
                50.0,
                50.0,
                50.0,
                50.0,
                50.0
            ],
            "rango": [
                650.0,
                650.0,
                650.0,
                650.0,
                650.0,
                650.0,
                650.0
            ],
            "daño_base": [
                25.0,
                50.0,
                75.0,
                100.0,
                125.0,
                150.0,
                175.0
            ],
            "escalado_1": 1.2000000476837158,
            "escalado_2": 1.2000000476837158,
            "parametros_extra": {
                "ASMod": [
                    0.3799999952316284,
                    0.3799999952316284,
                    0.46000000834465027,
                    0.5400000214576721,
                    0.6200000047683716,
                    0.699999988079071,
                    0.7799999713897705
                ],
                "ASDuration": [
                    5.0,
                    5.0,
                    5.0,
                    5.0,
                    5.0,
                    5.0,
                    5.0
                ],
                "SlowDuration": [
                    0.5,
                    0.5,
                    0.5,
                    0.5,
                    0.5,
                    0.5,
                    0.5
                ],
                "SlowAmount": [
                    30.0,
                    30.0,
                    30.0,
                    30.0,
                    30.0,
                    30.0,
                    30.0
                ],
                "APToASRatio": [
                    0.0010000000474974513,
                    0.0010000000474974513,
                    0.0010000000474974513,
                    0.0010000000474974513,
                    0.0010000000474974513,
                    0.0010000000474974513,
                    0.0010000000474974513
                ],
                "PermanentASToASRatio": [
                    5.0,
                    5.0,
                    5.0,
                    5.0,
                    5.0,
                    5.0,
                    5.0
                ],
                "AoERadius": [
                    250.0,
                    250.0,
                    250.0,
                    250.0,
                    250.0,
                    250.0,
                    250.0
                ]
            }
        },
        "R": {
            "nombre": "XinZhaoRAbility/XinZhaoR",
            "cooldown": [
                120.0,
                120.0,
                110.0,
                100.0,
                100.0,
                100.0,
                100.0
            ],
            "costo_mana": [
                100.0,
                100.0,
                100.0,
                100.0,
                100.0,
                100.0
            ],
            "rango": [
                500.0,
                500.0,
                500.0,
                500.0,
                500.0,
                500.0,
                500.0
            ],
            "daño_base": [
                -25.0,
                75.0,
                175.0,
                275.0,
                375.0,
                475.0,
                575.0
            ],
            "escalado_1": 1.0,
            "escalado_2": 0.0,
            "parametros_extra": {
                "MissileDefenseBaseDuration": [
                    4.0,
                    4.0,
                    4.0,
                    4.0,
                    4.0,
                    4.0,
                    4.0
                ],