{
    "nombre": "Yasuo",
    "stats_base": {
        "Vida": 590.0,
        "Vida_por_nivel": 110.0,
        "Regen_Vida": 1.2999999523162842,
        "Regen_Vida_por_nivel": 0.18000000715255737,
        "Daño_Ataque": 60.0,
        "Daño_Ataque_por_nivel": 2.5,
        "Armadura": 32.0,
        "Armadura_por_nivel": 4.599999904632568,
        "Resistencia_Magica_por_nivel": 2.049999952316284,
        "Vel_Movimiento": 345.0,
        "Rango_Ataque": 175.0,
        "Vel_Ataque_base": 0.6970000267028809,
        "Vel_Ataque_ratio": 0.6700000166893005,
        "Vel_Ataque_por_nivel": 3.5,
        "Regen_Mana": 0.0
    },
    "habilidades": {
        "Q": {
            "nombre": "YasuoQ1WrapperAbility/YasuoQ1Wrapper",
            "cooldown": [
                4.0,
                4.0,
                4.0,
                4.0,
                4.0,
                4.0,
                4.0
            ],
            "costo_mana": [],
            "rango": [
                25000.0,
                25000.0,
                25000.0,
                25000.0,
                25000.0,
                25000.0,
                25000.0
            ],
            "daño_base": [
                -5.0,
                20.0,
                45.0,
                70.0,
                95.0,
                120.0,
                145.0
            ],
            "escalado_1": 1.0499999523162842,
            "escalado_2": 0.0,
            "parametros_extra": {
                "StabRange": [
                    450.0,
                    450.0,
                    450.0,
                    450.0,
                    450.0,
                    450.0,
                    450.0
                ],
                "TornadoRange": [
                    1100.0,
                    1100.0,
                    1100.0,
                    1100.0,
                    1100.0,
                    1100.0,
                    1100.0
                ],
                "Cooldown": [
                    4.0,
                    4.0,
                    4.0,
                    4.0,
                    4.0,
                    4.0,
                    4.0
                ],
                "StabWidth": [
                    80.0,
                    80.0,
                    80.0,
                    80.0,
                    80.0,
                    80.0,
                    80.0
                ],
                "SpinWidth": [
                    260.0,
                    260.0,
                    260.0,
                    260.0,
                    260.0,
                    260.0,
                    260.0
                ],
                "GatheringStormDuration": [
                    6.0,
                    6.0,
                    6.0,
                    6.0,
                    6.0,
                    6.0,
                    6.0
                ],
                "KnockUpDurationTOOLTIPONLY": [
                    1.0,
                    1.0,
                    1.0,
                    1.0,
                    1.0,
                    1.0,
                    1.0
                ]
            }
        },
        "W": {
            "nombre": "YasuoWAbility/YasuoW",
            "cooldown": [
                27.0,
                25.0,
                23.0,
                21.0,
                19.0,
                17.0,
                15.0
            ],
            "costo_mana": [],
            "rango": [
                5000.0,
                5000.0,
                5000.0,
                5000.0,
                5000.0,
                5000.0,
                5000.0
            ],
            "daño_base": [
                10.0,
                15.0,
                20.0,
                25.0,
                30.0,
                35.0,
                40.0
            ],
            "escalado_1": 0.0,
            "escalado_2": 0.0,
            "parametros_extra": {
                "WallLife": [
                    4.0,
                    4.0,
                    4.0,
                    4.0,
                    4.0,
                    4.0,
                    4.0
                ],
                "Width": [
                    250.0,
                    320.0,
                    390.0,
                    460.0,
                    530.0,
                    600.0,
                    670.0
                ],
                "TravelRange": [
                    450.0,
                    450.0,
                    450.0,
                    450.0,
                    450.0,
                    450.0,
                    450.0
                ],
                "BubbleRadius": [
                    300.0,
                    300.0,
                    300.0,
                    300.0,
                    300.0,
                    300.0,
                    300.0
                ],
                "Thickness": [
                    100.0,
                    100.0,
                    100.0,
                    100.0,
                    100.0,
                    100.0,
                    100.0
                ]
            }
        },
        "E": {
            "nombre": "YasuoEAbility/YasuoE",
            "cooldown": [
                0.5,
                0.5,
                0.4000000059604645,
                0.30000001192092896,
                0.20000000298023224,
                0.10000000149011612,
                0.10000000149011612
            ],
            "costo_mana": [],
            "rango": [
                475.0,
                475.0,
                475.0,
                475.0,
                475.0,
                475.0,
                475.0
            ],
            "daño_base": [
                55.0,
                70.0,
                85.0,
                100.0,
                115.0,
                130.0,
                145.0
            ],
            "escalado_1": 0.20000000298023224,
            "escalado_2": 0.6000000238418579,
            "parametros_extra": {
                "MaxStacks": [
                    4.0,
                    4.0,
                    4.0,
                    4.0,
                    4.0,
                    4.0,
                    4.0
                ],
                "StackDuration": [
                    5.0,
                    5.0,
                    5.0,
                    5.0,
                    5.0,
                    5.0,
                    5.0
                ]
            }
        },
        "R": {
            "nombre": "YasuoRAbility/YasuoR",
            "cooldown": [
                105.0,
                70.0,
                50.0,
                30.0,
                30.0,
                30.0,
                30.0
            ],
            "costo_mana": [],
            "rango": [
                1400.0,
                1400.0,
                1400.0,
                1400.0,
                1400.0,
                1400.0,
                1400.0
            ],
            "daño_base": [
                50.0,
                200.0,
                350.0,
                500.0,
                650.0,
                800.0,
                950.0
            ],
            "escalado_1": 0.0,
            "escalado_2": 0.0,
            "parametros_extra": {
                "RPercentArmorPen": [
                    60.0,
                    60.0,
                    60.0,
                    60.0,
                    60.0,
                    60.0,
                    60.0
                ],
                "RBuffDuration": [
                    15.0,
                    15.0,
                    15.0,
                    15.0,
                    15.0,
                    15.0,
                    15.0
                ],
                "RKnockupDuration": [
                    1.0,
                    1.0,
                    1.0,
                    1.0,
                    1.0,
                    1.0,
                    1.0
                ],