{
    "nombre": "Yone",
    "stats_base": {
        "Vida": 620.0,
        "Vida_por_nivel": 105.0,
        "Regen_Vida": 1.5,
        "Regen_Vida_por_nivel": 0.15000000596046448,
        "Daño_Ataque": 62.0,
        "Daño_Ataque_por_nivel": 2.0,
        "Armadura": 33.0,
        "Armadura_por_nivel": 4.599999904632568,
        "Resistencia_Magica_por_nivel": 2.049999952316284,
        "Vel_Movimiento": 345.0,
        "Rango_Ataque": 175.0,
        "Vel_Ataque_base": 0.625,
        "Vel_Ataque_ratio": 0.625,
        "Vel_Ataque_por_nivel": 3.5,
        "Mana": 500.0,
        "Regen_Mana": 0.0
    },
    "habilidades": {
        "Q": {
            "nombre": "YoneQAbility/YoneQ",
            "cooldown": [
                4.0,
                4.0,
                4.0,
                4.0,
                4.0,
                4.0,
                4.0
            ],
            "costo_mana": [],
            "rango": [
                450.0,
                450.0,
                450.0,
                450.0,
                450.0,
                450.0,
                450.0
            ],
            "daño_base": [
                0.0,
                25.0,
                50.0,
                75.0,
                100.0,
                125.0,
                150.0
            ],
            "escalado_1": 1.0,
            "escalado_2": 0.0,
            "parametros_extra": {
                "Width": [
                    80.0,
                    80.0,
                    80.0,
                    80.0,
                    80.0,
                    80.0,
                    80.0
                ],
                "BuffDuration": [
                    6.0,
                    6.0,
                    6.0,
                    6.0,
                    6.0,
                    6.0,
                    6.0
                ],
                "Q3MaxDistance": [
                    450.0,
                    450.0,
                    450.0,
                    450.0,
                    450.0,
                    450.0,
                    450.0
                ],
                "Q3MinDistance": [
                    450.0,
                    450.0,
                    450.0,
                    450.0,
                    450.0,
                    450.0,
                    450.0
                ],
                "Q3DashSpeed": [
                    1500.0,
                    1500.0,
                    1500.0,
                    1500.0,
                    1500.0,
                    1500.0,
                    1500.0
                ],
                "Q3AoESize": [
                    100.0,
                    100.0,
                    100.0,
                    100.0,
                    100.0,
                    100.0,
                    100.0
                ],
                "QAttackSpeedCDPercent": [
                    0.6000000238418579,
                    0.6000000238418579,
                    0.6000000238418579,
                    0.6000000238418579,
                    0.6000000238418579,
                    0.6000000238418579,
                    0.6000000238418579
                ],
                "QAttackSpeedCDMax": [
                    0.666670024394989,
                    0.666670024394989,
                    0.666670024394989,
                    0.666670024394989,
                    0.666670024394989,
                    0.666670024394989,
                    0.666670024394989
                ],
                "QAttackSpeedCastReductionPercent": [
                    0.4166699945926666,
                    0.4166699945926666,
                    0.4166699945926666,
                    0.4166699945926666,
                    0.4166699945926666,
                    0.4166699945926666,
                    0.4166699945926666
                ],
                "QAttackSpeedCastReductionMax": [
                    0.5,
                    0.5,
                    0.5,
                    0.5,
                    0.5,
                    0.5,
                    0.5
                ],
                "QBaseCastTime": [
                    0.3499999940395355,
                    0.3499999940395355,
                    0.3499999940395355,
                    0.3499999940395355,
                    0.3499999940395355,
                    0.3499999940395355,
                    0.3499999940395355
                ],
                "Q3KnockupHeight": [
                    0.5,
                    0.5,
                    0.5,
                    0.5,
                    0.5,
                    0.5,
                    0.5
                ],
                "Q3KnockupDuration": [
                    0.75,
                    0.75,
                    0.75,
                    0.75,
                    0.75,
                    0.75,
                    0.75
                ]
            }
        },
        "W": {
            "nombre": "YoneWAbility/YoneW",
            "cooldown": [
                14.0,
                14.0,
                14.0,
                14.0,
                14.0,
                14.0,
                14.0
            ],
            "costo_mana": [],
            "rango": [
                700.0,
                700.0,
                700.0,
                700.0,
                700.0,
                700.0,
                700.0
            ],
            "daño_base": [
                0.0,
                10.0,
                20.0,
                30.0,
                40.0,
                50.0,
                60.0
            ],
            "escalado_1": 0.6499999761581421,
            "escalado_2": 0.0,
            "parametros_extra": {
                "MinionMod": [
                    0.25,
                    0.25,
                    0.25,
                    0.25,
                    0.25,
                    0.25,
                    0.25
                ],
                "HealthStealMultiplier": [
                    1.0,
                    1.0,
                    1.0,
                    1.0,
                    1.0,
                    1.0,
                    1.0
                ],
                "ConeWidth": [
                    40.0,
                    40.0,
                    40.0,
                    40.0,
                    40.0,
                    40.0,
                    40.0
                ],
                "WAttackSpeedCDPercent": [
                    0.6000000238418579,
                    0.6000000238418579,
                    0.6000000238418579,
                    0.6000000238418579,
                    0.6000000238418579,
                    0.6000000238418579,
                    0.6000000238418579
                ],
                "WAttackSpeedCDMax": [
                    0.5714200139045715,
                    0.5714200139045715,
                    0.5714200139045715,
                    0.5714200139045715,
                    0.5714200139045715,
                    0.5714200139045715,
                    0.5714200139045715
                ],
                "WAttackSpeedCastReductionPercent": [
                    0.4166699945926666,
                    0.4166699945926666,
                    0.4166699945926666,
                    0.4166699945926666,
                    0.4166699945926666,
                    0.4166699945926666,
                    0.4166699945926666
                ],
                "WAttackSpeedCastReductionMax": [
                    0.5,
                    0.5,
                    0.5,
                    0.5,
                    0.5,
                    0.5,
                    0.5
                ],
                "WBaseCastTime": [
                    0.5,
                    0.5,
                    0.5,
                    0.5,
                    0.5,
                    0.5,
                    0.5
                ],