{
    "nombre": "Yorick",
    "stats_base": {
        "Vida": 650.0,
        "Vida_por_nivel": 114.0,
        "Regen_Vida": 1.600000023841858,
        "Regen_Vida_por_nivel": 0.1599999964237213,
        "Daño_Ataque": 62.0,
        "Daño_Ataque_por_nivel": 5.0,
        "Armadura": 36.0,
        "Armadura_por_nivel": 4.5,
        "Resistencia_Magica_por_nivel": 2.049999952316284,
        "Vel_Movimiento": 340.0,
        "Rango_Ataque": 175.0,
        "Vel_Ataque_base": 0.625,
        "Vel_Ataque_ratio": 0.625,
        "Vel_Ataque_por_nivel": 2.0,
        "Mana": 300.0,
        "Mana_por_nivel": 60.0,
        "Regen_Mana": 1.5,
        "Regen_Mana_por_nivel": 0.15000000596046448
    },
    "habilidades": {
        "Q": {
            "nombre": "YorickQAbility/YorickQ",
            "cooldown": [
                6.0,
                6.0,
                5.5,
                5.0,
                4.5,
                4.0,
                3.5
            ],
            "costo_mana": [
                20.0,
                20.0,
                20.0,
                20.0,
                20.0,
                20.0
            ],
            "rango": [
                0.0,
                0.0,
                0.0,
                0.0,
                0.0,
                0.0,
                0.0
            ],
            "daño_base": [
                10.0,
                30.0,
                50.0,
                70.0,
                90.0,
                110.0,
                130.0
            ],
            "escalado_1": 0.0,
            "escalado_2": 0.0,
            "parametros_extra": {
                "CherryGhoulPassiveSpawnRate": [
                    8.0,
                    8.0,
                    8.0,
                    8.0,
                    8.0,
                    8.0,
                    8.0
                ],
                "MissingHealthRatio": [
                    5.0,
                    6.0,
                    7.0,
                    8.0,
                    9.0,
                    10.0,
                    11.0
                ],
                "BuffDuration": [
                    5.0,
                    5.0,
                    5.0,
                    5.0,
                    5.0,
                    5.0,
                    5.0
                ],
                "HealReduction": [
                    50.0,
                    50.0,
                    50.0,
                    50.0,
                    50.0,
                    50.0,
                    50.0
                ]
            }
        },
        "W": {
            "nombre": "YorickWAbility/YorickW",
            "cooldown": [
                22.0,
                20.0,
                18.0,
                16.0,
                14.0,
                12.0,
                12.0
            ],
            "costo_mana": [
                70.0,
                70.0,
                70.0,
                70.0,
                70.0,
                70.0
            ],
            "rango": [
                600.0,
                600.0,
                600.0,
                600.0,
                600.0,
                600.0,
                600.0
            ],
            "daño_base": [],
            "escalado_1": 0.0,
            "escalado_2": 0.0,
            "parametros_extra": {
                "CircleDuration": [
                    4.0,
                    4.0,
                    4.0,
                    4.0,
                    4.0,
                    4.0,
                    4.0
                ],
                "GhoulNumber": [
                    18.0,
                    18.0,
                    18.0,
                    18.0,
                    18.0,
                    18.0,
                    18.0
                ],
                "Delay": [
                    0.75,
                    0.75,
                    0.75,
                    0.75,
                    0.75,
                    0.75,
                    0.75
                ],
                "HPBonus": [
                    0.0,
                    0.0,
                    0.0,
                    1.0,
                    1.0,
                    2.0,
                    2.0
                ],
                "WallHealthTooltip": [
                    2.0,
                    2.0,
                    2.0,
                    3.0,
                    3.0,
                    4.0,
                    4.0
                ]
            }
        },
        "E": {
            "nombre": "YorickEAbility/YorickE",
            "cooldown": [
                13.0,
                12.0,
                11.0,
                10.0,
                9.0,
                8.0,
                8.0
            ],
            "costo_mana": [
                50.0,
                55.0,
                60.0,
                65.0,
                70.0,
                75.0
            ],
            "rango": [
                700.0,
                700.0,
                700.0,
                700.0,
                700.0,
                700.0,
                700.0
            ],
            "daño_base": [
                5.5,
                6.0,
                6.5,
                7.0,
                7.5,
                8.0,
                8.5
            ],
            "escalado_1": 0.029999999329447746,
            "escalado_2": 0.029999999329447746,
            "parametros_extra": {
                "SlowAmount": [
                    0.30000001192092896,
                    0.30000001192092896,
                    0.30000001192092896,
                    0.30000001192092896,
                    0.30000001192092896,
                    0.30000001192092896,
                    0.30000001192092896
                ],
                "SlowDuration": [
                    1.5,
                    1.5,
                    1.5,
                    1.5,
                    1.5,
                    1.5,
                    1.5
                ],
                "MarkDuration": [
                    4.0,
                    4.0,
                    4.0,
                    4.0,
                    4.0,
                    4.0,
                    4.0
                ],
                "MarkRange": [
                    1500.0,
                    1500.0,
                    1500.0,
                    1500.0,
                    1500.0,
                    1500.0,
                    1500.0
                ],
                "ArmorShred": [
                    0.10000000149011612,
                    0.12999999523162842,
                    0.1599999964237213,
                    0.1899999976158142,
                    0.2199999988079071,
                    0.25,
                    0.2800000011920929
                ],
                "HasteAmount": [
                    0.15000000596046448,
                    0.18000000715255737,
                    0.20999999344348907,
                    0.23999999463558197,
                    0.27000001072883606,
                    0.30000001192092896,
                    0.33000001311302185
                ]
            }
        },
        "R": {
            "nombre": "YorickRAbility/YorickR",
            "cooldown": [
                160.0,
                160.0,
                130.0,
                100.0,
                100.0,
                100.0,
                100.0
            ],
            "costo_mana": [
                100.0,
                100.0,
                100.0,
                100.0,
                100.0,
                100.0
            ],
            "rango": [
                600.0,
                600.0,
                600.0,
                600.0,
                600.0,
                600.0,
                600.0
            ],
            "daño_base": [
                1.5,
                2.0,
                2.5,
                3.0,
                3.5,
                4.0,
                4.5
            ],