{
    "nombre": "Yunara",
    "stats_base": {
        "Vida": 590.0,
        "Vida_por_nivel": 110.0,
        "Regen_Vida": 0.800000011920929,
        "Regen_Vida_por_nivel": 0.10999999940395355,
        "Daño_Ataque": 55.0,
        "Daño_Ataque_por_nivel": 2.5,
        "Armadura": 25.0,
        "Armadura_por_nivel": 4.400000095367432,
        "Resistencia_Magica_por_nivel": 1.2999999523162842,
        "Vel_Movimiento": 325.0,
        "Rango_Ataque": 575.0,
        "Vel_Ataque_base": 0.6499999761581421,
        "Vel_Ataque_ratio": 0.6499999761581421,
        "Vel_Ataque_por_nivel": 2.0,
        "Mana": 275.0,
        "Mana_por_nivel": 45.0,
        "Regen_Mana": 1.5,
        "Regen_Mana_por_nivel": 0.15000000596046448
    },
    "habilidades": {
        "Q": {
            "nombre": "YunaraQAbility/YunaraQ",
            "cooldown": [
                0.0,
                0.0,
                0.0,
                0.0,
                0.0,
                0.0,
                0.0
            ],
            "costo_mana": [
                30.0,
                30.0,
                30.0,
                30.0,
                30.0,
                30.0
            ],
            "rango": [
                0.0,
                0.0,
                0.0,
                0.0,
                0.0,
                0.0,
                0.0
            ],
            "daño_base": [
                0.0,
                5.0,
                10.0,
                15.0,
                20.0,
                25.0,
                30.0
            ],
            "escalado_1": 0.0,
            "escalado_2": 0.0,
            "parametros_extra": {
                "Resource_Max": [
                    8.0,
                    8.0,
                    8.0,
                    8.0,
                    8.0,
                    8.0,
                    8.0
                ],
                "Resource_Champion": [
                    2.0,
                    2.0,
                    2.0,
                    2.0,
                    2.0,
                    2.0,
                    2.0
                ],
                "Resource_Nonchampion": [
                    1.0,
                    1.0,
                    1.0,
                    1.0,
                    1.0,
                    1.0,
                    1.0
                ],
                "Resource_Loss": [
                    1.0,
                    1.0,
                    1.0,
                    1.0,
                    1.0,
                    1.0,
                    1.0
                ],
                "Resource_Loss_Interval": [
                    0.5,
                    0.5,
                    0.5,
                    0.5,
                    0.5,
                    0.5,
                    0.5
                ],
                "Resource_Duration": [
                    6.0,
                    6.0,
                    6.0,
                    6.0,
                    6.0,
                    6.0,
                    6.0
                ],
                "Buff_Duration": [
                    5.0,
                    5.0,
                    5.0,
                    5.0,
                    5.0,
                    5.0,
                    5.0
                ],
                "Spread_Radius": [
                    300.0,
                    300.0,
                    300.0,
                    300.0,
                    300.0,
                    300.0,
                    300.0
                ],
                "Spread_AD_Ratio": [
                    0.30000001192092896,
                    0.30000001192092896,
                    0.30000001192092896,
                    0.30000001192092896,
                    0.30000001192092896,
                    0.30000001192092896,
                    0.30000001192092896
                ],
                "Spread_Lifesteal_Efficacy": [
                    1.0,
                    1.0,
                    1.0,
                    1.0,
                    1.0,
                    1.0,
                    1.0
                ],
                "Spread_Onhit_Efficacy": [
                    0.30000001192092896,
                    0.30000001192092896,
                    0.30000001192092896,
                    0.30000001192092896,
                    0.30000001192092896,
                    0.30000001192092896,
                    0.30000001192092896
                ],
                "Attack_Speed": [
                    0.10000000149011612,
                    0.20000000298023224,
                    0.30000001192092896,
                    0.4000000059604645,
                    0.5,
                    0.6000000238418579,
                    0.699999988079071
                ]
            }
        },
        "W": {
            "nombre": "YunaraWAbility/YunaraW",
            "cooldown": [],
            "costo_mana": [
                60.0,
                60.0,
                60.0,
                60.0,
                60.0,
                60.0
            ],
            "rango": [
                1150.0,
                1150.0,
                1150.0,
                1150.0,
                1150.0,
                1150.0,
                1150.0
            ],
            "daño_base": [
                15.0,
                55.0,
                95.0,
                135.0,
                175.0,
                215.0,
                255.0
            ],
            "escalado_1": 0.8500000238418579,
            "escalado_2": 0.5,
            "parametros_extra": {
                "Cast_Time_Base": [
                    0.44999998807907104,
                    0.44999998807907104,
                    0.44999998807907104,
                    0.44999998807907104,
                    0.44999998807907104,
                    0.44999998807907104,
                    0.44999998807907104
                ],
                "Cast_Time_Min": [
                    0.22499999403953552,
                    0.22499999403953552,
                    0.22499999403953552,
                    0.22499999403953552,
                    0.22499999403953552,
                    0.22499999403953552,
                    0.22499999403953552
                ],
                "Cast_Time_Attack_Speed_Cap": [
                    100.0,
                    100.0,
                    100.0,
                    100.0,
                    100.0,
                    100.0,
                    100.0
                ],
                "Cast_Time_Base_Empowered": [
                    0.6000000238418579,
                    0.6000000238418579,
                    0.6000000238418579,
                    0.6000000238418579,
                    0.6000000238418579,
                    0.6000000238418579,
                    0.6000000238418579
                ],
                "Cast_Time_Min_Empowered": [
                    0.44999998807907104,
                    0.44999998807907104,
                    0.44999998807907104,
                    0.44999998807907104,
                    0.44999998807907104,
                    0.44999998807907104,
                    0.44999998807907104
                ],
                "Cast_Time_Attack_Speed_Cap_Empowered": [
                    100.0,
                    100.0,
                    100.0,
                    100.0,
                    100.0,
                    100.0,
                    100.0
                ],
                "Linger_Duration": [
                    1.0,
                    1.0,
                    1.0,
                    1.0,
                    1.0,
                    1.0,
                    1.0
                ],