{
    "nombre": "Yuumi",
    "stats_base": {
        "Vida": 500.0,
        "Vida_por_nivel": 69.0,
        "Regen_Vida_por_nivel": 0.10999999940395355,
        "Daño_Ataque": 49.0,
        "Daño_Ataque_por_nivel": 3.0999999046325684,
        "Armadura": 25.0,
        "Armadura_por_nivel": 4.199999809265137,
        "Resistencia_Magica_por_nivel": 1.100000023841858,
        "Vel_Movimiento": 330.0,
        "Rango_Ataque": 425.0,
        "Vel_Ataque_base": 0.625,
        "Vel_Ataque_ratio": 0.625,
        "Vel_Ataque_por_nivel": 1.0,
        "Mana": 440.0,
        "Mana_por_nivel": 45.0,
        "Regen_Mana": 2.0,
        "Regen_Mana_por_nivel": 0.07999999821186066
    },
    "habilidades": {
        "Q": {
            "nombre": "YuumiQAbility/YuumiQ",
            "cooldown": [
                6.5,
                6.5,
                6.5,
                6.5,
                6.5,
                6.5,
                6.5
            ],
            "costo_mana": [
                50.0,
                55.0,
                60.0,
                65.0,
                70.0,
                75.0
            ],
            "rango": [
                25000.0,
                25000.0,
                25000.0,
                25000.0,
                25000.0,
                25000.0,
                25000.0
            ],
            "daño_base": [
                25.0,
                60.0,
                95.0,
                130.0,
                165.0,
                200.0,
                235.0
            ],
            "escalado_1": 0.20000000298023224,
            "escalado_2": 0.20000000298023224,
            "parametros_extra": {
                "SlowAmount": [
                    20.0,
                    20.0,
                    20.0,
                    20.0,
                    20.0,
                    20.0,
                    20.0
                ],
                "SlowDuration": [
                    1.0,
                    1.0,
                    1.0,
                    1.0,
                    1.0,
                    1.0,
                    1.0
                ],
                "TimeToAfterburners": [
                    1.350000023841858,
                    1.350000023841858,
                    1.350000023841858,
                    1.350000023841858,
                    1.350000023841858,
                    1.350000023841858,
                    1.350000023841858
                ],
                "MissileLifetime": [
                    1.850000023841858,
                    1.850000023841858,
                    1.850000023841858,
                    1.850000023841858,
                    1.850000023841858,
                    1.850000023841858,
                    1.850000023841858
                ],
                "StartingSpeed": [
                    650.0,
                    650.0,
                    650.0,
                    650.0,
                    650.0,
                    650.0,
                    650.0
                ],
                "AfterburnerSpeed": [
                    950.0,
                    950.0,
                    950.0,
                    950.0,
                    950.0,
                    950.0,
                    950.0
                ],
                "InitialTimeDelay": [
                    0.20000000298023224,
                    0.20000000298023224,
                    0.20000000298023224,
                    0.20000000298023224,
                    0.20000000298023224,
                    0.20000000298023224,
                    0.20000000298023224
                ],
                "MissileStartingOffset": [
                    75.0,
                    75.0,
                    75.0,
                    75.0,
                    75.0,
                    75.0,
                    75.0
                ],
                "EmpoweredSlowAmount": [
                    47.0,
                    50.0,
                    53.0,
                    56.0,
                    59.0,
                    62.0,
                    65.0
                ],
                "EmpoweredSlowDuration": [
                    2.0,
                    2.0,
                    2.0,
                    2.0,
                    2.0,
                    2.0,
                    2.0
                ],
                "OnHitBase": [
                    8.0,
                    10.0,
                    12.0,
                    14.0,
                    16.0,
                    18.0,
                    20.0
                ],
                "AllyCritChanceMaxAmp": [
                    0.75,
                    0.75,
                    0.75,
                    0.75,
                    0.75,
                    0.75,
                    0.75
                ],
                "BuffDuration": [
                    5.0,
                    5.0,
                    5.0,
                    5.0,
                    5.0,
                    5.0,
                    5.0
                ]
            }
        },
        "W": {
            "nombre": "YuumiWAbility/YuumiW",
            "cooldown": [
                0.0,
                0.0,
                0.0,
                0.0,
                0.0,
                0.0,
                0.0
            ],
            "costo_mana": [],
            "rango": [
                25000.0,
                25000.0,
                25000.0,
                25000.0,
                25000.0,
                25000.0,
                25000.0
            ],
            "daño_base": [],
            "escalado_1": 0.0,
            "escalado_2": 0.0,
            "parametros_extra": {
                "DashSpeed": [
                    1250.0,
                    1300.0,
                    1350.0,
                    1400.0,
                    1450.0,
                    1500.0,
                    1550.0
                ],
                "CastForgivenessRange": [
                    200.0,
                    200.0,
                    200.0,
                    200.0,
                    200.0,
                    200.0,
                    200.0
                ],
                "CastRange": [
                    700.0,
                    700.0,
                    700.0,
                    700.0,
                    700.0,
                    700.0,
                    700.0
                ],
                "MaxBonusHealShieldPower": [
                    0.15000000596046448,
                    0.15000000596046448,
                    0.15000000596046448,
                    0.15000000596046448,
                    0.15000000596046448,
                    0.15000000596046448,
                    0.15000000596046448
                ],
                "BaseHealthOnHit": [
                    2.0,
                    3.0,
                    4.0,
                    5.0,
                    6.0,
                    7.0,
                    8.0
                ],
                "HealAndShieldPower": [
                    0.029999999329447746,
                    0.03999999910593033,
                    0.05000000074505806,
                    0.05999999865889549,
                    0.07000000029802322,
                    0.07999999821186066,
                    0.09000000357627869
                ],
                "MinBonusHealShieldPower": [
                    0.05000000074505806,
                    0.05000000074505806,
                    0.05000000074505806,
                    0.05000000074505806,
                    0.05000000074505806,
                    0.05000000074505806,
                    0.05000000074505806
                ]
            }
        },
        "E": {
            "nombre": "YuumiEAbility/YuumiE",
            "cooldown": [],
            "costo_mana": [
                80.0,
                90.0,
                100.0,
                110.0,
                120.0,
                130.0
            ],