{
    "nombre": "Zaahen",
    "stats_base": {
        "Vida": 640.0,
        "Vida_por_nivel": 114.0,
        "Regen_Vida": 1.5,
        "Regen_Vida_por_nivel": 0.1599999964237213,
        "Daño_Ataque": 63.0,
        "Daño_Ataque_por_nivel": 4.0,
        "Armadura": 36.0,
        "Armadura_por_nivel": 5.0,
        "Resistencia_Magica_por_nivel": 2.049999952316284,
        "Vel_Movimiento": 345.0,
        "Rango_Ataque": 175.0,
        "Vel_Ataque_base": 0.625,
        "Vel_Ataque_ratio": 0.625,
        "Vel_Ataque_por_nivel": 2.5,
        "Mana": 350.0,
        "Mana_por_nivel": 55.0,
        "Regen_Mana": 1.6299999952316284,
        "Regen_Mana_por_nivel": 0.15000000596046448
    },
    "habilidades": {
        "Q": {
            "nombre": "ZaahenQAbility/ZaahenQ",
            "cooldown": [
                10.0,
                10.0,
                9.0,
                8.0,
                7.0,
                6.0,
                5.0
            ],
            "costo_mana": [
                25.0,
                25.0,
                25.0,
                25.0,
                25.0,
                25.0
            ],
            "rango": [
                25000.0,
                25000.0,
                25000.0,
                25000.0,
                25000.0,
                25000.0,
                25000.0
            ],
            "daño_base": [
                0.0,
                15.0,
                30.0,
                45.0,
                60.0,
                75.0,
                90.0
            ],
            "escalado_1": 0.0,
            "escalado_2": 0.0,
            "parametros_extra": {
                "KnockUpDuration": [
                    0.75,
                    0.75,
                    0.75,
                    0.75,
                    0.75,
                    0.75,
                    0.75
                ],
                "RecastWindow": [
                    4.0,
                    4.0,
                    4.0,
                    4.0,
                    4.0,
                    4.0,
                    4.0
                ],
                "TimeBetweenAttacks": [
                    1.5,
                    1.5,
                    1.5,
                    1.5,
                    1.5,
                    1.5,
                    1.5
                ],
                "HealPercent": [
                    0.03999999910593033,
                    0.05000000074505806,
                    0.05999999865889549,
                    0.07000000029802322,
                    0.07999999821186066,
                    0.09000000357627869,
                    0.10000000149011612
                ],
                "MinionHealPercent": [
                    0.5,
                    0.5,
                    0.5,
                    0.5,
                    0.5,
                    0.5,
                    0.5
                ],
                "QBonusRange": [
                    25.0,
                    25.0,
                    25.0,
                    25.0,
                    25.0,
                    25.0,
                    25.0
                ],
                "QCoeff": [
                    0.15000000596046448,
                    0.20000000298023224,
                    0.25,
                    0.30000001192092896,
                    0.3499999940395355,
                    0.4000000059604645,
                    0.44999998807907104
                ]
            }
        },
        "W": {
            "nombre": "ZaahenWAbility/ZaahenW",
            "cooldown": [
                16.0,
                16.0,
                15.0,
                14.0,
                13.0,
                12.0,
                11.0
            ],
            "costo_mana": [
                50.0,
                50.0,
                50.0,
                50.0,
                50.0,
                50.0
            ],
            "rango": [
                850.0,
                850.0,
                850.0,
                850.0,
                850.0,
                850.0,
                850.0
            ],
            "daño_base": [
                20.0,
                40.0,
                60.0,
                80.0,
                100.0,
                120.0,
                140.0
            ],
            "escalado_1": 0.0,
            "escalado_2": 0.0,
            "parametros_extra": {
                "MaximumPullDistance": [
                    225.0,
                    225.0,
                    225.0,
                    225.0,
                    225.0,
                    225.0,
                    225.0
                ],
                "PullSpeed": [
                    900.0,
                    900.0,
                    900.0,
                    900.0,
                    900.0,
                    900.0,
                    900.0
                ]
            }
        },
        "E": {
            "nombre": "ZaahenEAbility/ZaahenE",
            "cooldown": [
                10.0,
                10.0,
                9.5,
                9.0,
                8.5,
                8.0,
                8.0
            ],
            "costo_mana": [
                40.0,
                40.0,
                40.0,
                40.0,
                40.0,
                40.0
            ],
            "rango": [
                25000.0,
                25000.0,
                25000.0,
                25000.0,
                25000.0,
                25000.0,
                25000.0
            ],
            "daño_base": [
                20.0,
                40.0,
                60.0,
                80.0,
                100.0,
                120.0,
                140.0
            ],
            "escalado_1": 0.0,
            "escalado_2": 0.0,
            "parametros_extra": {
                "DashDistance": [
                    350.0,
                    350.0,
                    350.0,
                    350.0,
                    350.0,
                    350.0,
                    350.0
                ],
                "DashSpeed": [
                    900.0,
                    900.0,
                    900.0,
                    900.0,
                    900.0,
                    900.0,
                    900.0
                ],
                "MaximumRadius": [
                    375.0,
                    375.0,
                    375.0,
                    375.0,
                    375.0,
                    375.0,
                    375.0
                ],
                "MinimumRadius": [
                    200.0,
                    200.0,
                    200.0,
                    200.0,
                    200.0,
                    200.0,
                    200.0
                ]
            }
        },
        "R": {
            "nombre": "ZaahenRAbility/ZaahenR",
            "cooldown": [
                110.0,
                110.0,
                95.0,
                80.0,
                65.0,
                60.0,
                20.0
            ],
            "costo_mana": [
                100.0,
                100.0,
                100.0,
                100.0,
                100.0,
                100.0
            ],
            "rango": [
                600.0,
                600.0,
                600.0,
                600.0,
                600.0,
                600.0,
                600.0
            ],
            "daño_base": [
                100.0,
                250.0,
                400.0,
                550.0,
                700.0,
                850.0,
                1000.0
            ],
            "escalado_1": 0.0,
            "escalado_2": 0.0,