{
    "nombre": "Zac",
    "stats_base": {
        "Vida": 685.0,
        "Vida_por_nivel": 109.0,
        "Regen_Vida_por_nivel": 0.10000000149011612,
        "Daño_Ataque": 60.0,
        "Daño_Ataque_por_nivel": 3.4000000953674316,
        "Armadura": 33.0,
        "Armadura_por_nivel": 4.699999809265137,
        "Resistencia_Magica_por_nivel": 2.049999952316284,
        "Vel_Movimiento": 340.0,
        "Rango_Ataque": 175.0,
        "Vel_Ataque_base": 0.7360000014305115,
        "Vel_Ataque_ratio": 0.6380000114440918,
        "Vel_Ataque_por_nivel": 1.600000023841858,
        "Mana": 0.0,
        "Regen_Mana": 0.0
    },
    "habilidades": {
        "Q": {
            "nombre": "ZacQAbility/ZacQ",
            "cooldown": [
                14.0,
                14.0,
                12.5,
                11.0,
                9.5,
                8.0,
                8.0
            ],
            "costo_mana": [],
            "rango": [
                25000.0,
                25000.0,
                25000.0,
                25000.0,
                25000.0,
                25000.0,
                25000.0
            ],
            "daño_base": [
                30.0,
                60.0,
                90.0,
                120.0,
                150.0,
                180.0,
                210.0
            ],
            "escalado_1": 0.30000001192092896,
            "escalado_2": 0.30000001192092896,
            "parametros_extra": {
                "HealthRatio": [
                    0.029999999329447746,
                    0.029999999329447746,
                    0.029999999329447746,
                    0.029999999329447746,
                    0.029999999329447746,
                    0.029999999329447746,
                    0.029999999329447746
                ]
            }
        },
        "W": {
            "nombre": "ZacWAbility/ZacW",
            "cooldown": [
                5.0,
                5.0,
                5.0,
                5.0,
                5.0,
                5.0,
                5.0
            ],
            "costo_mana": [],
            "rango": [
                350.0,
                350.0,
                350.0,
                350.0,
                350.0,
                350.0,
                350.0
            ],
            "daño_base": [
                40.0,
                40.0,
                50.0,
                60.0,
                70.0,
                80.0,
                80.0
            ],
            "escalado_1": 0.029999999329447746,
            "escalado_2": 0.029999999329447746,
            "parametros_extra": {
                "HealthPercentTooltip": [
                    3.0,
                    4.0,
                    5.0,
                    6.0,
                    7.0,
                    8.0,
                    9.0
                ]
            }
        },
        "E": {
            "nombre": "ZacEAbility/ZacE",
            "cooldown": [
                25.0,
                22.0,
                19.0,
                16.0,
                13.0,
                10.0,
                10.0
            ],
            "costo_mana": [],
            "rango": [
                300.0,
                300.0,
                300.0,
                300.0,
                300.0,
                300.0,
                300.0
            ],
            "daño_base": [
                60.0,
                60.0,
                105.0,
                150.0,
                195.0,
                240.0,
                240.0
            ],
            "escalado_1": 0.800000011920929,
            "escalado_2": 0.0
        },
        "R": {
            "nombre": "ZacRAbility/ZacR",
            "cooldown": [
                120.0,
                120.0,
                105.0,
                90.0,
                90.0,
                90.0,
                90.0
            ],
            "costo_mana": [],
            "rango": [
                300.0,
                300.0,
                300.0,
                300.0,
                300.0,
                300.0,
                300.0
            ],
            "daño_base": [
                50.0,
                120.0,
                190.0,
                260.0,
                330.0,
                400.0,
                470.0
            ],
            "escalado_1": 0.8999999761581421,
            "escalado_2": 0.4000000059604645,
            "parametros_extra": {
                "Bounces": [
                    4.0,
                    4.0,
                    4.0,
                    4.0,
                    4.0,
                    4.0,
                    4.0
                ],
                "TimeBetweenBounces": [
                    1.0,
                    1.0,
                    1.0,
                    1.0,
                    1.0,
                    1.0,
                    1.0
                ],
                "KnockupDuration": [
                    1.0,
                    1.0,
                    1.0,
                    1.0,
                    1.0,
                    1.0,
                    1.0
                ],
                "KnockbackDistance": [
                    250.0,
                    250.0,
                    250.0,
                    250.0,
                    250.0,
                    250.0,
                    250.0
                ],
                "KnockbackRange": [
                    300.0,
                    300.0,
                    300.0,
                    300.0,
                    300.0,
                    300.0,
                    300.0
                ],
                "BeginningMS": [
                    0.20000000298023224,
                    0.20000000298023224,
                    0.20000000298023224,
                    0.20000000298023224,
                    0.20000000298023224,
                    0.20000000298023224,
                    0.20000000298023224
                ],
                "EndingMS": [
                    0.5,
                    0.5,
                    0.5,
                    0.5,
                    0.5,
                    0.5,
                    0.5
                ],
                "SlowAmount": [
                    0.20000000298023224,
                    0.20000000298023224,
                    0.20000000298023224,
                    0.20000000298023224,
                    0.20000000298023224,
                    0.20000000298023224,
                    0.20000000298023224
                ],
                "SlowDuration": [
                    1.0,
                    1.0,
                    1.0,
                    1.0,
                    1.0,
                    1.0,
                    1.0
                ]
            }
        }
    },
    "pasiva": {
        "nombre": "ZacPassiveChunkDropAbility",
        "descripcion": "game_buff_tooltip_ZacPassiveChunkDrop"
    }
}