{
    "nombre": "Zed",
    "stats_base": {
        "Vida": 654.0,
        "Vida_por_nivel": 99.0,
        "Regen_Vida": 1.399999976158142,
        "Regen_Vida_por_nivel": 0.12999999523162842,
        "Daño_Ataque": 63.0,
        "Daño_Ataque_por_nivel": 3.4000000953674316,
        "Armadura": 32.0,
        "Armadura_por_nivel": 4.699999809265137,
        "Resistencia_Magica_por_nivel": 2.049999952316284,
        "Vel_Movimiento": 345.0,
        "Rango_Ataque": 125.0,
        "Vel_Ataque_base": 0.6510000228881836,
        "Vel_Ataque_ratio": 0.6510000228881836,
        "Vel_Ataque_por_nivel": 3.299999952316284,
        "Mana": 200.0,
        "Regen_Mana": 10.0
    },
    "habilidades": {
        "Q": {
            "nombre": "ZedQAbility/ZedQ",
            "cooldown": [
                6.0,
                6.0,
                6.0,
                6.0,
                6.0,
                6.0,
                6.0
            ],
            "costo_mana": [
                75.0,
                70.0,
                65.0,
                60.0,
                55.0,
                50.0
            ],
            "rango": [
                25000.0,
                25000.0,
                25000.0,
                25000.0,
                25000.0,
                25000.0,
                25000.0
            ],
            "daño_base": [
                40.0,
                80.0,
                120.0,
                160.0,
                200.0,
                240.0,
                280.0
            ],
            "escalado_1": 1.0,
            "escalado_2": 0.0
        },
        "W": {
            "nombre": "ZedWAbility/ZedW",
            "cooldown": [
                20.0,
                20.0,
                19.0,
                18.0,
                17.0,
                16.0,
                16.0
            ],
            "costo_mana": [
                40.0,
                35.0,
                30.0,
                25.0,
                20.0,
                15.0
            ],
            "rango": [
                700.0,
                700.0,
                700.0,
                700.0,
                700.0,
                700.0,
                700.0
            ],
            "daño_base": [
                5.25,
                5.25,
                5.25,
                5.25,
                5.25,
                5.25,
                5.25
            ],
            "escalado_1": 0.8999999761581421,
            "escalado_2": 0.0,
            "parametros_extra": {
                "RecastRange": [
                    2000.0,
                    2000.0,
                    2000.0,
                    2000.0,
                    2000.0,
                    2000.0,
                    2000.0
                ],
                "MimickRange": [
                    25000.0,
                    25000.0,
                    25000.0,
                    25000.0,
                    25000.0,
                    25000.0,
                    25000.0
                ]
            }
        },
        "E": {
            "nombre": "ZedEAbility/ZedE",
            "cooldown": [
                5.0,
                5.0,
                4.5,
                4.0,
                3.5,
                3.0,
                3.0
            ],
            "costo_mana": [
                40.0,
                40.0,
                40.0,
                40.0,
                40.0,
                40.0
            ],
            "rango": [
                290.0,
                290.0,
                290.0,
                290.0,
                290.0,
                290.0,
                290.0
            ],
            "daño_base": [
                45.0,
                70.0,
                95.0,
                120.0,
                145.0,
                170.0,
                195.0
            ],
            "escalado_1": 0.800000011920929,
            "escalado_2": 0.0,
            "parametros_extra": {
                "MoveSpeedMod": [
                    -0.15000000596046448,
                    -0.20000000298023224,
                    -0.25,
                    -0.30000001192092896,
                    -0.3499999940395355,
                    -0.4000000059604645,
                    -0.44999998807907104
                ],
                "MoveSpeedModBonus": [
                    -0.22499999403953552,
                    -0.30000001192092896,
                    -0.375,
                    -0.44999998807907104,
                    -0.5249999761581421,
                    -0.6000000238418579,
                    -0.675000011920929
                ],
                "SlowDuration": [
                    1.5,
                    1.5,
                    1.5,
                    1.5,
                    1.5,
                    1.5,
                    1.5
                ],
                "ShadowHitCDR": [
                    3.0,
                    3.0,
                    3.0,
                    3.0,
                    3.0,
                    3.0,
                    3.0
                ],
                "ZedRadius": [
                    315.0,
                    315.0,
                    315.0,
                    315.0,
                    315.0,
                    315.0,
                    315.0
                ],
                "ShadowRadius": [
                    290.0,
                    290.0,
                    290.0,
                    290.0,
                    290.0,
                    290.0,
                    290.0
                ]
            }
        },
        "R": {
            "nombre": "ZedRAbility/ZedR",
            "cooldown": [
                120.0,
                120.0,
                110.0,
                100.0,
                100.0,
                100.0,
                100.0
            ],
            "costo_mana": [],
            "rango": [
                625.0,
                625.0,
                625.0,
                625.0,
                625.0,
                625.0,
                625.0
            ],
            "daño_base": [
                0.10000000149011612,
                0.25,
                0.4000000059604645,
                0.550000011920929,
                0.699999988079071,
                0.8500000238418579,
                1.0
            ],
            "escalado_1": 0.0,
            "escalado_2": 0.0,
            "parametros_extra": {
                "RReactivateCD": [
                    0.5,
                    0.5,
                    0.5,
                    0.5,
                    0.5,
                    0.5,
                    0.5
                ],
                "RShadowDurationDisplayed": [
                    7.5,
                    7.5,
                    7.5,
                    7.5,
                    7.5,
                    7.5,
                    7.5
                ],
                "RDeathMarkDuration": [
                    3.0,
                    3.0,
                    3.0,
                    3.0,
                    3.0,
                    3.0,
                    3.0
                ],
                "RCanSwapBuffDuration": [
                    7.5,
                    7.5,
                    7.5,
                    7.5,
                    7.5,
                    7.5,
                    7.5
                ],
                "RGhostedDuration": [
                    4.0,
                    4.0,
                    4.0,
                    4.0,
                    4.0,
                    4.0,
                    4.0
                ],
                "RVisionDuration": [
                    0.5,
                    0.5,
                    0.5,
                    0.5,
                    0.5,
                    0.5,
                    0.5
                ]
            }
        }
    },
    "pasiva": {
        "nombre": "ZedPassiveAbility",
        "descripcion": "game_buff_tooltip_ZedPassiveToolTip"
    }
}