{
    "nombre": "Zeri",
    "stats_base": {
        "Vida": 600.0,
        "Vida_por_nivel": 110.0,
        "Regen_Vida": 0.6499999761581421,
        "Regen_Vida_por_nivel": 0.14000000059604645,
        "Daño_Ataque": 56.0,
        "Daño_Ataque_por_nivel": 2.0,
        "Armadura": 24.0,
        "Armadura_por_nivel": 4.199999809265137,
        "Resistencia_Magica_por_nivel": 1.2999999523162842,
        "Vel_Movimiento": 330.0,
        "Rango_Ataque": 550.0,
        "Vel_Ataque_base": 0.6579999923706055,
        "Vel_Ataque_ratio": 0.625,
        "Vel_Ataque_por_nivel": 2.0,
        "Mana": 250.0,
        "Mana_por_nivel": 45.0,
        "Regen_Mana": 1.2000000476837158,
        "Regen_Mana_por_nivel": 0.1599999964237213
    },
    "habilidades": {
        "Q": {
            "nombre": "ZeriQAbility/ZeriQ",
            "cooldown": [
                0.0,
                0.0,
                0.0,
                0.0,
                0.0,
                0.0,
                0.0
            ],
            "costo_mana": [],
            "rango": [
                25000.0,
                25000.0,
                25000.0,
                25000.0,
                25000.0,
                25000.0,
                25000.0
            ],
            "daño_base": [
                18.0,
                21.0,
                24.0,
                27.0,
                30.0,
                33.0,
                36.0
            ],
            "escalado_1": 1.100000023841858,
            "escalado_2": 0.0,
            "parametros_extra": {
                "MinCooldown": [
                    0.5,
                    0.5,
                    0.5,
                    0.5,
                    0.5,
                    0.5,
                    0.5
                ],
                "AttackSpeedCap": [
                    1.5,
                    1.5,
                    1.5,
                    1.5,
                    1.5,
                    1.5,
                    1.5
                ],
                "ExcessAttackSpeedToADMult": [
                    0.5,
                    0.5,
                    0.5,
                    0.5,
                    0.5,
                    0.5,
                    0.5
                ],
                "NumberOfMissiles": [
                    7.0,
                    7.0,
                    7.0,
                    7.0,
                    7.0,
                    7.0,
                    7.0
                ],
                "EnergizedMissiles": [
                    3.0,
                    3.0,
                    3.0,
                    3.0,
                    3.0,
                    3.0,
                    3.0
                ],
                "SlowDuration": [
                    0.25,
                    0.25,
                    0.25,
                    0.25,
                    0.25,
                    0.25,
                    0.25
                ],
                "SlowPercent": [
                    0.9900000095367432,
                    0.9900000095367432,
                    0.9900000095367432,
                    0.9900000095367432,
                    0.9900000095367432,
                    0.9900000095367432,
                    0.9900000095367432
                ],
                "MaxPercentHealthToMonsters": [
                    300.0,
                    300.0,
                    300.0,
                    300.0,
                    300.0,
                    300.0,
                    300.0
                ],
                "ChargePerAttack": [
                    10.0,
                    10.0,
                    10.0,
                    10.0,
                    10.0,
                    10.0,
                    10.0
                ],
                "ChargeDistanceMultiplier": [
                    0.02500000037252903,
                    0.02500000037252903,
                    0.02500000037252903,
                    0.02500000037252903,
                    0.02500000037252903,
                    0.02500000037252903,
                    0.02500000037252903
                ]
            }
        },
        "W": {
            "nombre": "ZeriWAbility/ZeriW",
            "cooldown": [
                12.0,
                12.0,
                11.0,
                10.0,
                9.0,
                8.0,
                8.0
            ],
            "costo_mana": [
                50.0,
                60.0,
                70.0,
                80.0,
                90.0,
                100.0
            ],
            "rango": [
                1200.0,
                1200.0,
                1200.0,
                1200.0,
                1200.0,
                1200.0,
                1200.0
            ],
            "daño_base": [
                -10.0,
                30.0,
                70.0,
                110.0,
                150.0,
                190.0,
                230.0
            ],
            "escalado_1": 1.399999976158142,
            "escalado_2": 0.0,
            "parametros_extra": {
                "CriticalEffectiveness": [
                    0.5,
                    0.5,
                    0.5,
                    0.5,
                    0.5,
                    0.5,
                    0.5
                ],
                "SlowPercent": [
                    0.25,
                    0.30000001192092896,
                    0.3499999940395355,
                    0.4000000059604645,
                    0.44999998807907104,
                    0.5,
                    0.550000011920929
                ],
                "SlowDuration": [
                    2.0,
                    2.0,
                    2.0,
                    2.0,
                    2.0,
                    2.0,
                    2.0
                ],
                "WallBeamRange": [
                    1500.0,
                    1500.0,
                    1500.0,
                    1500.0,
                    1500.0,
                    1500.0,
                    1500.0
                ],
                "BeamWidth": [
                    200.0,
                    200.0,
                    200.0,
                    200.0,
                    200.0,
                    200.0,
                    200.0
                ],
                "BeamCastTime": [
                    0.8500000238418579,
                    0.8500000238418579,
                    0.8500000238418579,
                    0.8500000238418579,
                    0.8500000238418579,
                    0.8500000238418579,
                    0.8500000238418579
                ],
                "MinCastTime": [
                    0.30000001192092896,
                    0.30000001192092896,
                    0.30000001192092896,
                    0.30000001192092896,
                    0.30000001192092896,
                    0.30000001192092896,
                    0.30000001192092896
                ],
                "ASpeedCastTimeScalarPerHundrethSecond": [
                    0.09000000357627869,
                    0.09000000357627869,
                    0.09000000357627869,
                    0.09000000357627869,
                    0.09000000357627869,
                    0.09000000357627869,
                    0.09000000357627869
                ],
                "BaseCastTime": [
                    0.550000011920929,
                    0.550000011920929,
                    0.550000011920929,
                    0.550000011920929,
                    0.550000011920929,
                    0.550000011920929,
                    0.550000011920929
                ]
            }
        },
        "E": {
            "nombre": "ZeriEAbility/ZeriE",
            "cooldown": [
                24.0,
                24.0,
                22.5,
                21.0,
                19.5,
                18.0,
                18.0
            ],