{
    "nombre": "Ziggs",
    "stats_base": {
        "Vida": 606.0,
        "Vida_por_nivel": 106.0,
        "Regen_Vida": 1.2999999523162842,
        "Regen_Vida_por_nivel": 0.11999999731779099,
        "Daño_Ataque": 55.0,
        "Daño_Ataque_por_nivel": 3.0999999046325684,
        "Armadura": 21.0,
        "Armadura_por_nivel": 4.699999809265137,
        "Resistencia_Magica_por_nivel": 1.2999999523162842,
        "Vel_Movimiento": 325.0,
        "Rango_Ataque": 550.0,
        "Vel_Ataque_base": 0.656000018119812,
        "Vel_Ataque_ratio": 0.656000018119812,
        "Vel_Ataque_por_nivel": 2.0,
        "Mana": 480.0,
        "Mana_por_nivel": 23.5,
        "Regen_Mana": 1.600000023841858,
        "Regen_Mana_por_nivel": 0.1599999964237213
    },
    "habilidades": {
        "Q": {
            "nombre": "ZiggsQAbility/ZiggsQ",
            "cooldown": [
                6.5,
                6.0,
                5.5,
                5.0,
                4.5,
                4.0,
                4.0
            ],
            "costo_mana": [
                50.0,
                55.0,
                60.0,
                65.0,
                70.0,
                75.0
            ],
            "rango": [
                10000.0,
                10000.0,
                10000.0,
                10000.0,
                10000.0,
                10000.0,
                10000.0
            ],
            "daño_base": [
                30.0,
                80.0,
                130.0,
                180.0,
                230.0,
                280.0,
                330.0
            ],
            "escalado_1": 0.6499999761581421,
            "escalado_2": 0.6000000238418579,
            "parametros_extra": {
                "MaxRange": [
                    850.0,
                    850.0,
                    850.0,
                    850.0,
                    850.0,
                    850.0,
                    850.0
                ],
                "MaxRangeFirstBounce": [
                    325.0,
                    325.0,
                    325.0,
                    325.0,
                    325.0,
                    325.0,
                    325.0
                ],
                "MaxRangeSecondBounce": [
                    225.0,
                    225.0,
                    225.0,
                    225.0,
                    225.0,
                    225.0,
                    225.0
                ]
            }
        },
        "W": {
            "nombre": "ZiggsWAbility/ZiggsW",
            "cooldown": [
                20.0,
                20.0,
                18.0,
                16.0,
                14.0,
                12.0,
                12.0
            ],
            "costo_mana": [
                80.0,
                80.0,
                80.0,
                80.0,
                80.0,
                80.0
            ],
            "rango": [
                1000.0,
                1000.0,
                1000.0,
                1000.0,
                1000.0,
                1000.0,
                1000.0
            ],
            "daño_base": [
                0.0,
                70.0,
                105.0,
                140.0,
                175.0,
                210.0,
                245.0
            ],
            "escalado_1": 0.5,
            "escalado_2": 0.0,
            "parametros_extra": {
                "BombDuration": [
                    4.0,
                    4.0,
                    4.0,
                    4.0,
                    4.0,
                    4.0,
                    4.0
                ],
                "TurretDestroyPercent": [
                    0.22499999403953552,
                    0.25,
                    0.2750000059604645,
                    0.30000001192092896,
                    0.32499998807907104,
                    0.3499999940395355,
                    0.375
                ],
                "KnockbackSpeed": [
                    600.0,
                    600.0,
                    600.0,
                    600.0,
                    600.0,
                    600.0,
                    600.0
                ],
                "KnockbackGravity": [
                    50.0,
                    50.0,
                    50.0,
                    50.0,
                    50.0,
                    50.0,
                    50.0
                ],
                "KnockbackDistance": [
                    500.0,
                    500.0,
                    500.0,
                    500.0,
                    500.0,
                    500.0,
                    500.0
                ],
                "ExplosionRadius": [
                    325.0,
                    325.0,
                    325.0,
                    325.0,
                    325.0,
                    325.0,
                    325.0
                ],
                "KnockbackDistanceAlly": [
                    775.0,
                    775.0,
                    775.0,
                    775.0,
                    775.0,
                    775.0,
                    775.0
                ],
                "PerceptionBubbleRadius": [
                    400.0,
                    400.0,
                    400.0,
                    400.0,
                    400.0,
                    400.0,
                    400.0
                ],
                "PerceptionBubbleDuration": [
                    6.0,
                    6.0,
                    6.0,
                    6.0,
                    6.0,
                    6.0,
                    6.0
                ],
                "CherryBonusHaste": [
                    30.0,
                    30.0,
                    30.0,
                    30.0,
                    30.0,
                    30.0,
                    30.0
                ]
            }
        },
        "E": {
            "nombre": "ZiggsEAbility/ZiggsE",
            "cooldown": [
                16.0,
                16.0,
                16.0,
                16.0,
                16.0,
                16.0,
                16.0
            ],
            "costo_mana": [
                70.0,
                80.0,
                90.0,
                100.0,
                110.0,
                120.0
            ],
            "rango": [
                900.0,
                900.0,
                900.0,
                900.0,
                900.0,
                900.0,
                900.0
            ],
            "daño_base": [
                -10.0,
                30.0,
                70.0,
                110.0,
                150.0,
                190.0,
                230.0
            ],
            "escalado_1": 0.30000001192092896,
            "escalado_2": 0.6000000238418579,
            "parametros_extra": {
                "Slow": [
                    -0.0,
                    -0.10000000149011612,
                    -0.20000000298023224,
                    -0.30000001192092896,
                    -0.4000000059604645,
                    -0.5,
                    -0.6000000238418579
                ],
                "MineDuration": [
                    10.0,
                    10.0,
                    10.0,
                    10.0,
                    10.0,
                    10.0,
                    10.0
                ]
            }
        },
        "R": {
            "nombre": "ZiggsRAbility/ZiggsR",
            "cooldown": [
                120.0,
                120.0,
                95.0,
                70.0,
                70.0,
                70.0,
                70.0
            ],
            "costo_mana": [
                100.0,
                100.0,
                100.0,
                0.0,
                0.0,
                0.0
            ],