{
    "nombre": "Zilean",
    "stats_base": {
        "Vida": 574.0,
        "Vida_por_nivel": 96.0,
        "Regen_Vida": 1.100000023841858,
        "Regen_Vida_por_nivel": 0.10000000149011612,
        "Daño_Ataque": 52.0,
        "Daño_Ataque_por_nivel": 3.0,
        "Armadura": 24.0,
        "Armadura_por_nivel": 5.0,
        "Resistencia_Magica_por_nivel": 1.2999999523162842,
        "Vel_Movimiento": 335.0,
        "Rango_Ataque": 550.0,
        "Vel_Ataque_base": 0.6579999923706055,
        "Vel_Ataque_ratio": 0.625,
        "Vel_Ataque_por_nivel": 2.130000114440918,
        "Mana": 452.0,
        "Mana_por_nivel": 50.0,
        "Regen_Mana": 2.2699999809265137,
        "Regen_Mana_por_nivel": 0.1599999964237213
    },
    "habilidades": {
        "Q": {
            "nombre": "ZileanQAbility/ZileanQ",
            "cooldown": [
                10.5,
                10.0,
                9.5,
                9.0,
                8.5,
                8.0,
                8.0
            ],
            "costo_mana": [
                60.0,
                65.0,
                70.0,
                75.0,
                80.0,
                85.0
            ],
            "rango": [
                900.0,
                900.0,
                900.0,
                900.0,
                900.0,
                900.0,
                900.0
            ],
            "daño_base": [
                30.0,
                75.0,
                115.0,
                165.0,
                230.0,
                300.0,
                380.0
            ],
            "escalado_1": 0.8999999761581421,
            "escalado_2": 0.8999999761581421,
            "parametros_extra": {
                "StunDuration": [
                    1.0,
                    1.100000023841858,
                    1.2000000476837158,
                    1.2999999523162842,
                    1.399999976158142,
                    1.5,
                    1.600000023841858
                ],
                "FuseDuration": [
                    3.0,
                    3.0,
                    3.0,
                    3.0,
                    3.0,
                    3.0,
                    3.0
                ]
            }
        },
        "W": {
            "nombre": "ZileanWAbility/ZileanW",
            "cooldown": [
                16.0,
                14.0,
                12.0,
                10.0,
                8.0,
                6.0,
                6.0
            ],
            "costo_mana": [
                35.0,
                35.0,
                35.0,
                35.0,
                35.0,
                35.0
            ],
            "rango": [
                600.0,
                600.0,
                600.0,
                600.0,
                600.0,
                600.0,
                600.0
            ],
            "daño_base": [
                10.0,
                20.0,
                30.0,
                40.0,
                50.0,
                60.0,
                70.0
            ],
            "escalado_1": 1.0,
            "escalado_2": 0.0,
            "parametros_extra": {
                "CooldownReduction": [
                    10.0,
                    10.0,
                    10.0,
                    10.0,
                    10.0,
                    10.0,
                    10.0
                ],
                "ManaCost": [
                    35.0,
                    35.0,
                    35.0,
                    35.0,
                    35.0,
                    35.0,
                    35.0
                ]
            }
        },
        "E": {
            "nombre": "TimeWarpAbility/TimeWarp",
            "cooldown": [
                15.0,
                15.0,
                15.0,
                15.0,
                15.0,
                15.0,
                15.0
            ],
            "costo_mana": [
                50.0,
                50.0,
                50.0,
                50.0,
                50.0,
                50.0
            ],
            "rango": [
                550.0,
                550.0,
                550.0,
                550.0,
                550.0,
                550.0,
                550.0
            ],
            "daño_base": [
                2.5,
                2.5,
                2.5,
                2.5,
                2.5,
                2.5,
                2.5
            ],
            "escalado_1": 1.0,
            "escalado_2": 0.0,
            "parametros_extra": {
                "Duration": [
                    2.5,
                    2.5,
                    2.5,
                    2.5,
                    2.5,
                    2.5,
                    2.5
                ],
                "SpeedAmount": [
                    25.0,
                    40.0,
                    55.0,
                    70.0,
                    85.0,
                    99.0,
                    114.0
                ]
            }
        },
        "R": {
            "nombre": "ChronoShiftAbility/ChronoShift",
            "cooldown": [
                10.0,
                120.0,
                90.0,
                60.0,
                0.0,
                0.0,
                10.0
            ],
            "costo_mana": [
                125.0,
                150.0,
                175.0,
                0.0,
                0.0,
                0.0
            ],
            "rango": [
                900.0,
                900.0,
                900.0,
                900.0,
                900.0,
                900.0,
                900.0
            ],
            "daño_base": [],
            "escalado_1": 2.0,
            "escalado_2": 2.0,
            "parametros_extra": {
                "RBaseHeal": [
                    350.0,
                    600.0,
                    850.0,
                    1100.0,
                    1350.0,
                    1600.0,
                    1850.0
                ],
                "RDuration": [
                    5.0,
                    5.0,
                    5.0,
                    5.0,
                    5.0,
                    5.0,
                    5.0
                ],
                "ReviveStateDuration": [
                    3.0,
                    3.0,
                    3.0,
                    3.0,
                    3.0,
                    3.0,
                    3.0
                ]
            }
        }
    },
    "pasiva": {
        "nombre": "HeightenedLearningAbility",
        "descripcion": ""
    }
}