{
    "nombre": "Zyra",
    "stats_base": {
        "Vida": 574.0,
        "Vida_por_nivel": 93.0,
        "Regen_Vida": 1.100000023841858,
        "Regen_Vida_por_nivel": 0.10000000149011612,
        "Daño_Ataque": 53.0,
        "Daño_Ataque_por_nivel": 3.200000047683716,
        "Armadura": 29.0,
        "Armadura_por_nivel": 4.199999809265137,
        "Resistencia_Magica_por_nivel": 1.2999999523162842,
        "Vel_Movimiento": 340.0,
        "Rango_Ataque": 575.0,
        "Vel_Ataque_base": 0.6809999942779541,
        "Vel_Ataque_ratio": 0.625,
        "Vel_Ataque_por_nivel": 2.109999895095825,
        "Mana": 418.0,
        "Mana_por_nivel": 25.0,
        "Regen_Mana": 1.399999976158142,
        "Regen_Mana_por_nivel": 0.1599999964237213
    },
    "habilidades": {
        "Q": {
            "nombre": "ZyraQAbility/ZyraQ",
            "cooldown": [
                7.5,
                7.0,
                6.5,
                6.0,
                5.5,
                5.0,
                5.0
            ],
            "costo_mana": [
                55.0,
                55.0,
                55.0,
                55.0,
                55.0,
                55.0
            ],
            "rango": [
                800.0,
                800.0,
                800.0,
                800.0,
                800.0,
                800.0,
                800.0
            ],
            "daño_base": [
                60.0,
                60.0,
                100.0,
                140.0,
                180.0,
                220.0,
                260.0
            ],
            "escalado_1": 0.6499999761581421,
            "escalado_2": 0.18000000715255737
        },
        "W": {
            "nombre": "ZyraWAbility/ZyraW",
            "cooldown": [
                0.0,
                0.0,
                0.0,
                0.0,
                0.0,
                0.0,
                0.0
            ],
            "costo_mana": [],
            "rango": [
                850.0,
                850.0,
                850.0,
                850.0,
                850.0,
                850.0,
                850.0
            ],
            "daño_base": [
                0.3499999940395355,
                0.3499999940395355,
                0.3499999940395355,
                0.3499999940395355,
                0.3499999940395355,
                0.3499999940395355,
                0.3499999940395355
            ],
            "escalado_1": 0.25,
            "escalado_2": 0.0
        },
        "E": {
            "nombre": "ZyraEAbility/ZyraE",
            "cooldown": [
                11.0,
                11.0,
                11.0,
                11.0,
                11.0,
                11.0,
                11.0
            ],
            "costo_mana": [
                70.0,
                75.0,
                80.0,
                85.0,
                90.0,
                95.0
            ],
            "rango": [
                1150.0,
                1150.0,
                1150.0,
                1150.0,
                1150.0,
                1150.0,
                1150.0
            ],
            "daño_base": [
                60.0,
                60.0,
                95.0,
                130.0,
                165.0,
                200.0,
                235.0
            ],
            "escalado_1": 0.6000000238418579,
            "escalado_2": 0.18000000715255737,
            "parametros_extra": {
                "MaxSlowStacks": [
                    2.0,
                    2.0,
                    2.0,
                    2.0,
                    2.0,
                    2.0,
                    2.0
                ],
                "PheromoneDuration": [
                    4.0,
                    4.0,
                    4.0,
                    4.0,
                    4.0,
                    4.0,
                    4.0
                ],
                "RootDuration": [
                    0.75,
                    1.0,
                    1.25,
                    1.5,
                    1.75,
                    2.0,
                    2.25
                ]
            }
        },
        "R": {
            "nombre": "ZyraRAbility/ZyraR",
            "cooldown": [
                110.0,
                110.0,
                100.0,
                90.0,
                90.0,
                90.0,
                90.0
            ],
            "costo_mana": [
                100.0,
                100.0,
                100.0,
                100.0,
                100.0,
                100.0
            ],
            "rango": [
                700.0,
                700.0,
                700.0,
                700.0,
                700.0,
                700.0,
                700.0
            ],
            "daño_base": [
                1.0,
                1.0,
                1.0,
                1.0,
                1.0,
                1.0,
                1.0
            ],
            "escalado_1": 0.699999988079071,
            "escalado_2": 0.0
        }
    },
    "pasiva": {
        "nombre": "ZyraPAbility",
        "descripcion": ""
    }
}